LATITUDE,LONGITUDE,YEAR,OND_SUM
8.5,77.0,1901,604.1707691699266
8.5,77.0,1902,710.4129376336932
8.5,77.0,1903,420.6024982780218
8.5,77.0,1904,338.6563086360693
8.5,77.0,1905,538.4518403410912
8.5,77.0,1906,806.7887512147427
8.5,77.0,1907,618.4747741520405
8.5,77.0,1908,459.25350522994995
8.5,77.0,1909,378.16394428908825
8.5,77.0,1910,582.9873147904873
8.5,77.0,1911,633.4448462873697
8.5,77.0,1912,811.0051464661956
8.5,77.0,1913,791.8738923668861
8.5,77.0,1914,670.936913639307
8.5,77.0,1915,459.3532297462225
8.5,77.0,1916,399.54859810322523
8.5,77.0,1917,511.31171199679375
8.5,77.0,1918,666.3465869575739
8.5,77.0,1919,537.7862984836102
8.5,77.0,1920,872.1183065697551
8.5,77.0,1921,684.8802378624678
8.5,77.0,1922,813.9616388082504
8.5,77.0,1923,616.6700870096684
8.5,77.0,1924,592.5845540910959
8.5,77.0,1925,1015.9843434095383
8.5,77.0,1926,309.1673796325922
8.5,77.0,1927,345.7769692540169
8.5,77.0,1928,703.1379799842834
8.5,77.0,1929,571.4771460294724
8.5,77.0,1930,728.8561193943024
8.5,77.0,1931,582.0161856710911
8.5,77.0,1932,924.7466128095984
8.5,77.0,1933,636.5878230631351
8.5,77.0,1934,407.73927833139896
8.5,77.0,1935,850.4512990564108
8.5,77.0,1936,561.8805565834045
8.5,77.0,1937,600.9578680172563
8.5,77.0,1938,227.89167326688766
8.5,77.0,1939,832.669984139502
8.5,77.0,1940,848.3135930746794
8.5,77.0,1941,538.4059830009937
8.5,77.0,1942,683.1723848283291
8.5,77.0,1943,949.3430179581046
8.5,77.0,1944,828.5981999635696
8.5,77.0,1945,906.0729395747185
8.5,77.0,1946,1008.1936880499125
8.5,77.0,1947,245.7779686897993
8.5,77.0,1948,524.4822610095143
8.5,77.0,1949,197.51680046319962
8.5,77.0,1950,331.189052850008
8.5,77.0,1951,579.3181143701077
8.5,77.0,1952,507.4079111814499
8.5,77.0,1953,625.2526741921902
8.5,77.0,1954,634.7061283290386
8.5,77.0,1955,595.0129571855068
8.5,77.0,1956,374.12726294994354
8.5,77.0,1957,531.6514413207769
8.5,77.0,1958,362.21853537112474
8.5,77.0,1959,441.89266207814217
8.5,77.0,1960,693.0135895907879
8.5,77.0,1961,287.2693182229996
8.5,77.0,1962,557.3186771869659
8.5,77.0,1963,448.36539247632027
8.5,77.0,1964,593.686739243567
8.5,77.0,1965,812.8185738325119
8.5,77.0,1966,582.7037380039692
8.5,77.0,1967,326.1110384464264
8.5,77.0,1968,378.6138426363468
8.5,77.0,1969,610.3094683885574
8.5,77.0,1970,763.4299248605967
8.5,77.0,1971,382.9723542034626
8.5,77.0,1972,824.6277786493301
8.5,77.0,1973,660.1908737123013
8.5,77.0,1974,246.13073086738586
8.5,77.0,1975,634.8304916769266
8.5,77.0,1976,905.5872181653976
8.5,77.0,1977,983.3116188943386
8.5,77.0,1978,981.7152204364538
8.5,77.0,1979,790.2343689501286
8.5,77.0,1980,638.665674880147
8.5,77.0,1981,766.0533925592899
8.5,77.0,1982,568.0529045015574
8.5,77.0,1983,623.081142604351
8.5,77.0,1984,494.7211447954178
8.5,77.0,1985,507.3773170411587
8.5,77.0,1986,308.87362164258957
8.5,77.0,1987,628.6045543700457
8.5,77.0,1988,295.6270629167557
8.5,77.0,1989,579.7180224061012
8.5,77.0,1990,765.0154713690281
8.5,77.0,1991,489.8952149450779
8.5,77.0,1992,940.978957131505
8.5,77.0,1993,1004.2075256109238
8.5,77.0,1994,678.0209719240665
8.5,77.0,1995,471.3263749182224
8.5,77.0,1996,469.1206539720297
8.5,77.0,1997,510.27537736296654
8.5,77.0,1998,1025.595240175724
8.5,77.0,1999,420.7587530761957
8.5,77.0,2000,221.4460032582283
8.5,77.0,2001,288.61009404808283
8.5,77.0,2002,288.3125204965472
8.5,77.0,2003,329.34917563199997
8.5,77.0,2004,408.4576486349106
8.5,77.0,2005,654.4581420868635
8.5,77.0,2006,842.2739487886429
8.5,77.0,2007,659.2740170508623
8.5,77.0,2008,693.9581143409014
8.5,77.0,2009,547.5886237025261
8.5,77.0,2010,1117.3845434486866
8.5,77.0,2011,528.013367690146
8.5,77.0,2012,355.96671994030476
8.5,77.0,2013,494.33181127905846
8.5,77.0,2014,523.0415401682258
8.5,77.0,2015,835.8698036894202
8.5,77.0,2016,192.2130975574255
8.5,77.0,2017,669.5211763381958
8.5,77.0,2018,502.707906216383
8.5,77.0,2019,512.9096437841654
8.5,77.0,2020,242.51753064990044
8.5,77.0,2021,1174.567859120667
8.5,77.0,2022,817.6293458193541
8.5,77.0,2023,1074.6086372211576
8.5,77.25,1901,381.1056722253561
8.5,77.25,1902,826.8916547298431
8.5,77.25,1903,377.0457952171564
8.5,77.25,1904,263.9540312588215
8.5,77.25,1905,511.8145521581173
8.5,77.25,1906,658.3079154640436
8.5,77.25,1907,495.98954206705093
8.5,77.25,1908,275.5377068668604
8.5,77.25,1909,339.4893404841423
8.5,77.25,1910,379.8708685040474
8.5,77.25,1911,590.510449141264
8.5,77.25,1912,680.6238979250193
8.5,77.25,1913,672.7452692389488
8.5,77.25,1914,1057.8979855179787
8.5,77.25,1915,563.8022623509169
8.5,77.25,1916,624.2544712275267
8.5,77.25,1917,560.7651337683201
8.5,77.25,1918,778.4619001895189
8.5,77.25,1919,529.373474240303
8.5,77.25,1920,815.1619606465101
8.5,77.25,1921,655.2063104063272
8.5,77.25,1922,828.8081614673138
8.5,77.25,1923,624.3901763856411
8.5,77.25,1924,665.2633190155029
8.5,77.25,1925,1019.8118735700846
8.5,77.25,1926,319.7425766736269
8.5,77.25,1927,378.2524809092283
8.5,77.25,1928,681.4706460386515
8.5,77.25,1929,712.7968882024288
8.5,77.25,1930,998.1824111044407
8.5,77.25,1931,648.5565186440945
8.5,77.25,1932,971.9767211377621
8.5,77.25,1933,571.2650698125362
8.5,77.25,1934,483.25200195610523
8.5,77.25,1935,731.0117384791374
8.5,77.25,1936,597.9375694841146
8.5,77.25,1937,638.4900541752577
8.5,77.25,1938,275.0943062156439
8.5,77.25,1939,847.5566857606173
8.5,77.25,1940,805.4850123822689
8.5,77.25,1941,720.0579745769501
8.5,77.25,1942,836.490207016468
8.5,77.25,1943,879.2041376382113
8.5,77.25,1944,918.1591322422028
8.5,77.25,1945,791.3077121376991
8.5,77.25,1946,829.5940498560667
8.5,77.25,1947,198.44627285003662
8.5,77.25,1948,658.1717113852501
8.5,77.25,1949,104.49479520320892
8.5,77.25,1950,362.4484107643366
8.5,77.25,1951,664.2877563536167
8.5,77.25,1952,627.4248110800982
8.5,77.25,1953,587.591736137867
8.5,77.25,1954,480.9868520498276
8.5,77.25,1955,562.7910189330578
8.5,77.25,1956,367.1315272003412
8.5,77.25,1957,935.5765905529261
8.5,77.25,1958,274.9712323099375
8.5,77.25,1959,455.3666787445545
8.5,77.25,1960,912.2862115800381
8.5,77.25,1961,466.8759712278843
8.5,77.25,1962,399.4848101437092
8.5,77.25,1963,796.5088074654341
8.5,77.25,1964,775.6219746470451
8.5,77.25,1965,1099.8739639222622
8.5,77.25,1966,694.0222741216421
8.5,77.25,1967,697.854116089642
8.5,77.25,1968,659.0334500223398
8.5,77.25,1969,868.9645770192146
8.5,77.25,1970,824.0922007262707
8.5,77.25,1971,889.3129992187023
8.5,77.25,1972,858.4701237678528
8.5,77.25,1973,582.27367387712
8.5,77.25,1974,401.29142171144485
8.5,77.25,1975,689.956938162446
8.5,77.25,1976,856.7729407697916
8.5,77.25,1977,1510.6372907608747
8.5,77.25,1978,1016.0692745447159
8.5,77.25,1979,974.3504178076982
8.5,77.25,1980,771.0343897938728
8.5,77.25,1981,626.8965978771448
8.5,77.25,1982,424.02530589699745
8.5,77.25,1983,563.5745775103569
8.5,77.25,1984,471.90219686180353
8.5,77.25,1985,427.9170061349869
8.5,77.25,1986,364.3586211502552
8.5,77.25,1987,910.8955709636211
8.5,77.25,1988,466.6382591277361
8.5,77.25,1989,401.45997799932957
8.5,77.25,1990,740.444812566042
8.5,77.25,1991,557.1874974668026
8.5,77.25,1992,882.950177744031
8.5,77.25,1993,1173.722637027502
8.5,77.25,1994,651.4327898919582
8.5,77.25,1995,457.10533487796783
8.5,77.25,1996,938.8891694545746
8.5,77.25,1997,728.9313212633133
8.5,77.25,1998,984.9138455688953
8.5,77.25,1999,626.5942174345255
8.5,77.25,2000,439.67101323604584
8.5,77.25,2001,434.2910443916917
8.5,77.25,2002,737.6023234575987
8.5,77.25,2003,500.50011494755745
8.5,77.25,2004,444.6168200224638
8.5,77.25,2005,482.9129796177149
8.5,77.25,2006,979.8724834918976
8.5,77.25,2007,638.0604843497276
8.5,77.25,2008,667.3192701935768
8.5,77.25,2009,525.2388693541288
8.5,77.25,2010,955.7041162252426
8.5,77.25,2011,534.8614069893956
8.5,77.25,2012,356.8423756211996
8.5,77.25,2013,397.29144433140755
8.5,77.25,2014,842.1434313803911
8.5,77.25,2015,975.9462454020977
8.5,77.25,2016,239.03984870016575
8.5,77.25,2017,893.8446578085423
8.5,77.25,2018,783.994095467031
8.5,77.25,2019,785.6559178829193
8.5,77.25,2020,409.71362894773483
8.5,77.25,2021,1080.7680723071098
8.5,77.25,2022,680.1897810027003
8.5,77.25,2023,1091.8515164591372
8.75,76.75,1901,676.9671388491988
8.75,76.75,1902,717.9034623652697
8.75,76.75,1903,561.6804757863283
8.75,76.75,1904,514.3217475116253
8.75,76.75,1905,432.9541439116001
8.75,76.75,1906,677.2984068915248
8.75,76.75,1907,698.1659759283066
8.75,76.75,1908,524.6486338973045
8.75,76.75,1909,336.7588805258274
8.75,76.75,1910,776.9862781763077
8.75,76.75,1911,606.6567291170359
8.75,76.75,1912,767.8056132271886
8.75,76.75,1913,671.4123575761914
8.75,76.75,1914,602.6587042063475
8.75,76.75,1915,423.51751129329205
8.75,76.75,1916,466.52416913956404
8.75,76.75,1917,426.8664397597313
8.75,76.75,1918,508.2632064819336
8.75,76.75,1919,686.6596939712763
8.75,76.75,1920,718.5076903253794
8.75,76.75,1921,563.202527448535
8.75,76.75,1922,787.2217135056853
8.75,76.75,1923,365.71711702644825
8.75,76.75,1924,459.43658551573753
8.75,76.75,1925,784.5993883833289
8.75,76.75,1926,339.92518066614866
8.75,76.75,1927,233.56465330719948
8.75,76.75,1928,639.6324163675308
8.75,76.75,1929,591.1978760659695
8.75,76.75,1930,660.2104086577892
8.75,76.75,1931,567.1146261394024
8.75,76.75,1932,963.0251661390066
8.75,76.75,1933,513.7624760717154
8.75,76.75,1934,315.74141112715006
8.75,76.75,1935,678.6671635508537
8.75,76.75,1936,484.8266464918852
8.75,76.75,1937,410.07835268974304
8.75,76.75,1938,265.2539658769965
8.75,76.75,1939,802.722619086504
8.75,76.75,1940,707.4686023294926
8.75,76.75,1941,477.4417543038726
8.75,76.75,1942,609.7863226011395
8.75,76.75,1943,886.5038391053677
8.75,76.75,1944,834.7080218195915
8.75,76.75,1945,971.79252409935
8.75,76.75,1946,979.663805052638
8.75,76.75,1947,311.53129337728024
8.75,76.75,1948,685.047163054347
8.75,76.75,1949,299.6793792247772
8.75,76.75,1950,502.12409484386444
8.75,76.75,1951,570.4165063649416
8.75,76.75,1952,601.8582901209593
8.75,76.75,1953,662.8290360420942
8.75,76.75,1954,475.4000172019005
8.75,76.75,1955,729.9798597469926
8.75,76.75,1956,624.5154172182083
8.75,76.75,1957,575.5713393241167
8.75,76.75,1958,443.7217837572098
8.75,76.75,1959,428.8044466227293
8.75,76.75,1960,993.8873652070761
8.75,76.75,1961,358.82943469285965
8.75,76.75,1962,532.9154675751925
8.75,76.75,1963,529.2544880509377
8.75,76.75,1964,652.2455527335405
8.75,76.75,1965,767.4144174158573
8.75,76.75,1966,815.2779280245304
8.75,76.75,1967,354.0495212674141
8.75,76.75,1968,758.1035031974316
8.75,76.75,1969,433.7026748135686
8.75,76.75,1970,612.1999745666981
8.75,76.75,1971,350.51310140639544
8.75,76.75,1972,740.9610811024904
8.75,76.75,1973,519.5744979083538
8.75,76.75,1974,182.00159206986427
8.75,76.75,1975,768.9804482758045
8.75,76.75,1976,515.9212418496609
8.75,76.75,1977,822.3198794126511
8.75,76.75,1978,738.920891739428
8.75,76.75,1979,366.8495730906725
8.75,76.75,1980,277.85250559449196
8.75,76.75,1981,146.41261319071054
8.75,76.75,1982,170.34135401248932
8.75,76.75,1983,131.56944926828146
8.75,76.75,1984,222.49342127889395
8.75,76.75,1985,135.4578004181385
8.75,76.75,1986,198.48829044401646
8.75,76.75,1987,216.21127841621637
8.75,76.75,1988,269.3584802299738
8.75,76.75,1989,408.15817523002625
8.75,76.75,1990,591.3329704403877
8.75,76.75,1991,651.5870844721794
8.75,76.75,1992,1174.025223761797
8.75,76.75,1993,1049.1477428302169
8.75,76.75,1994,843.2688818275928
8.75,76.75,1995,528.5238747298717
8.75,76.75,1996,729.7033673226833
8.75,76.75,1997,717.8850908875465
8.75,76.75,1998,961.8783622384071
8.75,76.75,1999,699.8006092905998
8.75,76.75,2000,405.6134971678257
8.75,76.75,2001,612.8902809694409
8.75,76.75,2002,989.6968280822039
8.75,76.75,2003,634.404955662787
8.75,76.75,2004,407.9433464407921
8.75,76.75,2005,630.44176889956
8.75,76.75,2006,898.8610083162785
8.75,76.75,2007,650.1848435401917
8.75,76.75,2008,522.4919323921204
8.75,76.75,2009,488.81278172135353
8.75,76.75,2010,1018.4836552739143
8.75,76.75,2011,533.507197022438
8.75,76.75,2012,354.0766390860081
8.75,76.75,2013,519.3609472513199
8.75,76.75,2014,500.8071096241474
8.75,76.75,2015,707.1073731184006
8.75,76.75,2016,260.38003969192505
8.75,76.75,2017,773.7404230907559
8.75,76.75,2018,422.1958010792732
8.75,76.75,2019,581.4566549360752
8.75,76.75,2020,375.28100817650557
8.75,76.75,2021,1207.6734084263444
8.75,76.75,2022,524.3329153805971
8.75,76.75,2023,824.6609114091843
8.75,77.0,1901,450.02777947485447
8.75,77.0,1902,861.16049708426
8.75,77.0,1903,498.5451090782881
8.75,77.0,1904,411.1398261785507
8.75,77.0,1905,581.746628344059
8.75,77.0,1906,928.2149329483509
8.75,77.0,1907,706.1905477941036
8.75,77.0,1908,343.01346434652805
8.75,77.0,1909,353.01827374100685
8.75,77.0,1910,682.9018107652664
8.75,77.0,1911,724.8151441216469
8.75,77.0,1912,851.2022260725498
8.75,77.0,1913,797.4598633497953
8.75,77.0,1914,1081.220070168376
8.75,77.0,1915,525.184007704258
8.75,77.0,1916,458.89737036824226
8.75,77.0,1917,500.0811212360859
8.75,77.0,1918,595.120228767395
8.75,77.0,1919,517.2738891243935
8.75,77.0,1920,728.8585048019886
8.75,77.0,1921,615.2584024071693
8.75,77.0,1922,857.093485802412
8.75,77.0,1923,758.4599509686232
8.75,77.0,1924,566.1662161946297
8.75,77.0,1925,987.607310667634
8.75,77.0,1926,434.6561854183674
8.75,77.0,1927,455.4930331259966
8.75,77.0,1928,722.1149682104588
8.75,77.0,1929,780.7563710957766
8.75,77.0,1930,606.0099474042654
8.75,77.0,1931,633.9083430916071
8.75,77.0,1932,822.4516186863184
8.75,77.0,1933,571.6039881408215
8.75,77.0,1934,377.1794264167547
8.75,77.0,1935,678.3332662880421
8.75,77.0,1936,563.7298077270389
8.75,77.0,1937,635.8812858015299
8.75,77.0,1938,401.10543498396873
8.75,77.0,1939,583.1929891258478
8.75,77.0,1940,790.5432372093201
8.75,77.0,1941,653.3955767601728
8.75,77.0,1942,539.3534472882748
8.75,77.0,1943,810.3774897307158
8.75,77.0,1944,910.066301420331
8.75,77.0,1945,1076.5838748514652
8.75,77.0,1946,1020.1867734864354
8.75,77.0,1947,295.90595826506615
8.75,77.0,1948,602.585311666131
8.75,77.0,1949,302.08602353185415
8.75,77.0,1950,520.2579625546932
8.75,77.0,1951,241.83428902179003
8.75,77.0,1952,205.1291041970253
8.75,77.0,1953,867.2908394038677
8.75,77.0,1954,1623.9092643857002
8.75,77.0,1955,1419.546603873372
8.75,77.0,1956,1154.0355254113674
8.75,77.0,1957,1218.4805988669395
8.75,77.0,1958,1552.6194342151284
8.75,77.0,1959,731.132158011198
8.75,77.0,1960,1097.7152356505394
8.75,77.0,1961,780.8406960815191
8.75,77.0,1962,245.59810057282448
8.75,77.0,1963,1104.1347812786698
8.75,77.0,1964,1841.515948921442
8.75,77.0,1965,1017.2858069390059
8.75,77.0,1966,1012.4919571876526
8.75,77.0,1967,534.1062013059855
8.75,77.0,1968,645.757500000298
8.75,77.0,1969,801.5922907590866
8.75,77.0,1970,506.4883508980274
8.75,77.0,1971,375.1406409442425
8.75,77.0,1972,832.9625929296017
8.75,77.0,1973,807.6339109539986
8.75,77.0,1974,181.47398880124092
8.75,77.0,1975,411.45923878252506
8.75,77.0,1976,139.60281191766262
8.75,77.0,1977,379.42416198551655
8.75,77.0,1978,611.3655782341957
8.75,77.0,1979,875.9404684007168
8.75,77.0,1980,414.0025105178356
8.75,77.0,1981,301.0820514559746
8.75,77.0,1982,378.09672252833843
8.75,77.0,1983,312.5054092556238
8.75,77.0,1984,302.01581358909607
8.75,77.0,1985,333.01318360865116
8.75,77.0,1986,206.61852711439133
8.75,77.0,1987,444.7719162777066
8.75,77.0,1988,347.4354085922241
8.75,77.0,1989,458.31572699546814
8.75,77.0,1990,677.4270847812295
8.75,77.0,1991,606.7463959604502
8.75,77.0,1992,911.9843256622553
8.75,77.0,1993,1020.3117308616638
8.75,77.0,1994,764.4892203211784
8.75,77.0,1995,440.3488490730524
8.75,77.0,1996,708.3428150564432
8.75,77.0,1997,641.7541571557522
8.75,77.0,1998,710.1209056824446
8.75,77.0,1999,557.725282356143
8.75,77.0,2000,338.9845936149359
8.75,77.0,2001,361.05623134970665
8.75,77.0,2002,571.3896036744118
8.75,77.0,2003,327.1370231732726
8.75,77.0,2004,415.16352128237486
8.75,77.0,2005,643.8055512905121
8.75,77.0,2006,981.240420371294
8.75,77.0,2007,571.3032457083464
8.75,77.0,2008,605.9729083776474
8.75,77.0,2009,653.5496733635664
8.75,77.0,2010,997.3875602483749
8.75,77.0,2011,542.7807521224022
8.75,77.0,2012,358.4145154878497
8.75,77.0,2013,535.5111235380173
8.75,77.0,2014,548.5805584192276
8.75,77.0,2015,834.1958259940147
8.75,77.0,2016,225.39308550953865
8.75,77.0,2017,763.644665569067
8.75,77.0,2018,450.8503914475441
8.75,77.0,2019,604.0716223418713
8.75,77.0,2020,432.5561453253031
8.75,77.0,2021,1176.089852154255
8.75,77.0,2022,590.9282105192542
8.75,77.0,2023,1044.4744523912668
9.0,76.75,1901,1216.4999973773956
9.0,76.75,1902,790.5000059604645
9.0,76.75,1903,851.0000036358833
9.0,76.75,1904,461.29999923706055
9.0,76.75,1905,567.7999919056892
9.0,76.75,1906,1056.1999939084053
9.0,76.75,1907,764.7000053524971
9.0,76.75,1908,608.9999924898148
9.0,76.75,1909,522.4999905228615
9.0,76.75,1910,706.7999935150146
9.0,76.75,1911,867.299996137619
9.0,76.75,1912,1016.5999972820282
9.0,76.75,1913,811.1000018119812
9.0,76.75,1914,795.3999972343445
9.0,76.75,1915,719.4999980926514
9.0,76.75,1916,576.0999970436096
9.0,76.75,1917,1115.1000065803528
9.0,76.75,1918,1110.6999917030334
9.0,76.75,1919,1020.799994468689
9.0,76.75,1920,938.2999927997589
9.0,76.75,1921,825.2999897003174
9.0,76.75,1922,746.9999995231628
9.0,76.75,1923,625.7999911308289
9.0,76.75,1924,748.0999944210052
9.0,76.75,1925,667.7000026702881
9.0,76.75,1926,533.6999983787537
9.0,76.75,1927,359.7999973297119
9.0,76.75,1928,687.1999979019165
9.0,76.75,1929,766.4000005722046
9.0,76.75,1930,743.8999931812286
9.0,76.75,1931,782.8999991416931
9.0,76.75,1932,836.3999999165535
9.0,76.75,1933,596.4999942779541
9.0,76.75,1934,332.59999656677246
9.0,76.75,1935,985.1000063419342
9.0,76.75,1936,726.7999956607819
9.0,76.75,1937,823.9999979138374
9.0,76.75,1938,261.09999948740005
9.0,76.75,1939,843.4999964237213
9.0,76.75,1940,710.7999923229218
9.0,76.75,1941,577.1159471273422
9.0,76.75,1942,980.3999924659729
9.0,76.75,1943,1085.7000069618225
9.0,76.75,1944,899.3999927639961
9.0,76.75,1945,813.2999923229218
9.0,76.75,1946,1638.0999870300293
9.0,76.75,1947,525.9000043869019
9.0,76.75,1948,546.2000000476837
9.0,76.75,1949,736.4999995231628
9.0,76.75,1950,733.2502207309008
9.0,76.75,1951,861.199990272522
9.0,76.75,1952,810.3999967575073
9.0,76.75,1953,754.2000002861023
9.0,76.75,1954,680.2999987602234
9.0,76.75,1955,676.699996471405
9.0,76.75,1956,782.7999908924103
9.0,76.75,1957,590.1999936103821
9.0,76.75,1958,485.6999988555908
9.0,76.75,1959,348.3000020980835
9.0,76.75,1960,932.8000023365021
9.0,76.75,1961,303.6999998688698
9.0,76.75,1962,665.2999875545502
9.0,76.75,1963,484.19999891519547
9.0,76.75,1964,462.30000376701355
9.0,76.75,1965,538.6999995708466
9.0,76.75,1966,759.1999931335449
9.0,76.75,1967,550.3000056743622
9.0,76.75,1968,716.5000019073486
9.0,76.75,1969,350.30000138282776
9.0,76.75,1970,790.8094908744097
9.0,76.75,1971,584.3568587303162
9.0,76.75,1972,773.4231935441494
9.0,76.75,1973,690.3823030740023
9.0,76.75,1974,367.8000011444092
9.0,76.75,1975,679.7999935150146
9.0,76.75,1976,689.4000039100647
9.0,76.75,1977,798.1000003814697
9.0,76.75,1978,801.6318487524986
9.0,76.75,1979,660.200005531311
9.0,76.75,1980,527.7000036239624
9.0,76.75,1981,386.9773792475462
9.0,76.75,1982,413.13800793886185
9.0,76.75,1983,321.16948859393597
9.0,76.75,1984,205.90980637073517
9.0,76.75,1985,103.19149112701416
9.0,76.75,1986,275.88038374483585
9.0,76.75,1987,568.1446304395795
9.0,76.75,1988,198.60000491142273
9.0,76.75,1989,583.4999980926514
9.0,76.75,1990,787.7000042200089
9.0,76.75,1991,716.7999929189682
9.0,76.75,1992,1049.200004518032
9.0,76.75,1993,774.6000066995621
9.0,76.75,1994,959.2999925613403
9.0,76.75,1995,489.7999975681305
9.0,76.75,1996,818.099991440773
9.0,76.75,1997,917.1000075340271
9.0,76.75,1998,1103.2000082731247
9.0,76.75,1999,1145.699997663498
9.0,76.75,2000,406.80000376701355
9.0,76.75,2001,583.4000036716461
9.0,76.75,2002,1208.0000071525574
9.0,76.75,2003,565.0000014305115
9.0,76.75,2004,449.8000023365021
9.0,76.75,2005,627.0000047683716
9.0,76.75,2006,919.8000138998032
9.0,76.75,2007,554.1500056684017
9.0,76.75,2008,493.5999997854233
9.0,76.75,2009,593.800000667572
9.0,76.75,2010,1219.3999985456467
9.0,76.75,2011,529.2000011205673
9.0,76.75,2012,378.80000019073486
9.0,76.75,2013,719.599993288517
9.0,76.75,2014,553.9999952465296
9.0,76.75,2015,790.9000030755997
9.0,76.75,2016,606.3999993652105
9.0,76.75,2017,888.599997445941
9.0,76.75,2018,567.6000043600798
9.0,76.75,2019,695.7999960780144
9.0,76.75,2020,393.7999994754791
9.0,76.75,2021,1542.200003772974
9.0,76.75,2022,582.7999991327524
9.0,76.75,2023,856.3000013232231
9.0,77.0,1901,553.2075827419758
9.0,77.0,1902,776.1980928331614
9.0,77.0,1903,598.4331071451306
9.0,77.0,1904,359.87305024266243
9.0,77.0,1905,495.63907440006733
9.0,77.0,1906,986.4053222835064
9.0,77.0,1907,1061.0214787945151
9.0,77.0,1908,316.2580694705248
9.0,77.0,1909,835.4857162386179
9.0,77.0,1910,886.6762649789453
9.0,77.0,1911,594.3658515363932
9.0,77.0,1912,1024.1979269757867
9.0,77.0,1913,774.3509383946657
9.0,77.0,1914,1099.1435613036156
9.0,77.0,1915,567.6610084548593
9.0,77.0,1916,700.04694160074
9.0,77.0,1917,540.5698835104704
9.0,77.0,1918,480.45245268940926
9.0,77.0,1919,600.0438999086618
9.0,77.0,1920,876.9546415805817
9.0,77.0,1921,527.049751676619
9.0,77.0,1922,890.9554858058691
9.0,77.0,1923,883.3106725215912
9.0,77.0,1924,503.22658759355545
9.0,77.0,1925,1085.771433711052
9.0,77.0,1926,326.57886969298124
9.0,77.0,1927,369.6757064461708
9.0,77.0,1928,835.9062494114041
9.0,77.0,1929,952.9619530513883
9.0,77.0,1930,905.1434870660305
9.0,77.0,1931,389.43929439783096
9.0,77.0,1932,859.0744090378284
9.0,77.0,1933,692.7824514880776
9.0,77.0,1934,317.3117640465498
9.0,77.0,1935,952.4172402396798
9.0,77.0,1936,706.4843663796782
9.0,77.0,1937,993.7627958282828
9.0,77.0,1938,492.98972475528717
9.0,77.0,1939,708.4179198592901
9.0,77.0,1940,667.5037506371737
9.0,77.0,1941,872.5795544981956
9.0,77.0,1942,833.9206552803516
9.0,77.0,1943,1007.5324221402407
9.0,77.0,1944,869.7655862122774
9.0,77.0,1945,777.9947830811143
9.0,77.0,1946,870.0596260800958
9.0,77.0,1947,505.23597380518913
9.0,77.0,1948,430.9284480288625
9.0,77.0,1949,454.28138479590416
9.0,77.0,1950,698.2987540140748
9.0,77.0,1951,511.69670900702477
9.0,77.0,1952,595.3307116776705
9.0,77.0,1953,592.1493050381541
9.0,77.0,1954,915.7020574808121
9.0,77.0,1955,421.07844980061054
9.0,77.0,1956,521.6237935498357
9.0,77.0,1957,672.758975610137
9.0,77.0,1958,690.5099367797375
9.0,77.0,1959,384.12301790714264
9.0,77.0,1960,732.5659747868776
9.0,77.0,1961,352.0037939026952
9.0,77.0,1962,338.3147911578417
9.0,77.0,1963,344.001256480813
9.0,77.0,1964,506.28929594904184
9.0,77.0,1965,590.1815114766359
9.0,77.0,1966,869.7899244427681
9.0,77.0,1967,432.4319733157754
9.0,77.0,1968,635.2318512648344
9.0,77.0,1969,284.35671811550856
9.0,77.0,1970,817.685269087553
9.0,77.0,1971,460.240992821753
9.0,77.0,1972,775.2836416959763
9.0,77.0,1973,1153.5791602805257
9.0,77.0,1974,264.784225910902
9.0,77.0,1975,559.3487499579787
9.0,77.0,1976,730.0561043918133
9.0,77.0,1977,884.3414161130786
9.0,77.0,1978,747.8841524720192
9.0,77.0,1979,728.046839915216
9.0,77.0,1980,321.54413605481386
9.0,77.0,1981,270.53546345978975
9.0,77.0,1982,494.20020791888237
9.0,77.0,1983,428.2435635328293
9.0,77.0,1984,286.0490372478962
9.0,77.0,1985,335.12896355986595
9.0,77.0,1986,252.9821919798851
9.0,77.0,1987,469.4045761972666
9.0,77.0,1988,262.46980476379395
9.0,77.0,1989,403.09507489204407
9.0,77.0,1990,798.8766318038106
9.0,77.0,1991,692.8837752640247
9.0,77.0,1992,1079.699901342392
9.0,77.0,1993,917.3397662118077
9.0,77.0,1994,512.6083811745048
9.0,77.0,1995,482.93127124011517
9.0,77.0,1996,611.6498916894197
9.0,77.0,1997,918.8427871763706
9.0,77.0,1998,748.50047390908
9.0,77.0,1999,1286.9590118005872
9.0,77.0,2000,572.0221603363752
9.0,77.0,2001,633.3331222087145
9.0,77.0,2002,791.790284126997
9.0,77.0,2003,731.244627058506
9.0,77.0,2004,456.81242693960667
9.0,77.0,2005,602.6904148161411
9.0,77.0,2006,849.9362609684467
9.0,77.0,2007,631.1042693257332
9.0,77.0,2008,446.0963684618473
9.0,77.0,2009,911.413448125124
9.0,77.0,2010,1041.6121129989624
9.0,77.0,2011,543.1113392859697
9.0,77.0,2012,356.1317679435015
9.0,77.0,2013,617.9845124483109
9.0,77.0,2014,575.0804781019688
9.0,77.0,2015,871.1024373620749
9.0,77.0,2016,482.73579800873995
9.0,77.0,2017,1246.6064958125353
9.0,77.0,2018,577.1586936116219
9.0,77.0,2019,541.8720281496644
9.0,77.0,2020,561.0232722759247
9.0,77.0,2021,1773.400877714157
9.0,77.0,2022,659.7021960541606
9.0,77.0,2023,988.2236316427588
9.25,76.5,1901,687.6397526264191
9.25,76.5,1902,668.8446088433266
9.25,76.5,1903,570.9109972268343
9.25,76.5,1904,328.9955489784479
9.25,76.5,1905,472.7282974347472
9.25,76.5,1906,795.1468678712845
9.25,76.5,1907,655.406904630363
9.25,76.5,1908,413.191930770874
9.25,76.5,1909,598.7012826353312
9.25,76.5,1910,762.0999611616135
9.25,76.5,1911,696.7779017388821
9.25,76.5,1912,867.4041310250759
9.25,76.5,1913,625.9021673798561
9.25,76.5,1914,766.0527947545052
9.25,76.5,1915,498.35265862196684
9.25,76.5,1916,778.6108880341053
9.25,76.5,1917,707.8923153877258
9.25,76.5,1918,833.097211278975
9.25,76.5,1919,889.2429276704788
9.25,76.5,1920,818.7240934371948
9.25,76.5,1921,588.5451725423336
9.25,76.5,1922,712.1648884490132
9.25,76.5,1923,527.0046239197254
9.25,76.5,1924,456.3127874881029
9.25,76.5,1925,825.0991361737251
9.25,76.5,1926,683.3375985175371
9.25,76.5,1927,276.16578783094883
9.25,76.5,1928,977.2533447742462
9.25,76.5,1929,844.508553147316
9.25,76.5,1930,959.5598979070783
9.25,76.5,1931,507.55564780533314
9.25,76.5,1932,1005.5432711020112
9.25,76.5,1933,758.0941386222839
9.25,76.5,1934,655.1461510062218
9.25,76.5,1935,803.6925664097071
9.25,76.5,1936,603.0317142382264
9.25,76.5,1937,567.5227492079139
9.25,76.5,1938,527.144204467535
9.25,76.5,1939,914.2617589384317
9.25,76.5,1940,763.0174322426319
9.25,76.5,1941,540.5766828209162
9.25,76.5,1942,800.2859854996204
9.25,76.5,1943,843.6967787444592
9.25,76.5,1944,806.7083600461483
9.25,76.5,1945,800.0764854848385
9.25,76.5,1946,978.4330931827426
9.25,76.5,1947,426.4826565384865
9.25,76.5,1948,379.57098615169525
9.25,76.5,1949,432.09552405774593
9.25,76.5,1950,666.2611341252923
9.25,76.5,1951,648.821643948555
9.25,76.5,1952,494.4271050095558
9.25,76.5,1953,606.517549559474
9.25,76.5,1954,501.6617639660835
9.25,76.5,1955,645.09339594841
9.25,76.5,1956,680.1572242677212
9.25,76.5,1957,565.3812168836594
9.25,76.5,1958,512.2080893218517
9.25,76.5,1959,482.9324942678213
9.25,76.5,1960,907.2150981724262
9.25,76.5,1961,449.9456957653165
9.25,76.5,1962,447.80490896105766
9.25,76.5,1963,595.4902715608478
9.25,76.5,1964,654.6369268000126
9.25,76.5,1965,706.3898823410273
9.25,76.5,1966,762.8664120435715
9.25,76.5,1967,439.6903272867203
9.25,76.5,1968,642.634298980236
9.25,76.5,1969,487.4801678210497
9.25,76.5,1970,440.0719984769821
9.25,76.5,1971,156.18368685990572
9.25,76.5,1972,739.5888829380274
9.25,76.5,1973,477.9053687155247
9.25,76.5,1974,228.64101123809814
9.25,76.5,1975,702.9543824717402
9.25,76.5,1976,574.4363623559475
9.25,76.5,1977,627.9777987748384
9.25,76.5,1978,762.469574123621
9.25,76.5,1979,551.421154782176
9.25,76.5,1980,414.4445875287056
9.25,76.5,1981,503.725594997406
9.25,76.5,1982,376.2905327677727
9.25,76.5,1983,320.71273075044155
9.25,76.5,1984,262.6619093865156
9.25,76.5,1985,360.7612265050411
9.25,76.5,1986,375.2627095580101
9.25,76.5,1987,693.6845357716084
9.25,76.5,1988,204.7335166335106
9.25,76.5,1989,473.0034409761429
9.25,76.5,1990,550.3464325666428
9.25,76.5,1991,456.8108387440443
9.25,76.5,1992,846.6643150299788
9.25,76.5,1993,967.2662845849991
9.25,76.5,1994,791.6494006216526
9.25,76.5,1995,547.23365496099
9.25,76.5,1996,627.1268791332841
9.25,76.5,1997,958.8768020868301
9.25,76.5,1998,766.2179353833199
9.25,76.5,1999,658.7259982228279
9.25,76.5,2000,367.6483678370714
9.25,76.5,2001,482.0244380682707
9.25,76.5,2002,699.013082370162
9.25,76.5,2003,671.421748496592
9.25,76.5,2004,484.3556941151619
9.25,76.5,2005,560.6621939241886
9.25,76.5,2006,780.9588796645403
9.25,76.5,2007,421.92328068614006
9.25,76.5,2008,395.55934769660234
9.25,76.5,2009,639.2023649811745
9.25,76.5,2010,992.5961616784334
9.25,76.5,2011,526.0852048769593
9.25,76.5,2012,295.2501458674669
9.25,76.5,2013,426.4229429140687
9.25,76.5,2014,605.6870911121368
9.25,76.5,2015,796.6560512036085
9.25,76.5,2016,209.3204061537981
9.25,76.5,2017,611.1167349815369
9.25,76.5,2018,662.0101556330919
9.25,76.5,2019,791.6353899315
9.25,76.5,2020,482.251975402236
9.25,76.5,2021,1080.9479677379131
9.25,76.5,2022,786.4967696964741
9.25,76.5,2023,1163.0575372576714
9.25,76.75,1901,932.9413116276264
9.25,76.75,1902,744.9879160672426
9.25,76.75,1903,661.7747839689255
9.25,76.75,1904,390.4831084161997
9.25,76.75,1905,489.65251506865025
9.25,76.75,1906,882.5811596661806
9.25,76.75,1907,804.5613557696342
9.25,76.75,1908,651.8426039367914
9.25,76.75,1909,731.9662473201752
9.25,76.75,1910,698.3380887508392
9.25,76.75,1911,702.6550032049417
9.25,76.75,1912,938.1767001152039
9.25,76.75,1913,1014.1711150705814
9.25,76.75,1914,817.8115055561066
9.25,76.75,1915,744.8212311267853
9.25,76.75,1916,663.4420550763607
9.25,76.75,1917,1037.6864721775055
9.25,76.75,1918,1012.3593758791685
9.25,76.75,1919,1041.5018398165703
9.25,76.75,1920,1040.5899956822395
9.25,76.75,1921,521.1707007586956
9.25,76.75,1922,729.0714972913265
9.25,76.75,1923,405.34343932569027
9.25,76.75,1924,742.3018852472305
9.25,76.75,1925,543.1824042499065
9.25,76.75,1926,524.2341281920671
9.25,76.75,1927,499.62456518411636
9.25,76.75,1928,825.6724262535572
9.25,76.75,1929,954.3822035193443
9.25,76.75,1930,976.286609634757
9.25,76.75,1931,629.3272341415286
9.25,76.75,1932,1085.8333555161953
9.25,76.75,1933,753.0862824171782
9.25,76.75,1934,542.4819535762072
9.25,76.75,1935,979.9273190796375
9.25,76.75,1936,562.930241137743
9.25,76.75,1937,686.0570228993893
9.25,76.75,1938,361.00562669336796
9.25,76.75,1939,906.224158257246
9.25,76.75,1940,816.7714507877827
9.25,76.75,1941,480.01991318166256
9.25,76.75,1942,684.5536723136902
9.25,76.75,1943,958.434431001544
9.25,76.75,1944,908.4378110170364
9.25,76.75,1945,880.4685084968805
9.25,76.75,1946,1274.481217727065
9.25,76.75,1947,489.5548018813133
9.25,76.75,1948,613.5682074427605
9.25,76.75,1949,432.0056851655245
9.25,76.75,1950,456.6599121838808
9.25,76.75,1951,763.5288987159729
9.25,76.75,1952,653.2508136332035
9.25,76.75,1953,574.4214429855347
9.25,76.75,1954,696.862818390131
9.25,76.75,1955,503.85191109776497
9.25,76.75,1956,876.4010969400406
9.25,76.75,1957,530.7681460380554
9.25,76.75,1958,566.5123321413994
9.25,76.75,1959,508.1182942837477
9.25,76.75,1960,1229.2814456820488
9.25,76.75,1961,374.5938254147768
9.25,76.75,1962,493.13821706175804
9.25,76.75,1963,620.9559487104416
9.25,76.75,1964,739.39795088768
9.25,76.75,1965,674.7744280695915
9.25,76.75,1966,595.5160906165838
9.25,76.75,1967,291.09871846437454
9.25,76.75,1968,1119.0734730362892
9.25,76.75,1969,449.07183377444744
9.25,76.75,1970,507.7956885397434
9.25,76.75,1971,387.0854610353708
9.25,76.75,1972,798.337985098362
9.25,76.75,1973,620.2918224781752
9.25,76.75,1974,394.3123387545347
9.25,76.75,1975,858.4071812778711
9.25,76.75,1976,712.4908058345318
9.25,76.75,1977,1089.8337759524584
9.25,76.75,1978,837.8687084913254
9.25,76.75,1979,960.5413196980953
9.25,76.75,1980,820.3667536228895
9.25,76.75,1981,640.8039209991693
9.25,76.75,1982,498.76680117845535
9.25,76.75,1983,371.72616060078144
9.25,76.75,1984,265.53158117830753
9.25,76.75,1985,544.2645892128348
9.25,76.75,1986,584.62386970222
9.25,76.75,1987,707.2896005660295
9.25,76.75,1988,184.75360591709614
9.25,76.75,1989,450.6012182086706
9.25,76.75,1990,533.6358327865601
9.25,76.75,1991,514.3439551219344
9.25,76.75,1992,933.2546494305134
9.25,76.75,1993,832.7660668864846
9.25,76.75,1994,926.7727363109589
9.25,76.75,1995,468.66157430410385
9.25,76.75,1996,637.186364531517
9.25,76.75,1997,1239.1246329843998
9.25,76.75,1998,955.458493232727
9.25,76.75,1999,1067.870991140604
9.25,76.75,2000,387.72475799918175
9.25,76.75,2001,734.7337159588933
9.25,76.75,2002,794.6740435063839
9.25,76.75,2003,602.3286422863603
9.25,76.75,2004,486.2498541176319
9.25,76.75,2005,580.832169085741
9.25,76.75,2006,826.5526988133788
9.25,76.75,2007,788.3325173854828
9.25,76.75,2008,501.20130468159914
9.25,76.75,2009,605.3078399896622
9.25,76.75,2010,1145.0946946293116
9.25,76.75,2011,533.5051079392433
9.25,76.75,2012,337.46135671436787
9.25,76.75,2013,412.453423820436
9.25,76.75,2014,437.1139166802168
9.25,76.75,2015,801.1843139827251
9.25,76.75,2016,468.7789328247309
9.25,76.75,2017,969.3266808912158
9.25,76.75,2018,885.7215782105923
9.25,76.75,2019,735.4000681713223
9.25,76.75,2020,461.80012805759907
9.25,76.75,2021,1871.2907736226916
9.25,76.75,2022,962.7532240226865
9.25,76.75,2023,1157.8759639449418
9.25,77.0,1901,879.2100721895695
9.25,77.0,1902,837.679665133357
9.25,77.0,1903,722.9166050851345
9.25,77.0,1904,475.300635650754
9.25,77.0,1905,407.38623920083046
9.25,77.0,1906,661.9586943238974
9.25,77.0,1907,824.0009250640869
9.25,77.0,1908,351.87297765910625
9.25,77.0,1909,544.6403484344482
9.25,77.0,1910,587.3614747002721
9.25,77.0,1911,605.4232479631901
9.25,77.0,1912,742.0026551187038
9.25,77.0,1913,650.0766193121672
9.25,77.0,1914,1045.877278789878
9.25,77.0,1915,532.6784226894379
9.25,77.0,1916,379.3325947523117
9.25,77.0,1917,500.9412685036659
9.25,77.0,1918,525.555428892374
9.25,77.0,1919,630.6434504240751
9.25,77.0,1920,766.5389412939548
9.25,77.0,1921,530.2850669026375
9.25,77.0,1922,846.1191197633743
9.25,77.0,1923,789.931493461132
9.25,77.0,1924,508.9101682603359
9.25,77.0,1925,1025.6857248842716
9.25,77.0,1926,309.28179220855236
9.25,77.0,1927,404.7172585427761
9.25,77.0,1928,647.0516102015972
9.25,77.0,1929,826.7247997075319
9.25,77.0,1930,598.3520342707634
9.25,77.0,1931,675.2500105798244
9.25,77.0,1932,646.9017292261124
9.25,77.0,1933,671.9501715898514
9.25,77.0,1934,330.2679273188114
9.25,77.0,1935,660.1584272906184
9.25,77.0,1936,597.6744110733271
9.25,77.0,1937,611.9595105350018
9.25,77.0,1938,290.4511613249779
9.25,77.0,1939,527.1085578799248
9.25,77.0,1940,579.6964160352945
9.25,77.0,1941,618.506376132369
9.25,77.0,1942,675.4741931855679
9.25,77.0,1943,666.1031593382359
9.25,77.0,1944,827.6817815303802
9.25,77.0,1945,760.6610264182091
9.25,77.0,1946,631.6771566867828
9.25,77.0,1947,348.1260479390621
9.25,77.0,1948,492.39849773049355
9.25,77.0,1949,318.8503970503807
9.25,77.0,1950,495.5475797653198
9.25,77.0,1951,546.8751286864281
9.25,77.0,1952,417.40772257745266
9.25,77.0,1953,423.311464458704
9.25,77.0,1954,638.9905326962471
9.25,77.0,1955,396.0301014184952
9.25,77.0,1956,406.9806374758482
9.25,77.0,1957,603.9967478960752
9.25,77.0,1958,511.34755340218544
9.25,77.0,1959,220.66995018720627
9.25,77.0,1960,427.04120586812496
9.25,77.0,1961,270.31718660891056
9.25,77.0,1962,318.57422947883606
9.25,77.0,1963,540.9825302809477
9.25,77.0,1964,356.0205036997795
9.25,77.0,1965,516.4113357067108
9.25,77.0,1966,640.6529658138752
9.25,77.0,1967,353.63224117457867
9.25,77.0,1968,483.5437779724598
9.25,77.0,1969,326.27442482858896
9.25,77.0,1970,398.0367211997509
9.25,77.0,1971,468.88213577866554
9.25,77.0,1972,627.2904610335827
9.25,77.0,1973,723.957541435957
9.25,77.0,1974,262.0908679366112
9.25,77.0,1975,203.5686571970582
9.25,77.0,1976,520.504788979888
9.25,77.0,1977,798.6151801943779
9.25,77.0,1978,601.1855058670044
9.25,77.0,1979,678.641865670681
9.25,77.0,1980,421.3138165175915
9.25,77.0,1981,328.99399591982365
9.25,77.0,1982,494.49755322933197
9.25,77.0,1983,494.10787619650364
9.25,77.0,1984,258.3216210603714
9.25,77.0,1985,395.3470416665077
9.25,77.0,1986,249.1947031468153
9.25,77.0,1987,663.6907813996077
9.25,77.0,1988,242.41244813799858
9.25,77.0,1989,293.41680543124676
9.25,77.0,1990,570.8582637310028
9.25,77.0,1991,403.30344723910093
9.25,77.0,1992,767.269332870841
9.25,77.0,1993,594.2910240590572
9.25,77.0,1994,334.88460355997086
9.25,77.0,1995,361.54213842749596
9.25,77.0,1996,428.78337812423706
9.25,77.0,1997,650.5042737424374
9.25,77.0,1998,453.80154699087143
9.25,77.0,1999,587.9323950409889
9.25,77.0,2000,360.14784318208694
9.25,77.0,2001,215.225190654397
9.25,77.0,2002,265.9055777937174
9.25,77.0,2003,228.37094055116177
9.25,77.0,2004,473.9636455774307
9.25,77.0,2005,587.029735699296
9.25,77.0,2006,975.7055715918541
9.25,77.0,2007,665.0258791893721
9.25,77.0,2008,475.7508307546377
9.25,77.0,2009,731.7908432483673
9.25,77.0,2010,695.7584934234619
9.25,77.0,2011,536.2812250554562
9.25,77.0,2012,345.3005513995886
9.25,77.0,2013,514.2443249225616
9.25,77.0,2014,549.1425239890814
9.25,77.0,2015,908.7313969731331
9.25,77.0,2016,290.68992072343826
9.25,77.0,2017,745.835707321763
9.25,77.0,2018,462.04146242141724
9.25,77.0,2019,542.8414442241192
9.25,77.0,2020,489.28283454477787
9.25,77.0,2021,1067.9963466525078
9.25,77.0,2022,544.4098041653633
9.25,77.0,2023,975.285994566977
9.25,77.25,1901,283.95930793881416
9.25,77.25,1902,860.110224455595
9.25,77.25,1903,370.0125263631344
9.25,77.25,1904,275.2718884497881
9.25,77.25,1905,352.7268733084202
9.25,77.25,1906,484.72475907206535
9.25,77.25,1907,688.6367133259773
9.25,77.25,1908,343.1415710449219
9.25,77.25,1909,397.65504739433527
9.25,77.25,1910,445.2905249595642
9.25,77.25,1911,609.2501761838794
9.25,77.25,1912,545.845600605011
9.25,77.25,1913,545.7359819561243
9.25,77.25,1914,968.8536776006222
9.25,77.25,1915,477.4227281883359
9.25,77.25,1916,269.74293057620525
9.25,77.25,1917,567.1420694887638
9.25,77.25,1918,613.9268093332648
9.25,77.25,1919,674.2301418930292
9.25,77.25,1920,624.6105297133327
9.25,77.25,1921,579.2151811793447
9.25,77.25,1922,902.0696491748095
9.25,77.25,1923,674.2916597053409
9.25,77.25,1924,546.3434984087944
9.25,77.25,1925,921.3039845302701
9.25,77.25,1926,294.6608973145485
9.25,77.25,1927,462.78868433088064
9.25,77.25,1928,518.6917225271463
9.25,77.25,1929,872.6971702426672
9.25,77.25,1930,505.9027688652277
9.25,77.25,1931,872.7109650820494
9.25,77.25,1932,427.6806800663471
9.25,77.25,1933,711.2268443703651
9.25,77.25,1934,375.58659337460995
9.25,77.25,1935,538.8103384375572
9.25,77.25,1936,568.7106809318066
9.25,77.25,1937,417.86114750802517
9.25,77.25,1938,136.86405742913485
9.25,77.25,1939,491.6047213152051
9.25,77.25,1940,590.9562566429377
9.25,77.25,1941,401.4199416786432
9.25,77.25,1942,768.5980320572853
9.25,77.25,1943,537.7055492848158
9.25,77.25,1944,806.0630683451891
9.25,77.25,1945,647.9661527872086
9.25,77.25,1946,539.8525817543268
9.25,77.25,1947,355.63596469163895
9.25,77.25,1948,568.7876925617456
9.25,77.25,1949,222.10570987313986
9.25,77.25,1950,388.88565097749233
9.25,77.25,1951,526.1775516867638
9.25,77.25,1952,299.7535895258188
9.25,77.25,1953,334.1787560135126
9.25,77.25,1954,506.0022596940398
9.25,77.25,1955,286.0927013903856
9.25,77.25,1956,459.87342070788145
9.25,77.25,1957,505.2200996950269
9.25,77.25,1958,472.76236233115196
9.25,77.25,1959,154.4449580386281
9.25,77.25,1960,349.9114069417119
9.25,77.25,1961,133.3601859509945
9.25,77.25,1962,281.0371874421835
9.25,77.25,1963,646.6833348274231
9.25,77.25,1964,376.281940728426
9.25,77.25,1965,410.1617408320308
9.25,77.25,1966,545.883510991931
9.25,77.25,1967,323.8460155725479
9.25,77.25,1968,401.79348061978817
9.25,77.25,1969,451.47858261317015
9.25,77.25,1970,276.90720791369677
9.25,77.25,1971,531.4860142171383
9.25,77.25,1972,564.1412139832973
9.25,77.25,1973,621.8006642088294
9.25,77.25,1974,383.65274338424206
9.25,77.25,1975,68.56803326308727
9.25,77.25,1976,474.8393396809697
9.25,77.25,1977,685.511952996254
9.25,77.25,1978,470.88384987413883
9.25,77.25,1979,741.9026571363211
9.25,77.25,1980,521.1597954332829
9.25,77.25,1981,313.73743741214275
9.25,77.25,1982,444.50518879294395
9.25,77.25,1983,537.8567136079073
9.25,77.25,1984,377.7102720439434
9.25,77.25,1985,520.0575505793095
9.25,77.25,1986,262.01963475346565
9.25,77.25,1987,667.3184223175049
9.25,77.25,1988,209.70776052773
9.25,77.25,1989,169.0141539722681
9.25,77.25,1990,456.51713182777166
9.25,77.25,1991,273.429373010993
9.25,77.25,1992,633.5403741598129
9.25,77.25,1993,656.2427956312895
9.25,77.25,1994,575.7545208856463
9.25,77.25,1995,372.61458115279675
9.25,77.25,1996,479.27137260884047
9.25,77.25,1997,1038.2455585077405
9.25,77.25,1998,681.3782828599215
9.25,77.25,1999,323.3426977470517
9.25,77.25,2000,342.85743452608585
9.25,77.25,2001,355.10703480243683
9.25,77.25,2002,399.8108359351754
9.25,77.25,2003,329.87247435748577
9.25,77.25,2004,511.3168586194515
9.25,77.25,2005,511.04002816975117
9.25,77.25,2006,731.141841262579
9.25,77.25,2007,453.38106471300125
9.25,77.25,2008,469.26831808686256
9.25,77.25,2009,763.3493707701564
9.25,77.25,2010,406.91163401305676
9.25,77.25,2011,541.3601588755846
9.25,77.25,2012,355.1705785393715
9.25,77.25,2013,464.5780304968357
9.25,77.25,2014,447.62762796878815
9.25,77.25,2015,831.0522522032261
9.25,77.25,2016,195.08801686763763
9.25,77.25,2017,438.2950505018234
9.25,77.25,2018,335.5627177208662
9.25,77.25,2019,499.11922739446163
9.25,77.25,2020,517.1244111210108
9.25,77.25,2021,671.1614841222763
9.25,77.25,2022,492.21171432733536
9.25,77.25,2023,806.5635667815804
9.5,76.5,1901,948.886709600687
9.5,76.5,1902,901.7419295907021
9.5,76.5,1903,742.2157266438007
9.5,76.5,1904,390.1531297415495
9.5,76.5,1905,446.29997193813324
9.5,76.5,1906,705.7118937522173
9.5,76.5,1907,745.489221662283
9.5,76.5,1908,450.1278721690178
9.5,76.5,1909,634.5463026463985
9.5,76.5,1910,997.3501141369343
9.5,76.5,1911,711.4533018320799
9.5,76.5,1912,989.3872815072536
9.5,76.5,1913,590.9311798214912
9.5,76.5,1914,1011.4011278897524
9.5,76.5,1915,745.7468282580376
9.5,76.5,1916,738.9195510447025
9.5,76.5,1917,711.666272521019
9.5,76.5,1918,842.7251276522875
9.5,76.5,1919,815.7202909588814
9.5,76.5,1920,904.8393493145704
9.5,76.5,1921,729.6184105724096
9.5,76.5,1922,659.7348812818527
9.5,76.5,1923,564.486837208271
9.5,76.5,1924,527.0623954087496
9.5,76.5,1925,848.1978826224804
9.5,76.5,1926,558.69319178164
9.5,76.5,1927,405.65322284400463
9.5,76.5,1928,707.7129572331905
9.5,76.5,1929,808.7577652931213
9.5,76.5,1930,875.4557628780603
9.5,76.5,1931,651.2557075172663
9.5,76.5,1932,1057.7194775044918
9.5,76.5,1933,634.8417266458273
9.5,76.5,1934,658.5682355463505
9.5,76.5,1935,849.362944573164
9.5,76.5,1936,579.0877620279789
9.5,76.5,1937,664.4683751165867
9.5,76.5,1938,405.9486684054136
9.5,76.5,1939,948.9029969424009
9.5,76.5,1940,844.2266278117895
9.5,76.5,1941,559.4382444322109
9.5,76.5,1942,906.9826686680317
9.5,76.5,1943,854.7784932255745
9.5,76.5,1944,1076.811491832137
9.5,76.5,1945,942.9588645249605
9.5,76.5,1946,1054.591485708952
9.5,76.5,1947,372.0167642980814
9.5,76.5,1948,607.9844399690628
9.5,76.5,1949,346.1833966821432
9.5,76.5,1950,690.5732165873051
9.5,76.5,1951,862.4019801467657
9.5,76.5,1952,386.68977405130863
9.5,76.5,1953,633.779423430562
9.5,76.5,1954,602.0371582508087
9.5,76.5,1955,736.0410109758377
9.5,76.5,1956,907.7594743967056
9.5,76.5,1957,714.8311782926321
9.5,76.5,1958,639.8367620408535
9.5,76.5,1959,498.5039128512144
9.5,76.5,1960,694.6300937235355
9.5,76.5,1961,490.9437179118395
9.5,76.5,1962,662.6442558914423
9.5,76.5,1963,496.26252967119217
9.5,76.5,1964,581.4390214532614
9.5,76.5,1965,678.9155406951904
9.5,76.5,1966,1087.5527909696102
9.5,76.5,1967,410.0790580511093
9.5,76.5,1968,399.9821338355541
9.5,76.5,1969,521.1201052367687
9.5,76.5,1970,425.3575094714761
9.5,76.5,1971,436.89252607524395
9.5,76.5,1972,567.7641414105892
9.5,76.5,1973,372.4546470940113
9.5,76.5,1974,269.0022608190775
9.5,76.5,1975,886.0228242203593
9.5,76.5,1976,618.8529279530048
9.5,76.5,1977,787.2054624408484
9.5,76.5,1978,526.2106877267361
9.5,76.5,1979,444.2455571591854
9.5,76.5,1980,406.8383601978421
9.5,76.5,1981,342.4399315714836
9.5,76.5,1982,331.24106964468956
9.5,76.5,1983,302.4268687367439
9.5,76.5,1984,427.80724259465933
9.5,76.5,1985,341.11921794712543
9.5,76.5,1986,254.67905431985855
9.5,76.5,1987,546.001210346818
9.5,76.5,1988,242.09519827365875
9.5,76.5,1989,497.85476963222027
9.5,76.5,1990,654.5571079701185
9.5,76.5,1991,372.11104346066713
9.5,76.5,1992,659.4802175313234
9.5,76.5,1993,907.8635537624359
9.5,76.5,1994,535.4519894719124
9.5,76.5,1995,482.6964435726404
9.5,76.5,1996,669.6321017593145
9.5,76.5,1997,844.1002146825194
9.5,76.5,1998,699.0433010309935
9.5,76.5,1999,824.8694844394922
9.5,76.5,2000,317.5135319828987
9.5,76.5,2001,507.70716251432896
9.5,76.5,2002,766.6238025575876
9.5,76.5,2003,660.9342922568321
9.5,76.5,2004,532.2907815277576
9.5,76.5,2005,669.5232000499964
9.5,76.5,2006,734.4760105758905
9.5,76.5,2007,479.60038194060326
9.5,76.5,2008,416.80926156044006
9.5,76.5,2009,619.6057276502252
9.5,76.5,2010,1189.4225343838334
9.5,76.5,2011,474.0915044248104
9.5,76.5,2012,292.2536463215947
9.5,76.5,2013,722.0842360705137
9.5,76.5,2014,820.2734426409006
9.5,76.5,2015,862.0653211772442
9.5,76.5,2016,297.2649426981807
9.5,76.5,2017,610.7467785775661
9.5,76.5,2018,714.644560366869
9.5,76.5,2019,777.3392446786165
9.5,76.5,2020,484.93042930960655
9.5,76.5,2021,1388.5816684514284
9.5,76.5,2022,785.8684452176094
9.5,76.5,2023,1105.2502003535628
9.5,76.75,1901,1185.6454997956753
9.5,76.75,1902,955.5895326286554
9.5,76.75,1903,869.1677774190903
9.5,76.75,1904,646.3428436890244
9.5,76.75,1905,578.9594192653894
9.5,76.75,1906,801.4612094014883
9.5,76.75,1907,1312.5561696588993
9.5,76.75,1908,600.1229444146156
9.5,76.75,1909,758.9267575740814
9.5,76.75,1910,1011.7733249664307
9.5,76.75,1911,803.8356719315052
9.5,76.75,1912,806.3618356138468
9.5,76.75,1913,907.6676906049252
9.5,76.75,1914,956.8276835083961
9.5,76.75,1915,909.6795648783445
9.5,76.75,1916,612.2162930816412
9.5,76.75,1917,869.7593463659286
9.5,76.75,1918,1006.2643495798111
9.5,76.75,1919,760.6812756955624
9.5,76.75,1920,958.0167116820812
9.5,76.75,1921,859.3984273821115
9.5,76.75,1922,812.5684582591057
9.5,76.75,1923,640.6207287609577
9.5,76.75,1924,851.6283988058567
9.5,76.75,1925,913.6502928882837
9.5,76.75,1926,455.8218150138855
9.5,76.75,1927,486.48464411497116
9.5,76.75,1928,742.7169814109802
9.5,76.75,1929,733.2795610427856
9.5,76.75,1930,1131.822719693184
9.5,76.75,1931,978.6081501841545
9.5,76.75,1932,1000.9121931046247
9.5,76.75,1933,947.1284910142422
9.5,76.75,1934,590.0332397222519
9.5,76.75,1935,1116.4979603514075
9.5,76.75,1936,839.5536108314991
9.5,76.75,1937,853.1314709559083
9.5,76.75,1938,433.65551064163446
9.5,76.75,1939,1112.527559325099
9.5,76.75,1940,974.6345391273499
9.5,76.75,1941,558.9427224993706
9.5,76.75,1942,1181.8461922109127
9.5,76.75,1943,960.5612594783306
9.5,76.75,1944,1105.1062032282352
9.5,76.75,1945,1094.6383968889713
9.5,76.75,1946,1307.92251829803
9.5,76.75,1947,315.42488840967417
9.5,76.75,1948,607.1368168145418
9.5,76.75,1949,554.6287916898727
9.5,76.75,1950,687.2106431573629
9.5,76.75,1951,992.481828212738
9.5,76.75,1952,731.1372495889664
9.5,76.75,1953,869.9511944130063
9.5,76.75,1954,815.8577719405293
9.5,76.75,1955,757.4999408572912
9.5,76.75,1956,952.2415851652622
9.5,76.75,1957,1078.6601513326168
9.5,76.75,1958,902.900515884161
9.5,76.75,1959,597.3546321839094
9.5,76.75,1960,987.2657487243414
9.5,76.75,1961,525.9148575812578
9.5,76.75,1962,1187.234539359808
9.5,76.75,1963,622.6518933773041
9.5,76.75,1964,596.2282354682684
9.5,76.75,1965,710.8118120580912
9.5,76.75,1966,1149.2726559340954
9.5,76.75,1967,375.29483211040497
9.5,76.75,1968,578.6725460961461
9.5,76.75,1969,500.7223197221756
9.5,76.75,1970,571.4054847359657
9.5,76.75,1971,535.9571137055755
9.5,76.75,1972,676.1981106102467
9.5,76.75,1973,402.2167225629091
9.5,76.75,1974,377.5409070253372
9.5,76.75,1975,985.6311658024788
9.5,76.75,1976,613.7026437520981
9.5,76.75,1977,725.2940457165241
9.5,76.75,1978,901.5386913865805
9.5,76.75,1979,675.5084380954504
9.5,76.75,1980,631.4848719090223
9.5,76.75,1981,719.2396214455366
9.5,76.75,1982,429.87924015522003
9.5,76.75,1983,518.8329229652882
9.5,76.75,1984,340.16248501837254
9.5,76.75,1985,385.8486598134041
9.5,76.75,1986,399.6346024721861
9.5,76.75,1987,603.3965245187283
9.5,76.75,1988,194.05774345993996
9.5,76.75,1989,430.7268255800009
9.5,76.75,1990,708.2946248874068
9.5,76.75,1991,585.4363822937012
9.5,76.75,1992,904.9860227108002
9.5,76.75,1993,806.1132852733135
9.5,76.75,1994,742.4794250875711
9.5,76.75,1995,427.0229162722826
9.5,76.75,1996,647.608065597713
9.5,76.75,1997,917.5658183097839
9.5,76.75,1998,1224.544758066535
9.5,76.75,1999,957.1349541544914
9.5,76.75,2000,495.4241565614939
9.5,76.75,2001,626.6400383412838
9.5,76.75,2002,652.7745068445802
9.5,76.75,2003,843.3407814055681
9.5,76.75,2004,488.23846013844013
9.5,76.75,2005,631.741521447897
9.5,76.75,2006,713.318496786058
9.5,76.75,2007,689.996941305697
9.5,76.75,2008,476.3425187841058
9.5,76.75,2009,655.1732504814863
9.5,76.75,2010,975.1381302177906
9.5,76.75,2011,495.2144766151905
9.5,76.75,2012,302.64307165145874
9.5,76.75,2013,565.5767023563385
9.5,76.75,2014,680.4394396841526
9.5,76.75,2015,942.9891837313771
9.5,76.75,2016,222.55436576902866
9.5,76.75,2017,658.5055468156934
9.5,76.75,2018,549.4590775668621
9.5,76.75,2019,598.0665094181895
9.5,76.75,2020,644.6472471132874
9.5,76.75,2021,1711.9709557145834
9.5,76.75,2022,781.8141946867108
9.5,76.75,2023,1084.4976627426222
9.5,77.0,1901,1029.846212297678
9.5,77.0,1902,899.9581217765808
9.5,77.0,1903,761.3056266009808
9.5,77.0,1904,561.9491308629513
9.5,77.0,1905,470.0718078762293
9.5,77.0,1906,610.4201480448246
9.5,77.0,1907,1136.5030038654804
9.5,77.0,1908,351.93613731861115
9.5,77.0,1909,486.29454559087753
9.5,77.0,1910,522.9357554912567
9.5,77.0,1911,584.1513747423887
9.5,77.0,1912,675.226855263114
9.5,77.0,1913,565.3992313742638
9.5,77.0,1914,690.1270009279251
9.5,77.0,1915,484.1750980615616
9.5,77.0,1916,344.0328013971448
9.5,77.0,1917,484.05285996198654
9.5,77.0,1918,688.1124031692743
9.5,77.0,1919,581.5400748997927
9.5,77.0,1920,619.9027200043201
9.5,77.0,1921,674.2102193832397
9.5,77.0,1922,834.4135687351227
9.5,77.0,1923,590.4238867759705
9.5,77.0,1924,555.5419962406158
9.5,77.0,1925,817.2523475587368
9.5,77.0,1926,391.6032614707947
9.5,77.0,1927,297.02710899710655
9.5,77.0,1928,419.1651814132929
9.5,77.0,1929,456.5299391821027
9.5,77.0,1930,724.772935256362
9.5,77.0,1931,730.1270477995276
9.5,77.0,1932,574.7261827141047
9.5,77.0,1933,601.3317351341248
9.5,77.0,1934,347.01899413764477
9.5,77.0,1935,694.4105312526226
9.5,77.0,1936,759.7716631665826
9.5,77.0,1937,423.5573535114527
9.5,77.0,1938,397.32249024510384
9.5,77.0,1939,641.9379802122712
9.5,77.0,1940,748.298605158925
9.5,77.0,1941,401.0192889943719
9.5,77.0,1942,795.2685775831342
9.5,77.0,1943,558.4314839839935
9.5,77.0,1944,719.9271763265133
9.5,77.0,1945,547.533460766077
9.5,77.0,1946,612.1524176076055
9.5,77.0,1947,182.85362558066845
9.5,77.0,1948,456.15450827777386
9.5,77.0,1949,298.87581457942724
9.5,77.0,1950,405.88968712836504
9.5,77.0,1951,611.3150437325239
9.5,77.0,1952,377.5408224016428
9.5,77.0,1953,433.140258140862
9.5,77.0,1954,485.2710275053978
9.5,77.0,1955,493.5974377989769
9.5,77.0,1956,526.0849737226963
9.5,77.0,1957,543.7627341449261
9.5,77.0,1958,474.64352482557297
9.5,77.0,1959,350.2165830284357
9.5,77.0,1960,826.2331198304892
9.5,77.0,1961,303.6078383475542
9.5,77.0,1962,647.4713090956211
9.5,77.0,1963,457.4475798904896
9.5,77.0,1964,413.63776552677155
9.5,77.0,1965,579.9547401070595
9.5,77.0,1966,818.8306912779808
9.5,77.0,1967,266.8770477771759
9.5,77.0,1968,420.01017098128796
9.5,77.0,1969,289.6847860366106
9.5,77.0,1970,360.2991934418678
9.5,77.0,1971,450.4203998297453
9.5,77.0,1972,432.2458477169275
9.5,77.0,1973,401.67123052477837
9.5,77.0,1974,366.15591019392014
9.5,77.0,1975,509.61130867898464
9.5,77.0,1976,448.93153661489487
9.5,77.0,1977,600.3010400235653
9.5,77.0,1978,692.1493356227875
9.5,77.0,1979,352.7947068065405
9.5,77.0,1980,517.8401241004467
9.5,77.0,1981,562.5925774201751
9.5,77.0,1982,345.91540947556496
9.5,77.0,1983,475.60911409556866
9.5,77.0,1984,231.44104033708572
9.5,77.0,1985,347.4380643516779
9.5,77.0,1986,260.8240788280964
9.5,77.0,1987,687.9794563651085
9.5,77.0,1988,177.07850946485996
9.5,77.0,1989,299.63677456974983
9.5,77.0,1990,548.5649635195732
9.5,77.0,1991,408.1944311708212
9.5,77.0,1992,726.5871383845806
9.5,77.0,1993,703.4953545928001
9.5,77.0,1994,552.0788899958134
9.5,77.0,1995,323.89868642389774
9.5,77.0,1996,477.77545541524887
9.5,77.0,1997,843.9676823019981
9.5,77.0,1998,967.1117815822363
9.5,77.0,1999,667.4171569049358
9.5,77.0,2000,336.2399949282408
9.5,77.0,2001,406.761047065258
9.5,77.0,2002,532.3848734125495
9.5,77.0,2003,710.5980422496796
9.5,77.0,2004,463.63508695364
9.5,77.0,2005,682.2705702036619
9.5,77.0,2006,657.1367400586605
9.5,77.0,2007,629.0400957167149
9.5,77.0,2008,479.5544662922621
9.5,77.0,2009,667.0243178904057
9.5,77.0,2010,584.085507452488
9.5,77.0,2011,515.3953777775168
9.5,77.0,2012,327.09719978272915
9.5,77.0,2013,369.7935948073864
9.5,77.0,2014,540.3994677662849
9.5,77.0,2015,770.6765853762627
9.5,77.0,2016,180.3736344948411
9.5,77.0,2017,581.8736753165722
9.5,77.0,2018,509.21300072968006
9.5,77.0,2019,493.01900294423103
9.5,77.0,2020,651.7888260185719
9.5,77.0,2021,1327.044608168304
9.5,77.0,2022,679.8394999355078
9.5,77.0,2023,784.2730544582009
9.5,77.25,1901,386.0083065032959
9.5,77.25,1902,726.2044738084078
9.5,77.25,1903,381.42429026961327
9.5,77.25,1904,336.6374169886112
9.5,77.25,1905,323.359043225646
9.5,77.25,1906,429.2237494662404
9.5,77.25,1907,639.7513921260834
9.5,77.25,1908,325.880059055984
9.5,77.25,1909,462.5311828404665
9.5,77.25,1910,511.22708386182785
9.5,77.25,1911,609.6836252212524
9.5,77.25,1912,615.2717459797859
9.5,77.25,1913,398.3445837125182
9.5,77.25,1914,837.9672998189926
9.5,77.25,1915,445.3345727548003
9.5,77.25,1916,267.977288544178
9.5,77.25,1917,465.16035348176956
9.5,77.25,1918,560.3889269530773
9.5,77.25,1919,753.1004362404346
9.5,77.25,1920,441.2130194604397
9.5,77.25,1921,448.8479527235031
9.5,77.25,1922,803.0713610351086
9.5,77.25,1923,583.3274973630905
9.5,77.25,1924,483.8531362712383
9.5,77.25,1925,798.8371848464012
9.5,77.25,1926,275.3895792365074
9.5,77.25,1927,416.35365360975266
9.5,77.25,1928,452.3673248142004
9.5,77.25,1929,750.9058219343424
9.5,77.25,1930,681.9017524793744
9.5,77.25,1931,770.7377383932471
9.5,77.25,1932,480.8414321541786
9.5,77.25,1933,762.6978696286678
9.5,77.25,1934,428.44229976832867
9.5,77.25,1935,554.1180894672871
9.5,77.25,1936,658.8628915846348
9.5,77.25,1937,487.5315398722887
9.5,77.25,1938,199.73366130888462
9.5,77.25,1939,437.9532819464803
9.5,77.25,1940,676.0132025778294
9.5,77.25,1941,441.13192092627287
9.5,77.25,1942,714.0707482397556
9.5,77.25,1943,512.6664357632399
9.5,77.25,1944,768.6083536148071
9.5,77.25,1945,712.7190350294113
9.5,77.25,1946,534.2550693452358
9.5,77.25,1947,377.91487568616867
9.5,77.25,1948,498.74165530502796
9.5,77.25,1949,244.43713521957397
9.5,77.25,1950,341.14533846080303
9.5,77.25,1951,534.791738204658
9.5,77.25,1952,338.4247302263975
9.5,77.25,1953,362.5743703097105
9.5,77.25,1954,466.90834978967905
9.5,77.25,1955,364.96177576482296
9.5,77.25,1956,546.8284866213799
9.5,77.25,1957,479.29328913986683
9.5,77.25,1958,403.77651481330395
9.5,77.25,1959,295.0424433276057
9.5,77.25,1960,443.6476427614689
9.5,77.25,1961,188.5084640905261
9.5,77.25,1962,294.88882318139076
9.5,77.25,1963,557.5224563330412
9.5,77.25,1964,388.69305853545666
9.5,77.25,1965,418.42117930948734
9.5,77.25,1966,541.3966871872544
9.5,77.25,1967,332.2216104865074
9.5,77.25,1968,353.01200568675995
9.5,77.25,1969,408.6439063549042
9.5,77.25,1970,324.95958061516285
9.5,77.25,1971,442.0568413808942
9.5,77.25,1972,477.51893024146557
9.5,77.25,1973,594.7057938277721
9.5,77.25,1974,418.24599903821945
9.5,77.25,1975,96.2159278690815
9.5,77.25,1976,438.4743148088455
9.5,77.25,1977,632.214758053422
9.5,77.25,1978,481.95621532201767
9.5,77.25,1979,635.0422411113977
9.5,77.25,1980,497.99205163121223
9.5,77.25,1981,493.02586518228054
9.5,77.25,1982,364.3157920986414
9.5,77.25,1983,501.33709302544594
9.5,77.25,1984,377.5812960714102
9.5,77.25,1985,432.1995100080967
9.5,77.25,1986,223.02654007822275
9.5,77.25,1987,688.4144171178341
9.5,77.25,1988,227.49056327342987
9.5,77.25,1989,293.5596812516451
9.5,77.25,1990,528.9709330648184
9.5,77.25,1991,277.0448476970196
9.5,77.25,1992,630.1598093211651
9.5,77.25,1993,576.4734025001526
9.5,77.25,1994,589.8137033730745
9.5,77.25,1995,392.8356570005417
9.5,77.25,1996,545.1545322239399
9.5,77.25,1997,974.3804346472025
9.5,77.25,1998,654.4338891506195
9.5,77.25,1999,491.5373610854149
9.5,77.25,2000,225.01148661971092
9.5,77.25,2001,128.3384083583951
9.5,77.25,2002,137.55013059824705
9.5,77.25,2003,155.52845588326454
9.5,77.25,2004,428.5955310314894
9.5,77.25,2005,666.9022750258446
9.5,77.25,2006,608.8703278154135
9.5,77.25,2007,478.7686534076929
9.5,77.25,2008,455.09274312853813
9.5,77.25,2009,712.9209665358067
9.5,77.25,2010,485.2406281232834
9.5,77.25,2011,521.0388723313808
9.5,77.25,2012,345.38958021998405
9.5,77.25,2013,423.14763164520264
9.5,77.25,2014,420.3534773886204
9.5,77.25,2015,703.0818186849356
9.5,77.25,2016,195.32805241644382
9.5,77.25,2017,419.08616185188293
9.5,77.25,2018,346.35749374330044
9.5,77.25,2019,448.78318497538567
9.5,77.25,2020,594.170119419694
9.5,77.25,2021,616.7145638018847
9.5,77.25,2022,552.9538961648941
9.5,77.25,2023,860.038266338408
9.75,76.5,1901,476.18841430544853
9.75,76.5,1902,825.401377312839
9.75,76.5,1903,702.3506055176258
9.75,76.5,1904,506.63138341903687
9.75,76.5,1905,460.41028694808483
9.75,76.5,1906,756.8449021577835
9.75,76.5,1907,782.7036584764719
9.75,76.5,1908,556.224824026227
9.75,76.5,1909,591.8025973662734
9.75,76.5,1910,853.9934878796339
9.75,76.5,1911,829.5306278765202
9.75,76.5,1912,753.2431749254465
9.75,76.5,1913,772.0666806325316
9.75,76.5,1914,757.1565206944942
9.75,76.5,1915,558.8902182877064
9.75,76.5,1916,665.8245549425483
9.75,76.5,1917,862.9891012832522
9.75,76.5,1918,1004.6182838901877
9.75,76.5,1919,654.6249657422304
9.75,76.5,1920,1118.8780336976051
9.75,76.5,1921,840.484498411417
9.75,76.5,1922,833.9853000044823
9.75,76.5,1923,634.4740102291107
9.75,76.5,1924,684.7855445817113
9.75,76.5,1925,646.234996534884
9.75,76.5,1926,470.12475976347923
9.75,76.5,1927,327.7611661106348
9.75,76.5,1928,780.2221205681562
9.75,76.5,1929,424.00265151262283
9.75,76.5,1930,738.9872494339943
9.75,76.5,1931,343.18808963894844
9.75,76.5,1932,893.2051731199026
9.75,76.5,1933,823.8548303842545
9.75,76.5,1934,572.1199808567762
9.75,76.5,1935,685.3004304692149
9.75,76.5,1936,693.5347615778446
9.75,76.5,1937,646.8625056147575
9.75,76.5,1938,449.77639839053154
9.75,76.5,1939,757.5218969732523
9.75,76.5,1940,893.4325393140316
9.75,76.5,1941,570.5788317322731
9.75,76.5,1942,988.052576303482
9.75,76.5,1943,971.0867027044296
9.75,76.5,1944,1022.2033963650465
9.75,76.5,1945,749.0908754467964
9.75,76.5,1946,966.2668800503016
9.75,76.5,1947,411.0600014925003
9.75,76.5,1948,692.5303736627102
9.75,76.5,1949,517.4621952846646
9.75,76.5,1950,1015.7804081067443
9.75,76.5,1951,1102.5129944682121
9.75,76.5,1952,624.8132474273443
9.75,76.5,1953,488.9050587564707
9.75,76.5,1954,647.2355047464371
9.75,76.5,1955,690.3124257922173
9.75,76.5,1956,629.0857773721218
9.75,76.5,1957,665.2550317943096
9.75,76.5,1958,794.4412888213992
9.75,76.5,1959,657.6091357469559
9.75,76.5,1960,945.3155817985535
9.75,76.5,1961,498.70959137380123
9.75,76.5,1962,605.67159499228
9.75,76.5,1963,597.386951982975
9.75,76.5,1964,810.7066902965307
9.75,76.5,1965,619.7741324454546
9.75,76.5,1966,866.7697671949863
9.75,76.5,1967,260.82821848988533
9.75,76.5,1968,693.4153887927532
9.75,76.5,1969,651.8178792893887
9.75,76.5,1970,585.3789623379707
9.75,76.5,1971,554.8513131439686
9.75,76.5,1972,886.5966629981995
9.75,76.5,1973,373.7253344655037
9.75,76.5,1974,376.45349046587944
9.75,76.5,1975,942.7851735800505
9.75,76.5,1976,933.6742466986179
9.75,76.5,1977,802.7845590859652
9.75,76.5,1978,523.9055880308151
9.75,76.5,1979,488.9428486377001
9.75,76.5,1980,488.7103441506624
9.75,76.5,1981,461.64061799645424
9.75,76.5,1982,397.03010138869286
9.75,76.5,1983,378.19278459250927
9.75,76.5,1984,408.83782824873924
9.75,76.5,1985,438.9503242969513
9.75,76.5,1986,475.42532381415367
9.75,76.5,1987,586.8316167891026
9.75,76.5,1988,176.12774603813887
9.75,76.5,1989,485.0687579140067
9.75,76.5,1990,512.1708202958107
9.75,76.5,1991,371.9004277586937
9.75,76.5,1992,609.5158334374428
9.75,76.5,1993,892.042023152113
9.75,76.5,1994,624.8558374047279
9.75,76.5,1995,550.3158043920994
9.75,76.5,1996,848.5780910253525
9.75,76.5,1997,990.7826179265976
9.75,76.5,1998,827.8990839719772
9.75,76.5,1999,798.0748115479946
9.75,76.5,2000,341.1662295907736
9.75,76.5,2001,657.8903904557228
9.75,76.5,2002,682.8227960467339
9.75,76.5,2003,683.8312972187996
9.75,76.5,2004,564.2001346200705
9.75,76.5,2005,658.907424710691
9.75,76.5,2006,807.4771815612912
9.75,76.5,2007,603.04254642874
9.75,76.5,2008,412.36438177526
9.75,76.5,2009,503.7893732339144
9.75,76.5,2010,1223.5382082909346
9.75,76.5,2011,472.6928767710924
9.75,76.5,2012,279.70756017416716
9.75,76.5,2013,624.9969537854195
9.75,76.5,2014,848.8077087551355
9.75,76.5,2015,891.4073349237442
9.75,76.5,2016,248.66759377717972
9.75,76.5,2017,629.4642464220524
9.75,76.5,2018,934.7647243887186
9.75,76.5,2019,914.545519515872
9.75,76.5,2020,482.61596796661615
9.75,76.5,2021,1102.9796690791845
9.75,76.5,2022,693.8024695366621
9.75,76.5,2023,865.343897478655
9.75,76.75,1901,984.911954715848
9.75,76.75,1902,1003.1600818037987
9.75,76.75,1903,793.119557350874
9.75,76.75,1904,596.3768673837185
9.75,76.75,1905,587.3225080370903
9.75,76.75,1906,826.4747989326715
9.75,76.75,1907,1167.7808176577091
9.75,76.75,1908,513.9568445682526
9.75,76.75,1909,565.5743468999863
9.75,76.75,1910,826.9408152103424
9.75,76.75,1911,638.4602503478527
9.75,76.75,1912,728.1919167935848
9.75,76.75,1913,784.2804682999849
9.75,76.75,1914,775.4017657339573
9.75,76.75,1915,653.0189476758242
9.75,76.75,1916,502.30761678516865
9.75,76.75,1917,631.8816324770451
9.75,76.75,1918,835.1716329157352
9.75,76.75,1919,670.4751996099949
9.75,76.75,1920,727.5478340685368
9.75,76.75,1921,739.4108489751816
9.75,76.75,1922,815.6386814713478
9.75,76.75,1923,620.4424634277821
9.75,76.75,1924,613.7659846246243
9.75,76.75,1925,830.3207544088364
9.75,76.75,1926,330.1854299902916
9.75,76.75,1927,415.3576848208904
9.75,76.75,1928,714.228881418705
9.75,76.75,1929,636.3808581233025
9.75,76.75,1930,794.8782816827297
9.75,76.75,1931,866.4882434010506
9.75,76.75,1932,863.9988689422607
9.75,76.75,1933,702.1635956913233
9.75,76.75,1934,517.489841401577
9.75,76.75,1935,886.548493206501
9.75,76.75,1936,741.9106112122536
9.75,76.75,1937,673.8207696974277
9.75,76.75,1938,279.7633257955313
9.75,76.75,1939,735.0784345716238
9.75,76.75,1940,846.3254052400589
9.75,76.75,1941,518.0406227707863
9.75,76.75,1942,865.7696305513382
9.75,76.75,1943,795.6465246677399
9.75,76.75,1944,1070.7312282174826
9.75,76.75,1945,786.0003108978271
9.75,76.75,1946,1116.231971025467
9.75,76.75,1947,289.774609208107
9.75,76.75,1948,522.3349752426147
9.75,76.75,1949,367.99746373295784
9.75,76.75,1950,497.8817078471184
9.75,76.75,1951,636.784305870533
9.75,76.75,1952,532.4491233825684
9.75,76.75,1953,731.5612304210663
9.75,76.75,1954,661.5066714286804
9.75,76.75,1955,802.9548768848181
9.75,76.75,1956,797.0042836070061
9.75,76.75,1957,770.6556776314974
9.75,76.75,1958,731.148690149188
9.75,76.75,1959,616.8213805705309
9.75,76.75,1960,956.9978660494089
9.75,76.75,1961,450.76923739910126
9.75,76.75,1962,896.9193198978901
9.75,76.75,1963,626.404901728034
9.75,76.75,1964,773.5238633751869
9.75,76.75,1965,899.0795080065727
9.75,76.75,1966,908.0844452381134
9.75,76.75,1967,276.55912828445435
9.75,76.75,1968,595.7910655289888
9.75,76.75,1969,535.602958291769
9.75,76.75,1970,374.29929842054844
9.75,76.75,1971,609.1692531108856
9.75,76.75,1972,516.5403622239828
9.75,76.75,1973,396.1128582954407
9.75,76.75,1974,474.8056280016899
9.75,76.75,1975,897.1494814455509
9.75,76.75,1976,462.2601175606251
9.75,76.75,1977,523.8109491467476
9.75,76.75,1978,512.8861368596554
9.75,76.75,1979,341.31390115618706
9.75,76.75,1980,616.9869479984045
9.75,76.75,1981,645.3565700650215
9.75,76.75,1982,368.9120653420687
9.75,76.75,1983,446.9321148097515
9.75,76.75,1984,556.1788520514965
9.75,76.75,1985,387.15715634822845
9.75,76.75,1986,352.08253275603056
9.75,76.75,1987,608.2576475143433
9.75,76.75,1988,167.54024106264114
9.75,76.75,1989,402.49468223005533
9.75,76.75,1990,636.6696471944451
9.75,76.75,1991,487.57169526815414
9.75,76.75,1992,762.3182348906994
9.75,76.75,1993,816.8818030208349
9.75,76.75,1994,621.3023454546928
9.75,76.75,1995,415.03632421791553
9.75,76.75,1996,604.4297299981117
9.75,76.75,1997,883.8557296693325
9.75,76.75,1998,1023.4851899445057
9.75,76.75,1999,801.0006266534328
9.75,76.75,2000,353.51844531297684
9.75,76.75,2001,575.6969904899597
9.75,76.75,2002,635.9729831814766
9.75,76.75,2003,806.6193394511938
9.75,76.75,2004,504.9088515639305
9.75,76.75,2005,686.0439732521772
9.75,76.75,2006,702.8387595266104
9.75,76.75,2007,618.905781775713
9.75,76.75,2008,418.296133056283
9.75,76.75,2009,610.3913227617741
9.75,76.75,2010,782.7054724544287
9.75,76.75,2011,479.74122616648674
9.75,76.75,2012,280.51327806711197
9.75,76.75,2013,546.6482476294041
9.75,76.75,2014,662.9867176860571
9.75,76.75,2015,645.644232660532
9.75,76.75,2016,186.16313990950584
9.75,76.75,2017,484.4299799054861
9.75,76.75,2018,490.2134487628937
9.75,76.75,2019,488.7230256050825
9.75,76.75,2020,472.46243234723806
9.75,76.75,2021,1379.13427901268
9.75,76.75,2022,695.7163856551051
9.75,76.75,2023,818.0463456660509
9.75,77.0,1901,673.0746676027775
9.75,77.0,1902,639.2210971713066
9.75,77.0,1903,542.7458971738815
9.75,77.0,1904,345.25982044637203
9.75,77.0,1905,382.01254853606224
9.75,77.0,1906,465.1774445325136
9.75,77.0,1907,817.3585178256035
9.75,77.0,1908,342.70902305841446
9.75,77.0,1909,362.51172482967377
9.75,77.0,1910,407.85751727223396
9.75,77.0,1911,410.39623403549194
9.75,77.0,1912,569.1203012019396
9.75,77.0,1913,516.7928628623486
9.75,77.0,1914,398.9020844399929
9.75,77.0,1915,346.934498116374
9.75,77.0,1916,260.649176210165
9.75,77.0,1917,265.29135981202126
9.75,77.0,1918,500.20523315668106
9.75,77.0,1919,450.54349233210087
9.75,77.0,1920,314.0181529968977
9.75,77.0,1921,460.8522227704525
9.75,77.0,1922,789.9111183732748
9.75,77.0,1923,523.1071122735739
9.75,77.0,1924,347.23024566471577
9.75,77.0,1925,587.908224016428
9.75,77.0,1926,212.3868224620819
9.75,77.0,1927,327.9935055822134
9.75,77.0,1928,423.93888905644417
9.75,77.0,1929,377.8067470267415
9.75,77.0,1930,534.084434390068
9.75,77.0,1931,658.4313746988773
9.75,77.0,1932,499.8255270794034
9.75,77.0,1933,522.2703784555197
9.75,77.0,1934,276.2855750769377
9.75,77.0,1935,504.47484225034714
9.75,77.0,1936,631.1511807888746
9.75,77.0,1937,345.1823241263628
9.75,77.0,1938,305.4833105057478
9.75,77.0,1939,458.4477379620075
9.75,77.0,1940,598.0637365356088
9.75,77.0,1941,450.23750311136246
9.75,77.0,1942,706.7248766720295
9.75,77.0,1943,357.60526689887047
9.75,77.0,1944,582.1232582330704
9.75,77.0,1945,550.5174243152142
9.75,77.0,1946,647.5130716264248
9.75,77.0,1947,194.3165997415781
9.75,77.0,1948,445.93410517275333
9.75,77.0,1949,249.80255246162415
9.75,77.0,1950,272.51224088668823
9.75,77.0,1951,304.05684461444616
9.75,77.0,1952,245.2731141000986
9.75,77.0,1953,320.61142936348915
9.75,77.0,1954,329.7547444924712
9.75,77.0,1955,394.42233346402645
9.75,77.0,1956,420.59471007436514
9.75,77.0,1957,374.1245357170701
9.75,77.0,1958,337.26264306902885
9.75,77.0,1959,415.0151972770691
9.75,77.0,1960,559.7829354256392
9.75,77.0,1961,271.3450420945883
9.75,77.0,1962,670.8864402025938
9.75,77.0,1963,359.3741733431816
9.75,77.0,1964,449.03989703953266
9.75,77.0,1965,477.75640849769115
9.75,77.0,1966,490.5329721570015
9.75,77.0,1967,225.23858389258385
9.75,77.0,1968,270.71258818358183
9.75,77.0,1969,326.080182492733
9.75,77.0,1970,385.360063418746
9.75,77.0,1971,486.02938990294933
9.75,77.0,1972,283.95178584754467
9.75,77.0,1973,358.6421987861395
9.75,77.0,1974,346.9099955558777
9.75,77.0,1975,236.37986133992672
9.75,77.0,1976,373.7045477628708
9.75,77.0,1977,587.922378256917
9.75,77.0,1978,492.31338545680046
9.75,77.0,1979,89.53617119789124
9.75,77.0,1980,552.3860099315643
9.75,77.0,1981,763.1393038034439
9.75,77.0,1982,411.7677041143179
9.75,77.0,1983,587.7015442028642
9.75,77.0,1984,244.06744825839996
9.75,77.0,1985,253.05353285372257
9.75,77.0,1986,156.4598205164075
9.75,77.0,1987,582.0658261328936
9.75,77.0,1988,158.4358655437827
9.75,77.0,1989,344.28872096538544
9.75,77.0,1990,438.31100529432297
9.75,77.0,1991,256.4938870668411
9.75,77.0,1992,517.9527387917042
9.75,77.0,1993,628.0164204537868
9.75,77.0,1994,359.2703557610512
9.75,77.0,1995,256.91815304756165
9.75,77.0,1996,237.11803078651428
9.75,77.0,1997,590.3656387105584
9.75,77.0,1998,586.7557441592216
9.75,77.0,1999,457.82905784249306
9.75,77.0,2000,207.41866579651833
9.75,77.0,2001,254.29376243054867
9.75,77.0,2002,568.4336762726307
9.75,77.0,2003,718.4024552106857
9.75,77.0,2004,474.9186811223626
9.75,77.0,2005,776.3788101673126
9.75,77.0,2006,519.463585972786
9.75,77.0,2007,401.26636454463005
9.75,77.0,2008,461.286238104105
9.75,77.0,2009,681.0043136626482
9.75,77.0,2010,439.39669662714005
9.75,77.0,2011,490.92014569044113
9.75,77.0,2012,308.2769068479538
9.75,77.0,2013,331.4081138074398
9.75,77.0,2014,534.6284341663122
9.75,77.0,2015,564.8020409345627
9.75,77.0,2016,178.38521233201027
9.75,77.0,2017,588.2561765760183
9.75,77.0,2018,613.9503627717495
9.75,77.0,2019,467.9587521776557
9.75,77.0,2020,602.3112116158009
9.75,77.0,2021,1152.0259181708097
9.75,77.0,2022,636.4328956454992
9.75,77.0,2023,824.7310615554452
10.0,76.5,1901,638.5671473145485
10.0,76.5,1902,812.1705529242754
10.0,76.5,1903,787.2982329949737
10.0,76.5,1904,379.60972212255
10.0,76.5,1905,580.6731966733932
10.0,76.5,1906,660.2213815823197
10.0,76.5,1907,728.5750369280577
10.0,76.5,1908,469.5971378982067
10.0,76.5,1909,598.33262334764
10.0,76.5,1910,782.665821954608
10.0,76.5,1911,542.1159580349922
10.0,76.5,1912,706.3539554923773
10.0,76.5,1913,657.8981042057276
10.0,76.5,1914,709.4861748069525
10.0,76.5,1915,665.2184849828482
10.0,76.5,1916,571.4568219184875
10.0,76.5,1917,806.046668574214
10.0,76.5,1918,841.0718152821064
10.0,76.5,1919,548.7576519548893
10.0,76.5,1920,776.686229467392
10.0,76.5,1921,674.5331416502595
10.0,76.5,1922,737.8229412138462
10.0,76.5,1923,591.3161706477404
10.0,76.5,1924,582.9848888814449
10.0,76.5,1925,564.1279823929071
10.0,76.5,1926,429.4082949757576
10.0,76.5,1927,302.37317964434624
10.0,76.5,1928,754.3544419854879
10.0,76.5,1929,572.918349981308
10.0,76.5,1930,916.0785866826773
10.0,76.5,1931,381.132111415267
10.0,76.5,1932,895.1216812580824
10.0,76.5,1933,738.8143826127052
10.0,76.5,1934,658.2639980092645
10.0,76.5,1935,686.7790220081806
10.0,76.5,1936,701.5805614888668
10.0,76.5,1937,860.1474753022194
10.0,76.5,1938,456.0585106611252
10.0,76.5,1939,1118.5886703282595
10.0,76.5,1940,705.6178218871355
10.0,76.5,1941,607.4471174180508
10.0,76.5,1942,884.7780812829733
10.0,76.5,1943,1092.7553370296955
10.0,76.5,1944,1125.102292239666
10.0,76.5,1945,616.7423121333122
10.0,76.5,1946,1162.3301847577095
10.0,76.5,1947,626.2307621240616
10.0,76.5,1948,790.1488742828369
10.0,76.5,1949,601.4571557044983
10.0,76.5,1950,588.2601882964373
10.0,76.5,1951,1096.8427089601755
10.0,76.5,1952,804.4356190562248
10.0,76.5,1953,571.0183288156986
10.0,76.5,1954,547.2974624931812
10.0,76.5,1955,791.6122763454914
10.0,76.5,1956,733.7115316838026
10.0,76.5,1957,625.1635360568762
10.0,76.5,1958,673.6917596459389
10.0,76.5,1959,553.3850789815187
10.0,76.5,1960,923.1199844479561
10.0,76.5,1961,414.2870818376541
10.0,76.5,1962,633.2726095318794
10.0,76.5,1963,774.790813088417
10.0,76.5,1964,743.2688229680061
10.0,76.5,1965,759.8319622278214
10.0,76.5,1966,962.1289820671082
10.0,76.5,1967,355.1284648478031
10.0,76.5,1968,543.121838837862
10.0,76.5,1969,698.4393891096115
10.0,76.5,1970,328.19358736276627
10.0,76.5,1971,486.4996143877506
10.0,76.5,1972,882.6336952447891
10.0,76.5,1973,585.8004013895988
10.0,76.5,1974,202.29897619783878
10.0,76.5,1975,1064.6982276439667
10.0,76.5,1976,1074.9041911810637
10.0,76.5,1977,626.6421053111553
10.0,76.5,1978,491.58208805322647
10.0,76.5,1979,430.1673964560032
10.0,76.5,1980,804.2175026088953
10.0,76.5,1981,454.9408680200577
10.0,76.5,1982,395.3351453989744
10.0,76.5,1983,325.3050326257944
10.0,76.5,1984,383.4555076211691
10.0,76.5,1985,439.22662381082773
10.0,76.5,1986,471.3381828516722
10.0,76.5,1987,649.7934498637915
10.0,76.5,1988,144.282157368958
10.0,76.5,1989,372.99470257759094
10.0,76.5,1990,405.29524037241936
10.0,76.5,1991,485.28966307640076
10.0,76.5,1992,572.9905157387257
10.0,76.5,1993,663.2391447126865
10.0,76.5,1994,671.2493553608656
10.0,76.5,1995,596.7332956790924
10.0,76.5,1996,646.0416524410248
10.0,76.5,1997,984.2863193750381
10.0,76.5,1998,739.2858310043812
10.0,76.5,1999,769.445741713047
10.0,76.5,2000,348.264152854681
10.0,76.5,2001,606.1714096665382
10.0,76.5,2002,539.4721821993589
10.0,76.5,2003,515.7272277623415
10.0,76.5,2004,598.7366041243076
10.0,76.5,2005,583.2206243872643
10.0,76.5,2006,880.2940025627613
10.0,76.5,2007,542.3453250527382
10.0,76.5,2008,397.4853584766388
10.0,76.5,2009,560.391117721796
10.0,76.5,2010,1233.090396285057
10.0,76.5,2011,454.7891909778118
10.0,76.5,2012,250.3454603254795
10.0,76.5,2013,590.9328003227711
10.0,76.5,2014,694.9359955787659
10.0,76.5,2015,901.0411286056042
10.0,76.5,2016,281.470422744751
10.0,76.5,2017,589.4731488823891
10.0,76.5,2018,842.7475292384624
10.0,76.5,2019,728.7976340577006
10.0,76.5,2020,451.90931928157806
10.0,76.5,2021,1245.3961850851774
10.0,76.5,2022,735.2382985204458
10.0,76.5,2023,796.1297351047397
10.0,76.75,1901,715.5976928174496
10.0,76.75,1902,956.6974357664585
10.0,76.75,1903,784.2750488072634
10.0,76.75,1904,455.7140253484249
10.0,76.75,1905,435.31815756857395
10.0,76.75,1906,596.6919866204262
10.0,76.75,1907,630.5551831573248
10.0,76.75,1908,432.3404281139374
10.0,76.75,1909,549.777151465416
10.0,76.75,1910,754.2986050844193
10.0,76.75,1911,542.9171325862408
10.0,76.75,1912,544.8658815920353
10.0,76.75,1913,671.3731213659048
10.0,76.75,1914,535.9847521483898
10.0,76.75,1915,456.408825725317
10.0,76.75,1916,320.0518720895052
10.0,76.75,1917,365.8499708622694
10.0,76.75,1918,563.7035570889711
10.0,76.75,1919,475.26081374287605
10.0,76.75,1920,517.1166043877602
10.0,76.75,1921,376.4044057428837
10.0,76.75,1922,662.2434428036213
10.0,76.75,1923,384.66663827747107
10.0,76.75,1924,349.8804235756397
10.0,76.75,1925,526.4835080802441
10.0,76.75,1926,222.79355186223984
10.0,76.75,1927,280.19188833236694
10.0,76.75,1928,486.376825094223
10.0,76.75,1929,356.9199542403221
10.0,76.75,1930,575.6884674727917
10.0,76.75,1931,597.6807494163513
10.0,76.75,1932,569.566265642643
10.0,76.75,1933,603.1046912372112
10.0,76.75,1934,336.59276308864355
10.0,76.75,1935,833.4274343624711
10.0,76.75,1936,666.3421794474125
10.0,76.75,1937,773.1196240186691
10.0,76.75,1938,533.0740395635366
10.0,76.75,1939,1454.581576794386
10.0,76.75,1940,933.8750943690538
10.0,76.75,1941,667.1431337893009
10.0,76.75,1942,989.0137292593718
10.0,76.75,1943,1355.0256984978914
10.0,76.75,1944,1474.4950840175152
10.0,76.75,1945,683.5781568288803
10.0,76.75,1946,1117.0448200851679
10.0,76.75,1947,891.3751270323992
10.0,76.75,1948,733.3901173621416
10.0,76.75,1949,529.0688672438264
10.0,76.75,1950,390.9785681068897
10.0,76.75,1951,1323.5156072080135
10.0,76.75,1952,895.8967098891735
10.0,76.75,1953,704.3282927721739
10.0,76.75,1954,607.2798339277506
10.0,76.75,1955,731.208161175251
10.0,76.75,1956,739.8407549411058
10.0,76.75,1957,510.364838719368
10.0,76.75,1958,688.8459319025278
10.0,76.75,1959,575.8393693864346
10.0,76.75,1960,802.4767642021179
10.0,76.75,1961,360.6275511980057
10.0,76.75,1962,582.6792091876268
10.0,76.75,1963,777.5285376906395
10.0,76.75,1964,965.5091718435287
10.0,76.75,1965,859.3447672128677
10.0,76.75,1966,1034.8278980255127
10.0,76.75,1967,392.5483285486698
10.0,76.75,1968,557.2455169707537
10.0,76.75,1969,641.3671396672726
10.0,76.75,1970,319.35472566634417
10.0,76.75,1971,518.3377864956856
10.0,76.75,1972,715.3091354072094
10.0,76.75,1973,465.6736470758915
10.0,76.75,1974,415.12338703870773
10.0,76.75,1975,884.4915018677711
10.0,76.75,1976,401.50328347086906
10.0,76.75,1977,470.4602327346802
10.0,76.75,1978,360.5359227284789
10.0,76.75,1979,360.41562236845493
10.0,76.75,1980,825.6285795420408
10.0,76.75,1981,417.6556353792548
10.0,76.75,1982,385.8471936583519
10.0,76.75,1983,320.2397820651531
10.0,76.75,1984,839.9188948273659
10.0,76.75,1985,474.8089480996132
10.0,76.75,1986,490.7438452243805
10.0,76.75,1987,690.5025962218642
10.0,76.75,1988,122.04816419631243
10.0,76.75,1989,318.37019777297974
10.0,76.75,1990,542.9299831986427
10.0,76.75,1991,394.1485265493393
10.0,76.75,1992,424.21068485081196
10.0,76.75,1993,585.824833676219
10.0,76.75,1994,523.808817088604
10.0,76.75,1995,337.48983708024025
10.0,76.75,1996,314.2420110106468
10.0,76.75,1997,799.446296185255
10.0,76.75,1998,780.4624165445566
10.0,76.75,1999,797.750833928585
10.0,76.75,2000,209.8615424335003
10.0,76.75,2001,516.1067135930061
10.0,76.75,2002,446.2524713501334
10.0,76.75,2003,532.0806144326925
10.0,76.75,2004,519.6543880552053
10.0,76.75,2005,668.7102278321981
10.0,76.75,2006,668.8682584390044
10.0,76.75,2007,600.8148279488087
10.0,76.75,2008,281.2162122428417
10.0,76.75,2009,581.5919548645616
10.0,76.75,2010,685.548047080636
10.0,76.75,2011,453.2380441427231
10.0,76.75,2012,251.97744146734476
10.0,76.75,2013,396.41065169125795
10.0,76.75,2014,493.291444696486
10.0,76.75,2015,453.1073555201292
10.0,76.75,2016,165.52511045336723
10.0,76.75,2017,401.15117850899696
10.0,76.75,2018,490.25590993463993
10.0,76.75,2019,513.2746663168073
10.0,76.75,2020,403.88139072060585
10.0,76.75,2021,1077.9301316738129
10.0,76.75,2022,670.6887840032578
10.0,76.75,2023,671.4297477193177
10.0,77.0,1901,487.9403394460678
10.0,77.0,1902,650.8884048759937
10.0,77.0,1903,446.04467529803514
10.0,77.0,1904,269.3189575597644
10.0,77.0,1905,367.2691987454891
10.0,77.0,1906,495.0174072086811
10.0,77.0,1907,543.71346385777
10.0,77.0,1908,406.13201200962067
10.0,77.0,1909,728.9263488054276
10.0,77.0,1910,802.9419337511063
10.0,77.0,1911,420.84746837615967
10.0,77.0,1912,473.59100192785263
10.0,77.0,1913,703.8016538321972
10.0,77.0,1914,658.5328814536333
10.0,77.0,1915,411.37794429808855
10.0,77.0,1916,422.98275077342987
10.0,77.0,1917,370.1858440339565
10.0,77.0,1918,718.1044408753514
10.0,77.0,1919,615.5419429913163
10.0,77.0,1920,606.7544212937355
10.0,77.0,1921,516.1370906829834
10.0,77.0,1922,719.0589177906513
10.0,77.0,1923,588.9437907040119
10.0,77.0,1924,382.9324356094003
10.0,77.0,1925,490.96049935370684
10.0,77.0,1926,465.1688917502761
10.0,77.0,1927,729.9502666294575
10.0,77.0,1928,412.4708291441202
10.0,77.0,1929,506.60955569148064
10.0,77.0,1930,910.4618247076869
10.0,77.0,1931,746.0515648201108
10.0,77.0,1932,585.8192800432444
10.0,77.0,1933,809.7287711724639
10.0,77.0,1934,352.6333527714014
10.0,77.0,1935,566.1782841905951
10.0,77.0,1936,647.5485408306122
10.0,77.0,1937,570.473850518465
10.0,77.0,1938,358.19550213962793
10.0,77.0,1939,646.1615195423365
10.0,77.0,1940,682.3915456235409
10.0,77.0,1941,704.6010983288288
10.0,77.0,1942,692.9685745537281
10.0,77.0,1943,510.3898919224739
10.0,77.0,1944,868.733691431582
10.0,77.0,1945,620.2746009230614
10.0,77.0,1946,672.4670439213514
10.0,77.0,1947,203.93401622772217
10.0,77.0,1948,233.49279680103064
10.0,77.0,1949,450.51759860664606
10.0,77.0,1950,376.9306608363986
10.0,77.0,1951,466.34339283406734
10.0,77.0,1952,424.07116010785103
10.0,77.0,1953,453.1051093786955
10.0,77.0,1954,415.9725408554077
10.0,77.0,1955,445.1208182424307
10.0,77.0,1956,515.5423480123281
10.0,77.0,1957,380.17058750241995
10.0,77.0,1958,361.70344699919224
10.0,77.0,1959,506.2072041556239
10.0,77.0,1960,476.80405232310295
10.0,77.0,1961,234.3066751509905
10.0,77.0,1962,454.28774377703667
10.0,77.0,1963,485.36736580729485
10.0,77.0,1964,446.26763428747654
10.0,77.0,1965,378.4404537528753
10.0,77.0,1966,479.6004262417555
10.0,77.0,1967,323.2712957561016
10.0,77.0,1968,155.03575791418552
10.0,77.0,1969,425.272424608469
10.0,77.0,1970,583.9911986738443
10.0,77.0,1971,435.81229194253683
10.0,77.0,1972,365.5137694180012
10.0,77.0,1973,399.767803221941
10.0,77.0,1974,158.0408741235733
10.0,77.0,1975,368.0033615529537
10.0,77.0,1976,490.9613205641508
10.0,77.0,1977,640.1844690740108
10.0,77.0,1978,434.8888212144375
10.0,77.0,1979,594.4533951878548
10.0,77.0,1980,533.3823662996292
10.0,77.0,1981,434.7415304630995
10.0,77.0,1982,315.7221930772066
10.0,77.0,1983,162.83872318267822
10.0,77.0,1984,956.3330871611834
10.0,77.0,1985,313.5185512676835
10.0,77.0,1986,167.9998458325863
10.0,77.0,1987,569.394586622715
10.0,77.0,1988,136.24182684719563
10.0,77.0,1989,335.23081731796265
10.0,77.0,1990,506.6220935881138
10.0,77.0,1991,369.45712197571993
10.0,77.0,1992,373.67806477099657
10.0,77.0,1993,494.72151859104633
10.0,77.0,1994,472.33907057344913
10.0,77.0,1995,295.5599707365036
10.0,77.0,1996,329.97829096764326
10.0,77.0,1997,724.5028841942549
10.0,77.0,1998,670.6457882001996
10.0,77.0,1999,666.5635001659393
10.0,77.0,2000,165.80226157605648
10.0,77.0,2001,518.2379326075315
10.0,77.0,2002,431.4846279323101
10.0,77.0,2003,588.6846504062414
10.0,77.0,2004,504.83538942039013
10.0,77.0,2005,770.9715118855238
10.0,77.0,2006,571.0462649613619
10.0,77.0,2007,496.7466076761484
10.0,77.0,2008,326.0351247265935
10.0,77.0,2009,661.7289554700255
10.0,77.0,2010,613.7594078630209
10.0,77.0,2011,454.09043268859386
10.0,77.0,2012,261.60081654787064
10.0,77.0,2013,250.3439840078354
10.0,77.0,2014,366.87927567213774
10.0,77.0,2015,367.5882415473461
10.0,77.0,2016,95.13090465962887
10.0,77.0,2017,282.99699365347624
10.0,77.0,2018,363.0505858808756
10.0,77.0,2019,459.0987654402852
10.0,77.0,2020,357.56361824274063
10.0,77.0,2021,785.1631463766098
10.0,77.0,2022,531.9922443926334
10.0,77.0,2023,615.342096708715
10.25,76.25,1901,892.9909225404263
10.25,76.25,1902,797.9929058253765
10.25,76.25,1903,853.8692831248045
10.25,76.25,1904,275.54319566488266
10.25,76.25,1905,585.4753689020872
10.25,76.25,1906,661.0535273402929
10.25,76.25,1907,667.9016066789627
10.25,76.25,1908,241.60957857221365
10.25,76.25,1909,584.2163920104504
10.25,76.25,1910,901.7024965584278
10.25,76.25,1911,550.6073176860809
10.25,76.25,1912,641.7029336690903
10.25,76.25,1913,502.902713522315
10.25,76.25,1914,1009.7210056781769
10.25,76.25,1915,497.65956234931946
10.25,76.25,1916,403.97138941287994
10.25,76.25,1917,638.1012887060642
10.25,76.25,1918,664.0049338191748
10.25,76.25,1919,702.633317515254
10.25,76.25,1920,749.265623703599
10.25,76.25,1921,442.80206125974655
10.25,76.25,1922,589.7838708460331
10.25,76.25,1923,358.4622249007225
10.25,76.25,1924,404.407486140728
10.25,76.25,1925,566.9809072315693
10.25,76.25,1926,354.69890826940536
10.25,76.25,1927,278.75873367488384
10.25,76.25,1928,545.7022547870874
10.25,76.25,1929,607.2067841887474
10.25,76.25,1930,731.2603841274977
10.25,76.25,1931,435.16032922267914
10.25,76.25,1932,899.4521430432796
10.25,76.25,1933,607.2111570835114
10.25,76.25,1934,468.42793576419353
10.25,76.25,1935,736.1892667263746
10.25,76.25,1936,546.487395837903
10.25,76.25,1937,749.5808126926422
10.25,76.25,1938,317.5916433930397
10.25,76.25,1939,642.3865409493446
10.25,76.25,1940,693.4029979556799
10.25,76.25,1941,592.8295382857323
10.25,76.25,1942,648.1397698670626
10.25,76.25,1943,625.3503551632166
10.25,76.25,1944,643.6096310019493
10.25,76.25,1945,462.085146009922
10.25,76.25,1946,861.3357302546501
10.25,76.25,1947,215.9529588520527
10.25,76.25,1948,485.2224387973547
10.25,76.25,1949,355.7778006643057
10.25,76.25,1950,480.58979818224907
10.25,76.25,1951,632.7514680027962
10.25,76.25,1952,479.40684109926224
10.25,76.25,1953,520.5990650206804
10.25,76.25,1954,461.72621354460716
10.25,76.25,1955,578.6115669906139
10.25,76.25,1956,696.9471947550774
10.25,76.25,1957,580.2795343995094
10.25,76.25,1958,480.4016258120537
10.25,76.25,1959,402.5892518758774
10.25,76.25,1960,615.2458762824535
10.25,76.25,1961,378.2929162979126
10.25,76.25,1962,701.8560163080692
10.25,76.25,1963,476.0338724255562
10.25,76.25,1964,612.6687631607056
10.25,76.25,1965,554.6890299916267
10.25,76.25,1966,778.2814013361931
10.25,76.25,1967,307.46327090263367
10.25,76.25,1968,375.95733192563057
10.25,76.25,1969,481.58265379071236
10.25,76.25,1970,255.3753347247839
10.25,76.25,1971,371.85710111260414
10.25,76.25,1972,728.8257449269295
10.25,76.25,1973,395.71664817631245
10.25,76.25,1974,136.685931712389
10.25,76.25,1975,693.7035309225321
10.25,76.25,1976,480.2817289084196
10.25,76.25,1977,1070.679379761219
10.25,76.25,1978,698.2075597792864
10.25,76.25,1979,548.2964195609093
10.25,76.25,1980,384.58719688653946
10.25,76.25,1981,623.8223004043102
10.25,76.25,1982,371.41238686442375
10.25,76.25,1983,278.80762527137995
10.25,76.25,1984,433.6612437069416
10.25,76.25,1985,387.3310123383999
10.25,76.25,1986,362.9692992866039
10.25,76.25,1987,581.1792409941554
10.25,76.25,1988,243.0035056322813
10.25,76.25,1989,274.5843647122383
10.25,76.25,1990,463.6944123506546
10.25,76.25,1991,551.5684023201466
10.25,76.25,1992,519.0498782992363
10.25,76.25,1993,660.7627140283585
10.25,76.25,1994,573.4686221778393
10.25,76.25,1995,453.28668051958084
10.25,76.25,1996,381.4783624410629
10.25,76.25,1997,793.7066493779421
10.25,76.25,1998,708.2787495553493
10.25,76.25,1999,721.3429624587297
10.25,76.25,2000,330.519190043211
10.25,76.25,2001,562.5204734951258
10.25,76.25,2002,711.9341149777174
10.25,76.25,2003,486.12181586027145
10.25,76.25,2004,609.3797014653683
10.25,76.25,2005,379.01282301545143
10.25,76.25,2006,876.582513988018
10.25,76.25,2007,510.64662508666515
10.25,76.25,2008,344.91541288793087
10.25,76.25,2009,503.7347907423973
10.25,76.25,2010,1030.3115769922733
10.25,76.25,2011,432.13697907328606
10.25,76.25,2012,215.18598029017448
10.25,76.25,2013,539.1025927215815
10.25,76.25,2014,686.9060343205929
10.25,76.25,2015,763.1796334832907
10.25,76.25,2016,192.46668007969856
10.25,76.25,2017,408.26967142522335
10.25,76.25,2018,513.997601121664
10.25,76.25,2019,917.553200289607
10.25,76.25,2020,360.89803894609213
10.25,76.25,2021,944.5946221649647
10.25,76.25,2022,363.32020127773285
10.25,76.25,2023,648.969506368041
10.25,76.5,1901,824.7467729002237
10.25,76.5,1902,895.5889401733875
10.25,76.5,1903,885.0735355317593
10.25,76.5,1904,327.61836355924606
10.25,76.5,1905,599.281800314784
10.25,76.5,1906,658.4605913758278
10.25,76.5,1907,735.0526408702135
10.25,76.5,1908,293.19618797302246
10.25,76.5,1909,600.1204522401094
10.25,76.5,1910,869.1091697365046
10.25,76.5,1911,485.574131667614
10.25,76.5,1912,610.5340572297573
10.25,76.5,1913,553.0829538106918
10.25,76.5,1914,956.353081472218
10.25,76.5,1915,536.0778761506081
10.25,76.5,1916,372.12794160842896
10.25,76.5,1917,648.6975829154253
10.25,76.5,1918,705.774682328105
10.25,76.5,1919,694.5727861821651
10.25,76.5,1920,734.4412985742092
10.25,76.5,1921,505.89865231513977
10.25,76.5,1922,621.2365925908089
10.25,76.5,1923,410.19631819427013
10.25,76.5,1924,460.12438321113586
10.25,76.5,1925,575.7471110224724
10.25,76.5,1926,381.8374093621969
10.25,76.5,1927,271.8216666802764
10.25,76.5,1928,598.520210057497
10.25,76.5,1929,589.9816219806671
10.25,76.5,1930,766.8092058300972
10.25,76.5,1931,467.23225221037865
10.25,76.5,1932,887.6263802796602
10.25,76.5,1933,649.4308813810349
10.25,76.5,1934,516.8502790629864
10.25,76.5,1935,770.5995670706034
10.25,76.5,1936,625.0772752463818
10.25,76.5,1937,849.261832177639
10.25,76.5,1938,385.26805564016104
10.25,76.5,1939,859.9218016415834
10.25,76.5,1940,744.4672459810972
10.25,76.5,1941,617.8616897463799
10.25,76.5,1942,778.840256229043
10.25,76.5,1943,827.0467684715986
10.25,76.5,1944,875.7021618485451
10.25,76.5,1945,527.480482339859
10.25,76.5,1946,1023.2803279012442
10.25,76.5,1947,420.70459309220314
10.25,76.5,1948,619.5952325463295
10.25,76.5,1949,483.3040051981807
10.25,76.5,1950,535.6997774839401
10.25,76.5,1951,868.2409417629242
10.25,76.5,1952,672.8602052927017
10.25,76.5,1953,597.392877265811
10.25,76.5,1954,565.9058471173048
10.25,76.5,1955,562.0536425113678
10.25,76.5,1956,719.6624458432198
10.25,76.5,1957,656.9474294185638
10.25,76.5,1958,549.1735350191593
10.25,76.5,1959,460.3210695683956
10.25,76.5,1960,716.1494544744492
10.25,76.5,1961,387.60931681096554
10.25,76.5,1962,701.2510721385479
10.25,76.5,1963,613.304916113615
10.25,76.5,1964,696.0851151645184
10.25,76.5,1965,596.7904685735703
10.25,76.5,1966,874.9548056423664
10.25,76.5,1967,352.6614928394556
10.25,76.5,1968,412.8558726012707
10.25,76.5,1969,577.6360009908676
10.25,76.5,1970,256.8045531138778
10.25,76.5,1971,428.38351652771235
10.25,76.5,1972,661.3638286888599
10.25,76.5,1973,439.44815450906754
10.25,76.5,1974,140.55898523330688
10.25,76.5,1975,563.2508027255535
10.25,76.5,1976,745.7491733580828
10.25,76.5,1977,818.2330937683582
10.25,76.5,1978,618.3189420104027
10.25,76.5,1979,588.2137830108404
10.25,76.5,1980,571.6153957247734
10.25,76.5,1981,326.5349310040474
10.25,76.5,1982,431.03234761953354
10.25,76.5,1983,317.7382956892252
10.25,76.5,1984,452.2457158714533
10.25,76.5,1985,455.99398282170296
10.25,76.5,1986,474.620425760746
10.25,76.5,1987,687.5060339570045
10.25,76.5,1988,234.68031999468803
10.25,76.5,1989,336.4862388074398
10.25,76.5,1990,363.0545435845852
10.25,76.5,1991,466.8656258881092
10.25,76.5,1992,496.15354388952255
10.25,76.5,1993,618.8534002900124
10.25,76.5,1994,477.02581164240837
10.25,76.5,1995,443.3465950489044
10.25,76.5,1996,274.51870304346085
10.25,76.5,1997,917.0991775691509
10.25,76.5,1998,787.1034419834614
10.25,76.5,1999,791.5429293811321
10.25,76.5,2000,299.0585126876831
10.25,76.5,2001,349.02342614531517
10.25,76.5,2002,202.72179871797562
10.25,76.5,2003,163.32285185158253
10.25,76.5,2004,537.1835876256227
10.25,76.5,2005,374.7425755560398
10.25,76.5,2006,857.1367374360561
10.25,76.5,2007,638.462652400136
10.25,76.5,2008,321.2617537677288
10.25,76.5,2009,490.527047008276
10.25,76.5,2010,945.8376611769199
10.25,76.5,2011,425.07724399864674
10.25,76.5,2012,216.5053639858961
10.25,76.5,2013,375.01664900779724
10.25,76.5,2014,441.6752315610647
10.25,76.5,2015,525.09067286551
10.25,76.5,2016,180.1749483793974
10.25,76.5,2017,271.56957645714283
10.25,76.5,2018,469.1862672418356
10.25,76.5,2019,515.1060928702354
10.25,76.5,2020,312.86933770775795
10.25,76.5,2021,1001.0792480409145
10.25,76.5,2022,512.0452483594418
10.25,76.5,2023,638.355409193784
10.25,76.75,1901,610.3610983043909
10.25,76.75,1902,778.1723372340202
10.25,76.75,1903,564.111324891448
10.25,76.75,1904,220.4308677315712
10.25,76.75,1905,399.7069521546364
10.25,76.75,1906,523.7716751992702
10.25,76.75,1907,577.7750564515591
10.25,76.75,1908,339.37999352812767
10.25,76.75,1909,566.8224491178989
10.25,76.75,1910,805.1163333654404
10.25,76.75,1911,423.5169528722763
10.25,76.75,1912,462.4753508865833
10.25,76.75,1913,558.9183163046837
10.25,76.75,1914,670.8178033232689
10.25,76.75,1915,427.3198909461498
10.25,76.75,1916,308.8740324676037
10.25,76.75,1917,385.84521670639515
10.25,76.75,1918,576.4849786013365
10.25,76.75,1919,506.2282261699438
10.25,76.75,1920,595.2812518179417
10.25,76.75,1921,355.3092772066593
10.25,76.75,1922,689.319653481245
10.25,76.75,1923,390.4985717833042
10.25,76.75,1924,359.30569592118263
10.25,76.75,1925,668.2361320257187
10.25,76.75,1926,303.9366682469845
10.25,76.75,1927,280.6257226765156
10.25,76.75,1928,491.86031582951546
10.25,76.75,1929,408.9173123240471
10.25,76.75,1930,699.193043909967
10.25,76.75,1931,666.7414268553257
10.25,76.75,1932,568.8817639872432
10.25,76.75,1933,657.1304086521268
10.25,76.75,1934,418.2190999761224
10.25,76.75,1935,755.8970286548138
10.25,76.75,1936,639.334826990962
10.25,76.75,1937,683.1603072285652
10.25,76.75,1938,460.4308663457632
10.25,76.75,1939,1110.9674746841192
10.25,76.75,1940,819.2933915555477
10.25,76.75,1941,576.5774143189192
10.25,76.75,1942,803.8115459382534
10.25,76.75,1943,1026.6529922932386
10.25,76.75,1944,1166.9520103484392
10.25,76.75,1945,624.133780926466
10.25,76.75,1946,951.1054795086384
10.25,76.75,1947,645.6092885434628
10.25,76.75,1948,585.3740916401148
10.25,76.75,1949,441.01025692373514
10.25,76.75,1950,296.8363297730684
10.25,76.75,1951,583.7538874745369
10.25,76.75,1952,514.5144236087799
10.25,76.75,1953,372.4998617321253
10.25,76.75,1954,527.1584121882915
10.25,76.75,1955,527.1915575265884
10.25,76.75,1956,616.4406632781029
10.25,76.75,1957,640.2658192366362
10.25,76.75,1958,372.3421851694584
10.25,76.75,1959,548.1304011717439
10.25,76.75,1960,777.6691440343857
10.25,76.75,1961,411.1141724139452
10.25,76.75,1962,387.63354644179344
10.25,76.75,1963,845.8156074658036
10.25,76.75,1964,742.9758922755718
10.25,76.75,1965,512.2537401169538
10.25,76.75,1966,902.2686348706484
10.25,76.75,1967,383.503634929657
10.25,76.75,1968,301.19501143693924
10.25,76.75,1969,403.2002087235451
10.25,76.75,1970,405.91078916192055
10.25,76.75,1971,515.779198795557
10.25,76.75,1972,442.86071909964085
10.25,76.75,1973,378.87462297827005
10.25,76.75,1974,208.06952250748873
10.25,76.75,1975,353.83869671821594
10.25,76.75,1976,603.0490646213293
10.25,76.75,1977,761.7392367720604
10.25,76.75,1978,588.172211587429
10.25,76.75,1979,625.386268734932
10.25,76.75,1980,629.9776235222816
10.25,76.75,1981,362.2992762774229
10.25,76.75,1982,470.1741782426834
10.25,76.75,1983,495.4707541614771
10.25,76.75,1984,596.247540384531
10.25,76.75,1985,505.04766634851694
10.25,76.75,1986,540.2124130502343
10.25,76.75,1987,697.0054227560759
10.25,76.75,1988,176.55746120214462
10.25,76.75,1989,331.2452924400568
10.25,76.75,1990,508.2710106000304
10.25,76.75,1991,379.26479171961546
10.25,76.75,1992,510.87839341163635
10.25,76.75,1993,783.2029494717717
10.25,76.75,1994,626.1163905858994
10.25,76.75,1995,360.0608187019825
10.25,76.75,1996,193.78005157411098
10.25,76.75,1997,877.7525139302015
10.25,76.75,1998,934.150922358036
10.25,76.75,1999,965.4640870988369
10.25,76.75,2000,268.6007936298847
10.25,76.75,2001,126.2166353315115
10.25,76.75,2002,168.28552370518446
10.25,76.75,2003,147.14666026830673
10.25,76.75,2004,506.9606166481972
10.25,76.75,2005,557.4277185723186
10.25,76.75,2006,608.725928902626
10.25,76.75,2007,721.3195184916258
10.25,76.75,2008,263.9163233935833
10.25,76.75,2009,576.1594486087561
10.25,76.75,2010,773.1210202127695
10.25,76.75,2011,426.4808814972639
10.25,76.75,2012,219.8757585734129
10.25,76.75,2013,261.8849448338151
10.25,76.75,2014,369.143095523119
10.25,76.75,2015,385.5513072758913
10.25,76.75,2016,164.01304853707552
10.25,76.75,2017,245.76876263320446
10.25,76.75,2018,439.9558939784765
10.25,76.75,2019,473.07854004204273
10.25,76.75,2020,383.6618412435055
10.25,76.75,2021,1011.1991658210754
10.25,76.75,2022,661.8630103245378
10.25,76.75,2023,711.6345547894016
10.5,76.25,1901,676.088729031384
10.5,76.25,1902,695.5036686956882
10.5,76.25,1903,658.0277561843395
10.5,76.25,1904,434.809520162642
10.5,76.25,1905,540.8945666924119
10.5,76.25,1906,326.12430964410305
10.5,76.25,1907,554.1669375896454
10.5,76.25,1908,335.0518729388714
10.5,76.25,1909,282.55380448699
10.5,76.25,1910,595.1959429755807
10.5,76.25,1911,370.0218926817179
10.5,76.25,1912,485.25186836719513
10.5,76.25,1913,455.26636466383934
10.5,76.25,1914,485.956763446331
10.5,76.25,1915,522.5512131154537
10.5,76.25,1916,350.6754432618618
10.5,76.25,1917,406.59481289982796
10.5,76.25,1918,524.5094186142087
10.5,76.25,1919,484.1684008836746
10.5,76.25,1920,767.4218333214521
10.5,76.25,1921,357.87181762605906
10.5,76.25,1922,370.2081367895007
10.5,76.25,1923,189.52644614875317
10.5,76.25,1924,418.71579629182816
10.5,76.25,1925,459.77937519550323
10.5,76.25,1926,230.35790139436722
10.5,76.25,1927,228.27453266829252
10.5,76.25,1928,405.6667959392071
10.5,76.25,1929,549.5967958420515
10.5,76.25,1930,729.3377318680286
10.5,76.25,1931,267.10728934407234
10.5,76.25,1932,677.7866397872567
10.5,76.25,1933,405.90767626464367
10.5,76.25,1934,332.65836076438427
10.5,76.25,1935,478.58468133211136
10.5,76.25,1936,370.141936391592
10.5,76.25,1937,456.9641793221235
10.5,76.25,1938,266.3279354274273
10.5,76.25,1939,477.0988699942827
10.5,76.25,1940,412.6409667134285
10.5,76.25,1941,580.4316750243306
10.5,76.25,1942,580.5723538845778
10.5,76.25,1943,636.9502757489681
10.5,76.25,1944,508.66738975048065
10.5,76.25,1945,364.9009230285883
10.5,76.25,1946,693.1405614316463
10.5,76.25,1947,123.19822108745575
10.5,76.25,1948,372.6385124325752
10.5,76.25,1949,257.4627300798893
10.5,76.25,1950,355.36749336123466
10.5,76.25,1951,321.7792693376541
10.5,76.25,1952,343.81566390395164
10.5,76.25,1953,298.56151139736176
10.5,76.25,1954,258.13689306378365
10.5,76.25,1955,512.2441449165344
10.5,76.25,1956,468.2353530526161
10.5,76.25,1957,587.0072689801455
10.5,76.25,1958,367.8273193538189
10.5,76.25,1959,434.94423462450504
10.5,76.25,1960,634.4521333128214
10.5,76.25,1961,354.60413824021816
10.5,76.25,1962,516.1833889037371
10.5,76.25,1963,336.5547966659069
10.5,76.25,1964,798.0575863867998
10.5,76.25,1965,395.5940891504288
10.5,76.25,1966,854.3686935603619
10.5,76.25,1967,207.93644326925278
10.5,76.25,1968,125.86828442662954
10.5,76.25,1969,437.3575214371085
10.5,76.25,1970,216.35342119634151
10.5,76.25,1971,216.68190211057663
10.5,76.25,1972,595.7763251513243
10.5,76.25,1973,332.08394876122475
10.5,76.25,1974,173.88563671708107
10.5,76.25,1975,598.2153758257627
10.5,76.25,1976,479.8796043768525
10.5,76.25,1977,918.9181664437056
10.5,76.25,1978,605.7812132537365
10.5,76.25,1979,492.19550451636314
10.5,76.25,1980,560.6096873283386
10.5,76.25,1981,443.07148361206055
10.5,76.25,1982,326.9644826054573
10.5,76.25,1983,304.1873669028282
10.5,76.25,1984,327.38927978277206
10.5,76.25,1985,273.4179240614176
10.5,76.25,1986,385.23814556002617
10.5,76.25,1987,556.0945469588041
10.5,76.25,1988,107.32688339054585
10.5,76.25,1989,260.2109535485506
10.5,76.25,1990,476.7888095378876
10.5,76.25,1991,378.15782391279936
10.5,76.25,1992,536.5881821960211
10.5,76.25,1993,584.5720267295837
10.5,76.25,1994,452.09703865647316
10.5,76.25,1995,278.59686125814915
10.5,76.25,1996,233.38630837202072
10.5,76.25,1997,564.2714501693845
10.5,76.25,1998,665.2267767190933
10.5,76.25,1999,607.6483215689659
10.5,76.25,2000,264.8300705254078
10.5,76.25,2001,455.2844030559063
10.5,76.25,2002,535.7782519161701
10.5,76.25,2003,391.6904232800007
10.5,76.25,2004,583.6058772951365
10.5,76.25,2005,297.30616745352745
10.5,76.25,2006,510.1594042927027
10.5,76.25,2007,471.1225458830595
10.5,76.25,2008,429.10009329020977
10.5,76.25,2009,268.39647175371647
10.5,76.25,2010,981.2856442257762
10.5,76.25,2011,418.6448397412896
10.5,76.25,2012,207.76989391446114
10.5,76.25,2013,638.8720517605543
10.5,76.25,2014,422.4221441075206
10.5,76.25,2015,480.3066142350435
10.5,76.25,2016,160.49133510142565
10.5,76.25,2017,288.1705819070339
10.5,76.25,2018,321.5284593999386
10.5,76.25,2019,520.9299833327532
10.5,76.25,2020,289.73405297100544
10.5,76.25,2021,975.582127802074
10.5,76.25,2022,306.0461822003126
10.5,76.25,2023,508.36866443417966
10.5,76.5,1901,495.2075152397156
10.5,76.5,1902,605.4127988815308
10.5,76.5,1903,365.4366270005703
10.5,76.5,1904,272.78486663103104
10.5,76.5,1905,406.9502614736557
10.5,76.5,1906,276.7184191197157
10.5,76.5,1907,332.79974856972694
10.5,76.5,1908,304.271097689867
10.5,76.5,1909,325.86201614141464
10.5,76.5,1910,515.2340307235718
10.5,76.5,1911,260.03240352869034
10.5,76.5,1912,382.0575730204582
10.5,76.5,1913,355.64214577525854
10.5,76.5,1914,445.0006367266178
10.5,76.5,1915,547.0152736529708
10.5,76.5,1916,282.0888375043869
10.5,76.5,1917,405.3584176823497
10.5,76.5,1918,481.7155606672168
10.5,76.5,1919,423.2236971780658
10.5,76.5,1920,552.2386366426945
10.5,76.5,1921,252.834332883358
10.5,76.5,1922,343.60747615993023
10.5,76.5,1923,163.54413305222988
10.5,76.5,1924,442.8861605450511
10.5,76.5,1925,345.2803139016032
10.5,76.5,1926,235.71532128751278
10.5,76.5,1927,225.8256219625473
10.5,76.5,1928,237.83661329746246
10.5,76.5,1929,365.5372318774462
10.5,76.5,1930,670.640771433711
10.5,76.5,1931,353.5052168890834
10.5,76.5,1932,512.6012570261955
10.5,76.5,1933,411.5636727064848
10.5,76.5,1934,275.01307052373886
10.5,76.5,1935,479.9252915531397
10.5,76.5,1936,473.47924011945724
10.5,76.5,1937,487.1823771223426
10.5,76.5,1938,266.72122491151094
10.5,76.5,1939,487.7835716679692
10.5,76.5,1940,376.6763976365328
10.5,76.5,1941,420.0942172110081
10.5,76.5,1942,395.8586211130023
10.5,76.5,1943,522.7612971067429
10.5,76.5,1944,404.4027048945427
10.5,76.5,1945,396.1933904290199
10.5,76.5,1946,635.6647341102362
10.5,76.5,1947,165.19483937323093
10.5,76.5,1948,353.4012436270714
10.5,76.5,1949,272.4506854712963
10.5,76.5,1950,297.1186885535717
10.5,76.5,1951,424.0896535515785
10.5,76.5,1952,247.55639915168285
10.5,76.5,1953,265.83970764279366
10.5,76.5,1954,278.1021681725979
10.5,76.5,1955,279.43034970760345
10.5,76.5,1956,372.8407240062952
10.5,76.5,1957,383.42468474805355
10.5,76.5,1958,322.756844073534
10.5,76.5,1959,435.5565359890461
10.5,76.5,1960,655.1574814766645
10.5,76.5,1961,371.73141092061996
10.5,76.5,1962,547.7216704785824
10.5,76.5,1963,369.2701591104269
10.5,76.5,1964,914.8910048305988
10.5,76.5,1965,365.59645418822765
10.5,76.5,1966,556.751293592155
10.5,76.5,1967,202.28254759311676
10.5,76.5,1968,205.03356731683016
10.5,76.5,1969,397.306394726038
10.5,76.5,1970,304.0520432293415
10.5,76.5,1971,390.3638953268528
10.5,76.5,1972,510.8955361843109
10.5,76.5,1973,397.6463366150856
10.5,76.5,1974,104.63203478604555
10.5,76.5,1975,425.7188441604376
10.5,76.5,1976,505.99696215987206
10.5,76.5,1977,613.7701665610075
10.5,76.5,1978,303.1138568520546
10.5,76.5,1979,532.7347415834665
10.5,76.5,1980,523.7843372225761
10.5,76.5,1981,248.3727728575468
10.5,76.5,1982,292.0775636434555
10.5,76.5,1983,300.237546056509
10.5,76.5,1984,276.4731445610523
10.5,76.5,1985,227.17080413550138
10.5,76.5,1986,272.8466086834669
10.5,76.5,1987,510.6244891509414
10.5,76.5,1988,93.7257077768445
10.5,76.5,1989,270.1357718035579
10.5,76.5,1990,292.3684448748827
10.5,76.5,1991,273.9349696934223
10.5,76.5,1992,424.93906296789646
10.5,76.5,1993,513.2978158146143
10.5,76.5,1994,381.47252383828163
10.5,76.5,1995,201.78108863532543
10.5,76.5,1996,258.19908115267754
10.5,76.5,1997,433.9802669733763
10.5,76.5,1998,558.0921829938889
10.5,76.5,1999,528.0656055212021
10.5,76.5,2000,219.10072737932205
10.5,76.5,2001,340.5717842578888
10.5,76.5,2002,235.24633828550577
10.5,76.5,2003,239.53958204388618
10.5,76.5,2004,279.76139560341835
10.5,76.5,2005,293.43262545764446
10.5,76.5,2006,283.3802538216114
10.5,76.5,2007,614.009429693222
10.5,76.5,2008,346.17232010513544
10.5,76.5,2009,422.7116897702217
10.5,76.5,2010,621.4208148419857
10.5,76.5,2011,418.0272805169225
10.5,76.5,2012,209.6096380352974
10.5,76.5,2013,302.31789711117744
10.5,76.5,2014,206.79249611496925
10.5,76.5,2015,237.58818712830544
10.5,76.5,2016,125.86907386779785
10.5,76.5,2017,116.9274990260601
10.5,76.5,2018,221.33614340424538
10.5,76.5,2019,326.179477378726
10.5,76.5,2020,174.74020901322365
10.5,76.5,2021,853.2240063846111
10.5,76.5,2022,279.02411463856697
10.5,76.5,2023,440.28168730437756
10.5,76.75,1901,312.68988567590714
10.5,76.75,1902,617.9997895956039
10.5,76.75,1903,234.4052154123783
10.5,76.75,1904,175.96242310106754
10.5,76.75,1905,249.83452773839235
10.5,76.75,1906,311.6341123729944
10.5,76.75,1907,332.12609411776066
10.5,76.75,1908,388.5728401839733
10.5,76.75,1909,214.69589802622795
10.5,76.75,1910,369.06676273047924
10.5,76.75,1911,250.56611600518227
10.5,76.75,1912,453.7250459045172
10.5,76.75,1913,303.8240383863449
10.5,76.75,1914,299.1007639914751
10.5,76.75,1915,345.8661916330457
10.5,76.75,1916,299.5103697925806
10.5,76.75,1917,355.9841612353921
10.5,76.75,1918,453.86058305203915
10.5,76.75,1919,388.87521347403526
10.5,76.75,1920,429.137499794364
10.5,76.75,1921,277.5899292677641
10.5,76.75,1922,545.6198090314865
10.5,76.75,1923,229.0412604957819
10.5,76.75,1924,408.56459653377533
10.5,76.75,1925,574.835885874927
10.5,76.75,1926,303.9465183764696
10.5,76.75,1927,281.0766113102436
10.5,76.75,1928,302.30681105703115
10.5,76.75,1929,428.8406286612153
10.5,76.75,1930,816.6729490906
10.5,76.75,1931,499.3350229561329
10.5,76.75,1932,568.8107066377997
10.5,76.75,1933,751.3702536225319
10.5,76.75,1934,371.00490313768387
10.5,76.75,1935,599.2494073361158
10.5,76.75,1936,720.9733641669154
10.5,76.75,1937,624.0902552828193
10.5,76.75,1938,300.6033204495907
10.5,76.75,1939,684.1618466973305
10.5,76.75,1940,644.8409608826041
10.5,76.75,1941,465.83578134328127
10.5,76.75,1942,504.98460721224546
10.5,76.75,1943,515.4581564441323
10.5,76.75,1944,554.2205536663532
10.5,76.75,1945,263.1429681777954
10.5,76.75,1946,811.8217721283436
10.5,76.75,1947,353.89196948707104
10.5,76.75,1948,476.2071972563863
10.5,76.75,1949,460.3918517753482
10.5,76.75,1950,415.23966716229916
10.5,76.75,1951,487.0507562160492
10.5,76.75,1952,464.6012069284916
10.5,76.75,1953,322.6788114309311
10.5,76.75,1954,490.95217637717724
10.5,76.75,1955,615.3033187687397
10.5,76.75,1956,606.3984273970127
10.5,76.75,1957,582.494861356914
10.5,76.75,1958,340.1039655804634
10.5,76.75,1959,538.7463806718588
10.5,76.75,1960,712.0758472979069
10.5,76.75,1961,441.0175204128027
10.5,76.75,1962,406.2869964540005
10.5,76.75,1963,623.1333772540092
10.5,76.75,1964,633.363942578435
10.5,76.75,1965,407.988890171051
10.5,76.75,1966,791.5306869745255
10.5,76.75,1967,364.42902982234955
10.5,76.75,1968,218.73273319005966
10.5,76.75,1969,444.5752967298031
10.5,76.75,1970,426.56509789824486
10.5,76.75,1971,585.4194077253342
10.5,76.75,1972,376.9755098670721
10.5,76.75,1973,331.5611373782158
10.5,76.75,1974,178.9190768301487
10.5,76.75,1975,481.3417358547449
10.5,76.75,1976,499.3003245294094
10.5,76.75,1977,553.4562091827393
10.5,76.75,1978,405.13026747107506
10.5,76.75,1979,637.34036128968
10.5,76.75,1980,489.3579937964678
10.5,76.75,1981,259.87495839595795
10.5,76.75,1982,314.2876844406128
10.5,76.75,1983,262.7733655720949
10.5,76.75,1984,323.2695841938257
10.5,76.75,1985,394.32545006275177
10.5,76.75,1986,387.3848410397768
10.5,76.75,1987,453.17625304311514
10.5,76.75,1988,253.86942632496357
10.5,76.75,1989,423.2082657366991
10.5,76.75,1990,480.7676285505295
10.5,76.75,1991,201.87553358078003
10.5,76.75,1992,528.9288753420115
10.5,76.75,1993,791.3898255228996
10.5,76.75,1994,507.0193110704422
10.5,76.75,1995,175.75763922929764
10.5,76.75,1996,204.14589282870293
10.5,76.75,1997,554.9216473996639
10.5,76.75,1998,652.079361513257
10.5,76.75,1999,652.1275720894337
10.5,76.75,2000,304.48505491018295
10.5,76.75,2001,30.19520655274391
10.5,76.75,2002,27.177395939826965
10.5,76.75,2003,40.05895645171404
10.5,76.75,2004,264.5232544243336
10.5,76.75,2005,460.5031829625368
10.5,76.75,2006,288.8079877793789
10.5,76.75,2007,626.1582060754299
10.5,76.75,2008,317.07385566830635
10.5,76.75,2009,460.18542043864727
10.5,76.75,2010,739.6479831784964
10.5,76.75,2011,419.27997367084026
10.5,76.75,2012,210.65678223967552
10.5,76.75,2013,273.11532682180405
10.5,76.75,2014,321.70165210962296
10.5,76.75,2015,337.16716888546944
10.5,76.75,2016,181.6212988346815
10.5,76.75,2017,163.33869974315166
10.5,76.75,2018,323.93199479579926
10.5,76.75,2019,429.73468942940235
10.5,76.75,2020,277.57805612683296
10.5,76.75,2021,869.3022181242704
10.5,76.75,2022,511.2972573786974
10.5,76.75,2023,430.87783339619637
10.75,76.0,1901,489.4927686750889
10.75,76.0,1902,520.2893872559071
10.75,76.0,1903,498.31302584707737
10.75,76.0,1904,399.9802235662937
10.75,76.0,1905,432.833152115345
10.75,76.0,1906,331.00877034664154
10.75,76.0,1907,726.6477883756161
10.75,76.0,1908,206.85114404559135
10.75,76.0,1909,276.45935598760843
10.75,76.0,1910,597.6106710284948
10.75,76.0,1911,470.9196590781212
10.75,76.0,1912,420.80238573253155
10.75,76.0,1913,607.7734700143337
10.75,76.0,1914,591.9001370370388
10.75,76.0,1915,519.4661288708448
10.75,76.0,1916,288.07769390940666
10.75,76.0,1917,438.5649424344301
10.75,76.0,1918,604.0618408918381
10.75,76.0,1919,534.7472790181637
10.75,76.0,1920,842.0528519451618
10.75,76.0,1921,308.69316144287586
10.75,76.0,1922,462.4308589398861
10.75,76.0,1923,282.14934888482094
10.75,76.0,1924,438.1995908766985
10.75,76.0,1925,587.1184886097908
10.75,76.0,1926,226.78805100917816
10.75,76.0,1927,236.7403338626027
10.75,76.0,1928,464.85785380005836
10.75,76.0,1929,492.4538483917713
10.75,76.0,1930,718.4584451168776
10.75,76.0,1931,281.53622131049633
10.75,76.0,1932,710.5942411124706
10.75,76.0,1933,517.158726900816
10.75,76.0,1934,432.07737036049366
10.75,76.0,1935,691.6595927476883
10.75,76.0,1936,419.5245147794485
10.75,76.0,1937,501.4564189016819
10.75,76.0,1938,272.34005457162857
10.75,76.0,1939,569.6442084014416
10.75,76.0,1940,513.6997218132019
10.75,76.0,1941,561.881947696209
10.75,76.0,1942,716.6405607014894
10.75,76.0,1943,634.1696837544441
10.75,76.0,1944,556.5038430094719
10.75,76.0,1945,400.46203285455704
10.75,76.0,1946,779.008376032114
10.75,76.0,1947,156.06425768136978
10.75,76.0,1948,286.4721533060074
10.75,76.0,1949,221.80680595338345
10.75,76.0,1950,417.7404447197914
10.75,76.0,1951,467.537359431386
10.75,76.0,1952,444.79080551862717
10.75,76.0,1953,331.6360926479101
10.75,76.0,1954,272.7664776444435
10.75,76.0,1955,476.23183649778366
10.75,76.0,1956,395.11034536361694
10.75,76.0,1957,584.1380004882812
10.75,76.0,1958,401.97921116650105
10.75,76.0,1959,482.32704895734787
10.75,76.0,1960,668.3737236559391
10.75,76.0,1961,301.0254859030247
10.75,76.0,1962,544.4481378644705
10.75,76.0,1963,377.32143430411816
10.75,76.0,1964,550.7412424087524
10.75,76.0,1965,434.3431688249111
10.75,76.0,1966,746.8945271372795
10.75,76.0,1967,283.4651934206486
10.75,76.0,1968,304.49701914191246
10.75,76.0,1969,329.19864423573017
10.75,76.0,1970,316.6414397209883
10.75,76.0,1971,275.1089771389961
10.75,76.0,1972,610.0898294597864
10.75,76.0,1973,335.6615504100919
10.75,76.0,1974,154.28981894999743
10.75,76.0,1975,475.8724844008684
10.75,76.0,1976,559.48382075876
10.75,76.0,1977,928.5257263481617
10.75,76.0,1978,633.0712702721357
10.75,76.0,1979,574.5315615832806
10.75,76.0,1980,445.5441367030144
10.75,76.0,1981,449.2409772127867
10.75,76.0,1982,286.2401964664459
10.75,76.0,1983,323.78785140812397
10.75,76.0,1984,338.91684833168983
10.75,76.0,1985,215.054504647851
10.75,76.0,1986,406.39961355924606
10.75,76.0,1987,529.407087251544
10.75,76.0,1988,122.72349473834038
10.75,76.0,1989,262.3028276860714
10.75,76.0,1990,510.38554902374744
10.75,76.0,1991,550.2774203121662
10.75,76.0,1992,390.8342325389385
10.75,76.0,1993,442.97264287620783
10.75,76.0,1994,508.1865049600601
10.75,76.0,1995,377.2090729251504
10.75,76.0,1996,363.9847716540098
10.75,76.0,1997,622.9072241410613
10.75,76.0,1998,450.0101021528244
10.75,76.0,1999,361.71600772440434
10.75,76.0,2000,346.926503226161
10.75,76.0,2001,436.0232652127743
10.75,76.0,2002,534.1528017967939
10.75,76.0,2003,420.9617599248886
10.75,76.0,2004,435.8039431720972
10.75,76.0,2005,306.8694964200258
10.75,76.0,2006,524.2431068122387
10.75,76.0,2007,351.08705489337444
10.75,76.0,2008,320.5833156853914
10.75,76.0,2009,443.63485868275166
10.75,76.0,2010,718.5562021285295
10.75,76.0,2011,392.05936175584793
10.75,76.0,2012,231.2091518342495
10.75,76.0,2013,321.08592399954796
10.75,76.0,2014,468.67776484787464
10.75,76.0,2015,562.4081051647663
10.75,76.0,2016,105.09418620169163
10.75,76.0,2017,217.3183705508709
10.75,76.0,2018,219.3715406805277
10.75,76.0,2019,478.10078182816505
10.75,76.0,2020,215.82918271422386
10.75,76.0,2021,917.7605886012316
10.75,76.0,2022,241.23574171960354
10.75,76.0,2023,559.7540573207662
10.75,76.25,1901,415.16859605908394
10.75,76.25,1902,520.4206720739603
10.75,76.25,1903,438.36236830055714
10.75,76.25,1904,422.271507948637
10.75,76.25,1905,393.7919974923134
10.75,76.25,1906,396.3435276299715
10.75,76.25,1907,551.9980591237545
10.75,76.25,1908,203.92819794267416
10.75,76.25,1909,371.55445974320173
10.75,76.25,1910,529.3961404711008
10.75,76.25,1911,372.6781420558691
10.75,76.25,1912,372.61987698078156
10.75,76.25,1913,577.6300015896559
10.75,76.25,1914,549.9460043907166
10.75,76.25,1915,589.1164394915104
10.75,76.25,1916,278.49679808318615
10.75,76.25,1917,493.71235828101635
10.75,76.25,1918,478.63768769800663
10.75,76.25,1919,436.8890080899
10.75,76.25,1920,951.5447040200233
10.75,76.25,1921,417.9729653298855
10.75,76.25,1922,401.8035770058632
10.75,76.25,1923,210.3613829165697
10.75,76.25,1924,529.1273198276758
10.75,76.25,1925,427.9828547090292
10.75,76.25,1926,178.4190817773342
10.75,76.25,1927,262.741571187973
10.75,76.25,1928,280.0272111520171
10.75,76.25,1929,399.57849660515785
10.75,76.25,1930,772.4419355094433
10.75,76.25,1931,317.59079675376415
10.75,76.25,1932,753.548254430294
10.75,76.25,1933,480.27093863487244
10.75,76.25,1934,326.1821380406618
10.75,76.25,1935,484.1498489677906
10.75,76.25,1936,480.8472147285938
10.75,76.25,1937,534.6924010068178
10.75,76.25,1938,336.8273972272873
10.75,76.25,1939,545.0023827254772
10.75,76.25,1940,377.12688955664635
10.75,76.25,1941,536.9764667153358
10.75,76.25,1942,523.0714891850948
10.75,76.25,1943,627.290005415678
10.75,76.25,1944,644.0132727473974
10.75,76.25,1945,377.1854834407568
10.75,76.25,1946,750.6890503317118
10.75,76.25,1947,168.82807175815105
10.75,76.25,1948,278.14456348121166
10.75,76.25,1949,222.56789077818394
10.75,76.25,1950,416.70592650026083
10.75,76.25,1951,505.2222247570753
10.75,76.25,1952,260.5826982110739
10.75,76.25,1953,325.1578260958195
10.75,76.25,1954,296.4646392464638
10.75,76.25,1955,558.6156926900148
10.75,76.25,1956,512.9867621064186
10.75,76.25,1957,555.5316542387009
10.75,76.25,1958,372.895326346159
10.75,76.25,1959,323.21972581744194
10.75,76.25,1960,679.5247719883919
10.75,76.25,1961,386.82338017225266
10.75,76.25,1962,552.2629818767309
10.75,76.25,1963,300.66460755467415
10.75,76.25,1964,535.3426583409309
10.75,76.25,1965,210.40162256360054
10.75,76.25,1966,467.6387457847595
10.75,76.25,1967,272.41399128735065
10.75,76.25,1968,347.6460255384445
10.75,76.25,1969,302.23569990694523
10.75,76.25,1970,617.2949226796627
10.75,76.25,1971,306.86227165162563
10.75,76.25,1972,499.8142329528928
10.75,76.25,1973,427.84651681780815
10.75,76.25,1974,154.38691464066505
10.75,76.25,1975,366.83271760493517
10.75,76.25,1976,494.0852550789714
10.75,76.25,1977,795.3495168685913
10.75,76.25,1978,577.3198383972049
10.75,76.25,1979,630.3682237565517
10.75,76.25,1980,468.29778142273426
10.75,76.25,1981,404.4837624132633
10.75,76.25,1982,291.53990080952644
10.75,76.25,1983,305.6301006600261
10.75,76.25,1984,274.97379694879055
10.75,76.25,1985,209.63627924770117
10.75,76.25,1986,361.4483682960272
10.75,76.25,1987,515.0654689967632
10.75,76.25,1988,77.24653711169958
10.75,76.25,1989,243.27195432782173
10.75,76.25,1990,526.4908878654242
10.75,76.25,1991,419.398322686553
10.75,76.25,1992,488.511725962162
10.75,76.25,1993,385.1556974351406
10.75,76.25,1994,500.09378220140934
10.75,76.25,1995,295.31298127770424
10.75,76.25,1996,249.48754519224167
10.75,76.25,1997,667.9601548314095
10.75,76.25,1998,401.4102543219924
10.75,76.25,1999,455.1765923500061
10.75,76.25,2000,314.5984699577093
10.75,76.25,2001,629.9714421406388
10.75,76.25,2002,497.9348881691694
10.75,76.25,2003,519.817354157567
10.75,76.25,2004,374.1408673301339
10.75,76.25,2005,300.0794905871153
10.75,76.25,2006,463.83486580103636
10.75,76.25,2007,333.4862732440233
10.75,76.25,2008,431.4205765426159
10.75,76.25,2009,466.2094306945801
10.75,76.25,2010,726.0404359400272
10.75,76.25,2011,414.69656969606876
10.75,76.25,2012,213.7725587040186
10.75,76.25,2013,331.13651721924543
10.75,76.25,2014,524.2509436756372
10.75,76.25,2015,504.7184883058071
10.75,76.25,2016,221.89371010661125
10.75,76.25,2017,289.512469291687
10.75,76.25,2018,551.253577709198
10.75,76.25,2019,723.7007824629545
10.75,76.25,2020,322.919370919466
10.75,76.25,2021,923.9360853433609
10.75,76.25,2022,262.11160999536514
10.75,76.25,2023,607.3042614730075
10.75,76.5,1901,418.41474248468876
10.75,76.5,1902,677.3890954256058
10.75,76.5,1903,436.5258208960295
10.75,76.5,1904,222.90985494107008
10.75,76.5,1905,372.88936673104763
10.75,76.5,1906,303.55147579312325
10.75,76.5,1907,401.6182209402323
10.75,76.5,1908,302.85912504792213
10.75,76.5,1909,315.4051313996315
10.75,76.5,1910,509.7407711148262
10.75,76.5,1911,240.63299007713795
10.75,76.5,1912,410.5765653401613
10.75,76.5,1913,415.2253700941801
10.75,76.5,1914,381.23128248751163
10.75,76.5,1915,486.8075723350048
10.75,76.5,1916,261.8161497414112
10.75,76.5,1917,391.0477769076824
10.75,76.5,1918,359.20002633333206
10.75,76.5,1919,390.04430957883596
10.75,76.5,1920,393.8274851664901
10.75,76.5,1921,277.47254860401154
10.75,76.5,1922,379.9388504996896
10.75,76.5,1923,140.8397163003683
10.75,76.5,1924,346.9080690294504
10.75,76.5,1925,241.66339968144894
10.75,76.5,1926,298.4024358391762
10.75,76.5,1927,275.2704384550452
10.75,76.5,1928,203.51843287050724
10.75,76.5,1929,339.7760513499379
10.75,76.5,1930,625.0945964455605
10.75,76.5,1931,345.7519012093544
10.75,76.5,1932,499.85252970457077
10.75,76.5,1933,383.53800719976425
10.75,76.5,1934,267.1829437017441
10.75,76.5,1935,427.0787575542927
10.75,76.5,1936,395.10961842536926
10.75,76.5,1937,430.46183320879936
10.75,76.5,1938,224.60287706553936
10.75,76.5,1939,470.8943482339382
10.75,76.5,1940,361.19388031959534
10.75,76.5,1941,420.3824683576822
10.75,76.5,1942,522.2904021888971
10.75,76.5,1943,447.0927764326334
10.75,76.5,1944,345.0036571100354
10.75,76.5,1945,375.4380505159497
10.75,76.5,1946,534.6303494125605
10.75,76.5,1947,153.56465610861778
10.75,76.5,1948,236.40843957662582
10.75,76.5,1949,133.3359008654952
10.75,76.5,1950,226.4750992357731
10.75,76.5,1951,280.21504367887974
10.75,76.5,1952,207.34698473662138
10.75,76.5,1953,362.16236504912376
10.75,76.5,1954,330.72824846208096
10.75,76.5,1955,335.18707621097565
10.75,76.5,1956,372.87092554569244
10.75,76.5,1957,313.80832593142986
10.75,76.5,1958,390.7248747199774
10.75,76.5,1959,564.6220868974924
10.75,76.5,1960,571.4426844865084
10.75,76.5,1961,336.7789232134819
10.75,76.5,1962,607.8283369392157
10.75,76.5,1963,267.7810815423727
10.75,76.5,1964,433.0555267035961
10.75,76.5,1965,314.2675575911999
10.75,76.5,1966,459.90022210776806
10.75,76.5,1967,238.73568958044052
10.75,76.5,1968,175.01752737164497
10.75,76.5,1969,411.88153336942196
10.75,76.5,1970,362.1775441169739
10.75,76.5,1971,544.1050253510475
10.75,76.5,1972,480.0771854966879
10.75,76.5,1973,330.5258995220065
10.75,76.5,1974,127.1609997600317
10.75,76.5,1975,384.08543457090855
10.75,76.5,1976,675.0375680327415
10.75,76.5,1977,471.4301280230284
10.75,76.5,1978,281.1254128217697
10.75,76.5,1979,536.253989815712
10.75,76.5,1980,397.6322236061096
10.75,76.5,1981,396.50685679912567
10.75,76.5,1982,169.32370971143246
10.75,76.5,1983,388.48286882042885
10.75,76.5,1984,254.79003329575062
10.75,76.5,1985,223.97773204743862
10.75,76.5,1986,187.7467535212636
10.75,76.5,1987,531.9896572232246
10.75,76.5,1988,114.88123953342438
10.75,76.5,1989,163.69357228279114
10.75,76.5,1990,376.45417949557304
10.75,76.5,1991,274.602532081306
10.75,76.5,1992,351.09820283204317
10.75,76.5,1993,444.3574560135603
10.75,76.5,1994,259.5205312669277
10.75,76.5,1995,267.6145328581333
10.75,76.5,1996,293.85275757312775
10.75,76.5,1997,503.00697569549084
10.75,76.5,1998,320.5012409314513
10.75,76.5,1999,505.914384894073
10.75,76.5,2000,142.9145081564784
10.75,76.5,2001,387.9314115047455
10.75,76.5,2002,248.00435184687376
10.75,76.5,2003,319.5064419731498
10.75,76.5,2004,230.3750812113285
10.75,76.5,2005,294.5331865847111
10.75,76.5,2006,288.3301266282797
10.75,76.5,2007,310.1811049878597
10.75,76.5,2008,398.63872193545103
10.75,76.5,2009,419.4654983282089
10.75,76.5,2010,452.9115524739027
10.75,76.5,2011,417.0289835035801
10.75,76.5,2012,225.7138084769249
10.75,76.5,2013,431.7504758015275
10.75,76.5,2014,237.95722764730453
10.75,76.5,2015,288.7891471385956
10.75,76.5,2016,161.6504624336958
10.75,76.5,2017,204.33448266983032
10.75,76.5,2018,243.19055135548115
10.75,76.5,2019,544.95173420012
10.75,76.5,2020,217.03628608584404
10.75,76.5,2021,687.8035102784634
10.75,76.5,2022,417.6840839833021
10.75,76.5,2023,618.203045851551
10.75,76.75,1901,332.69090819358826
10.75,76.75,1902,603.9392359107733
10.75,76.75,1903,243.01615564525127
10.75,76.75,1904,166.2563041895628
10.75,76.75,1905,266.6521585136652
10.75,76.75,1906,308.84853629022837
10.75,76.75,1907,315.9173921048641
10.75,76.75,1908,383.9662327170372
10.75,76.75,1909,224.0712759718299
10.75,76.75,1910,375.09313728660345
10.75,76.75,1911,250.80053342878819
10.75,76.75,1912,459.0394332110882
10.75,76.75,1913,299.5163984745741
10.75,76.75,1914,297.5194029957056
10.75,76.75,1915,326.75256606191397
10.75,76.75,1916,296.9737736135721
10.75,76.75,1917,348.0438131913543
10.75,76.75,1918,417.5621058046818
10.75,76.75,1919,358.6946765258908
10.75,76.75,1920,373.8391798660159
10.75,76.75,1921,252.43790850788355
10.75,76.75,1922,434.4245856106281
10.75,76.75,1923,151.033740632236
10.75,76.75,1924,390.13449244201183
10.75,76.75,1925,422.0503599047661
10.75,76.75,1926,293.1552772670984
10.75,76.75,1927,270.3727284222841
10.75,76.75,1928,252.16693729162216
10.75,76.75,1929,317.02138479053974
10.75,76.75,1930,683.3590951859951
10.75,76.75,1931,453.7659854888916
10.75,76.75,1932,453.6597647368908
10.75,76.75,1933,560.8809005618095
10.75,76.75,1934,297.46886986494064
10.75,76.75,1935,460.4876962453127
10.75,76.75,1936,504.9077272415161
10.75,76.75,1937,487.21456667780876
10.75,76.75,1938,206.90556468069553
10.75,76.75,1939,522.4844603389502
10.75,76.75,1940,597.2052975744009
10.75,76.75,1941,434.8638190329075
10.75,76.75,1942,368.89583899080753
10.75,76.75,1943,407.97757691144943
10.75,76.75,1944,501.96088157594204
10.75,76.75,1945,410.194662630558
10.75,76.75,1946,674.6723605394363
10.75,76.75,1947,223.7764903753996
10.75,76.75,1948,357.92671287059784
10.75,76.75,1949,273.8209688514471
10.75,76.75,1950,319.52519768476486
10.75,76.75,1951,406.13851967453957
10.75,76.75,1952,301.58683314174414
10.75,76.75,1953,184.7876082956791
10.75,76.75,1954,310.51286394894123
10.75,76.75,1955,340.1237238049507
10.75,76.75,1956,425.20744644105434
10.75,76.75,1957,469.610455468297
10.75,76.75,1958,292.3732100725174
10.75,76.75,1959,487.23884427547455
10.75,76.75,1960,540.652260363102
10.75,76.75,1961,283.75744274258614
10.75,76.75,1962,409.8500022292137
10.75,76.75,1963,426.06276962161064
10.75,76.75,1964,420.0836007744074
10.75,76.75,1965,360.7428099438548
10.75,76.75,1966,589.9659539759159
10.75,76.75,1967,222.83188678324223
10.75,76.75,1968,131.4191214889288
10.75,76.75,1969,274.09412153065205
10.75,76.75,1970,286.6437972933054
10.75,76.75,1971,462.0105628669262
10.75,76.75,1972,350.04079335927963
10.75,76.75,1973,281.9384373277426
10.75,76.75,1974,129.21521401405334
10.75,76.75,1975,205.56688237190247
10.75,76.75,1976,375.14740277826786
10.75,76.75,1977,514.4349588155746
10.75,76.75,1978,289.1424139738083
10.75,76.75,1979,641.949391245842
10.75,76.75,1980,444.8430865108967
10.75,76.75,1981,269.9196846038103
10.75,76.75,1982,293.0357613712549
10.75,76.75,1983,241.41455724835396
10.75,76.75,1984,268.78786915540695
10.75,76.75,1985,266.86088421940804
10.75,76.75,1986,227.02510651946068
10.75,76.75,1987,456.98663249611855
10.75,76.75,1988,155.86738884449005
10.75,76.75,1989,307.04396215081215
10.75,76.75,1990,405.39074466377497
10.75,76.75,1991,119.31877692043781
10.75,76.75,1992,404.53849172592163
10.75,76.75,1993,431.3103688210249
10.75,76.75,1994,368.50720649957657
10.75,76.75,1995,186.77441138029099
10.75,76.75,1996,273.7689722776413
10.75,76.75,1997,736.884869992733
10.75,76.75,1998,649.7033477127552
10.75,76.75,1999,561.7157453894615
10.75,76.75,2000,202.88642263412476
10.75,76.75,2001,65.93041852116585
10.75,76.75,2002,52.95426831394434
10.75,76.75,2003,75.49989714473486
10.75,76.75,2004,237.66667978465557
10.75,76.75,2005,454.0335351228714
10.75,76.75,2006,302.89364402741194
10.75,76.75,2007,427.1323147788644
10.75,76.75,2008,339.6362315416336
10.75,76.75,2009,351.2266525477171
10.75,76.75,2010,458.387966632843
10.75,76.75,2011,415.9284036755562
10.75,76.75,2012,213.04479165375233
10.75,76.75,2013,267.0953772813082
10.75,76.75,2014,266.46901013702154
10.75,76.75,2015,306.3738521039486
10.75,76.75,2016,188.36049512773752
10.75,76.75,2017,113.9285132586956
10.75,76.75,2018,218.11554950475693
10.75,76.75,2019,498.0026601552963
10.75,76.75,2020,197.7845058441162
10.75,76.75,2021,595.0073102414608
10.75,76.75,2022,358.07655104994774
10.75,76.75,2023,375.0937379896641
11.0,76.0,1901,580.4342911094427
11.0,76.0,1902,642.8503231853247
11.0,76.0,1903,508.61642783880234
11.0,76.0,1904,467.82766100764275
11.0,76.0,1905,529.9294377565384
11.0,76.0,1906,398.7604612931609
11.0,76.0,1907,630.472109735012
11.0,76.0,1908,204.03640412539244
11.0,76.0,1909,324.4824796617031
11.0,76.0,1910,600.4871205762029
11.0,76.0,1911,417.39329170435667
11.0,76.0,1912,596.9387161880732
11.0,76.0,1913,633.2222260385752
11.0,76.0,1914,710.1758615896106
11.0,76.0,1915,573.3676650226116
11.0,76.0,1916,373.6872904151678
11.0,76.0,1917,579.0521969497204
11.0,76.0,1918,690.9264196157455
11.0,76.0,1919,478.002581179142
11.0,76.0,1920,960.6630589216948
11.0,76.0,1921,340.9623153209686
11.0,76.0,1922,490.3213559091091
11.0,76.0,1923,321.0421881377697
11.0,76.0,1924,434.07570903748274
11.0,76.0,1925,625.2771938219666
11.0,76.0,1926,361.63799783587456
11.0,76.0,1927,263.43381045758724
11.0,76.0,1928,454.5623646527529
11.0,76.0,1929,360.46268529444933
11.0,76.0,1930,733.5242410227656
11.0,76.0,1931,411.39709597826004
11.0,76.0,1932,696.2892262265086
11.0,76.0,1933,605.3198379054666
11.0,76.0,1934,458.06433741003275
11.0,76.0,1935,602.5785577297211
11.0,76.0,1936,658.52313798666
11.0,76.0,1937,556.0170624107122
11.0,76.0,1938,294.0649911761284
11.0,76.0,1939,545.6429690644145
11.0,76.0,1940,570.5552449971437
11.0,76.0,1941,540.1154626533389
11.0,76.0,1942,587.0437777787447
11.0,76.0,1943,670.4469195902348
11.0,76.0,1944,632.5816520452499
11.0,76.0,1945,416.7744306847453
11.0,76.0,1946,799.6085599511862
11.0,76.0,1947,198.65802286565304
11.0,76.0,1948,332.5756690502167
11.0,76.0,1949,195.60627628862858
11.0,76.0,1950,428.8958497270942
11.0,76.0,1951,594.2380275577307
11.0,76.0,1952,512.3024535179138
11.0,76.0,1953,369.0180647969246
11.0,76.0,1954,327.680264249444
11.0,76.0,1955,446.98738972842693
11.0,76.0,1956,371.6709775030613
11.0,76.0,1957,545.7031981796026
11.0,76.0,1958,373.64517794549465
11.0,76.0,1959,355.73874865472317
11.0,76.0,1960,788.3189094811678
11.0,76.0,1961,469.33624382317066
11.0,76.0,1962,460.7789629101753
11.0,76.0,1963,291.41565960645676
11.0,76.0,1964,527.1764389798045
11.0,76.0,1965,548.4307851493359
11.0,76.0,1966,703.0323182791471
11.0,76.0,1967,178.7888756096363
11.0,76.0,1968,387.7329133749008
11.0,76.0,1969,315.64807716012
11.0,76.0,1970,405.5719691514969
11.0,76.0,1971,285.52789440751076
11.0,76.0,1972,669.4031417071819
11.0,76.0,1973,361.63155306875706
11.0,76.0,1974,148.0300865918398
11.0,76.0,1975,535.0315856337547
11.0,76.0,1976,651.9652108550072
11.0,76.0,1977,965.9026143997908
11.0,76.0,1978,689.9617765396833
11.0,76.0,1979,557.0695345699787
11.0,76.0,1980,450.0606287866831
11.0,76.0,1981,438.38913321495056
11.0,76.0,1982,351.61472964286804
11.0,76.0,1983,296.4281561821699
11.0,76.0,1984,351.24001383781433
11.0,76.0,1985,256.35369089990854
11.0,76.0,1986,365.22539058327675
11.0,76.0,1987,580.4971246570349
11.0,76.0,1988,155.44925816357136
11.0,76.0,1989,283.3926353305578
11.0,76.0,1990,472.3700217604637
11.0,76.0,1991,450.0548138990998
11.0,76.0,1992,412.17764078080654
11.0,76.0,1993,501.54455952346325
11.0,76.0,1994,635.6502012014389
11.0,76.0,1995,499.0708546638489
11.0,76.0,1996,414.0388000011444
11.0,76.0,1997,753.1513913199306
11.0,76.0,1998,605.5323202013969
11.0,76.0,1999,487.8579007834196
11.0,76.0,2000,406.2782368808985
11.0,76.0,2001,417.0889019370079
11.0,76.0,2002,734.9929094910622
11.0,76.0,2003,413.28361117094755
11.0,76.0,2004,464.8476567417383
11.0,76.0,2005,362.7970591261983
11.0,76.0,2006,585.6632620841265
11.0,76.0,2007,369.1711255013943
11.0,76.0,2008,385.9760562479496
11.0,76.0,2009,530.1142258644104
11.0,76.0,2010,822.1151769459248
11.0,76.0,2011,368.40401186048985
11.0,76.0,2012,254.14722049981356
11.0,76.0,2013,410.63900496065617
11.0,76.0,2014,528.6262136921287
11.0,76.0,2015,573.8289536088705
11.0,76.0,2016,121.87884297966957
11.0,76.0,2017,336.80556659400463
11.0,76.0,2018,426.1474221646786
11.0,76.0,2019,767.4786635637283
11.0,76.0,2020,197.78839211165905
11.0,76.0,2021,849.1548170596361
11.0,76.0,2022,350.8650625497103
11.0,76.0,2023,744.6097602741793
11.0,76.25,1901,724.5895770341158
11.0,76.25,1902,734.6083985716105
11.0,76.25,1903,599.3092030137777
11.0,76.25,1904,518.0008797049522
11.0,76.25,1905,521.7059611082077
11.0,76.25,1906,411.89643536508083
11.0,76.25,1907,601.5821469426155
11.0,76.25,1908,343.0754945129156
11.0,76.25,1909,554.7653697878122
11.0,76.25,1910,873.2023247480392
11.0,76.25,1911,603.6231749802828
11.0,76.25,1912,555.8145703226328
11.0,76.25,1913,709.8929603993893
11.0,76.25,1914,488.53089568018913
11.0,76.25,1915,802.8293392956257
11.0,76.25,1916,387.5283744558692
11.0,76.25,1917,532.7441957518458
11.0,76.25,1918,644.9032678306103
11.0,76.25,1919,578.1763409152627
11.0,76.25,1920,760.2024974822998
11.0,76.25,1921,332.36640042066574
11.0,76.25,1922,705.9541327357292
11.0,76.25,1923,274.1060311794281
11.0,76.25,1924,482.67825461924076
11.0,76.25,1925,438.55929857492447
11.0,76.25,1926,309.5260383337736
11.0,76.25,1927,250.37599475681782
11.0,76.25,1928,304.8633830100298
11.0,76.25,1929,433.09513434767723
11.0,76.25,1930,748.4302206635475
11.0,76.25,1931,485.545278981328
11.0,76.25,1932,726.1008584201336
11.0,76.25,1933,679.4298420995474
11.0,76.25,1934,315.21848210692406
11.0,76.25,1935,461.07453912496567
11.0,76.25,1936,448.17655868828297
11.0,76.25,1937,619.500784471631
11.0,76.25,1938,242.72723883390427
11.0,76.25,1939,736.2700224518776
11.0,76.25,1940,649.171587407589
11.0,76.25,1941,386.1348278224468
11.0,76.25,1942,824.3576027750969
11.0,76.25,1943,647.9886894375086
11.0,76.25,1944,930.5859295129776
11.0,76.25,1945,486.363195002079
11.0,76.25,1946,683.9516136646271
11.0,76.25,1947,231.94919680058956
11.0,76.25,1948,398.1455775499344
11.0,76.25,1949,288.4813872426748
11.0,76.25,1950,580.527081489563
11.0,76.25,1951,626.6636840850115
11.0,76.25,1952,520.5060546696186
11.0,76.25,1953,408.9553885385394
11.0,76.25,1954,505.95115783810616
11.0,76.25,1955,716.9437675476074
11.0,76.25,1956,728.9806954711676
11.0,76.25,1957,408.9954306334257
11.0,76.25,1958,528.0240956544876
11.0,76.25,1959,453.2197170853615
11.0,76.25,1960,616.70755854249
11.0,76.25,1961,314.97441750764847
11.0,76.25,1962,541.606594145298
11.0,76.25,1963,375.8442547917366
11.0,76.25,1964,871.1874334067106
11.0,76.25,1965,428.5556199401617
11.0,76.25,1966,650.0700525790453
11.0,76.25,1967,369.34049740433693
11.0,76.25,1968,279.97089118510485
11.0,76.25,1969,665.427371352911
11.0,76.25,1970,476.10785898566246
11.0,76.25,1971,445.6099551022053
11.0,76.25,1972,720.7220768332481
11.0,76.25,1973,431.56517766416073
11.0,76.25,1974,268.81899424642324
11.0,76.25,1975,658.6223962306976
11.0,76.25,1976,723.0028512328863
11.0,76.25,1977,979.3047105371952
11.0,76.25,1978,576.7967705354095
11.0,76.25,1979,644.751053288579
11.0,76.25,1980,457.81942484527826
11.0,76.25,1981,455.3983156234026
11.0,76.25,1982,306.7014669701457
11.0,76.25,1983,340.8925463408232
11.0,76.25,1984,334.4494621157646
11.0,76.25,1985,135.46621891856194
11.0,76.25,1986,412.11556275188923
11.0,76.25,1987,524.9460261166096
11.0,76.25,1988,106.83366170525551
11.0,76.25,1989,275.8797792196274
11.0,76.25,1990,294.0811208039522
11.0,76.25,1991,393.47615364193916
11.0,76.25,1992,205.49950313568115
11.0,76.25,1993,306.58404076844454
11.0,76.25,1994,602.2074046134949
11.0,76.25,1995,506.5255237519741
11.0,76.25,1996,554.0340850800276
11.0,76.25,1997,770.1585712879896
11.0,76.25,1998,680.5604747384787
11.0,76.25,1999,729.7695972248912
11.0,76.25,2000,473.2874997854233
11.0,76.25,2001,668.0026407539845
11.0,76.25,2002,693.7551756650209
11.0,76.25,2003,457.49121157824993
11.0,76.25,2004,445.8412775695324
11.0,76.25,2005,444.4176647812128
11.0,76.25,2006,592.9751655161381
11.0,76.25,2007,413.0913619399071
11.0,76.25,2008,415.11986339092255
11.0,76.25,2009,560.62044942379
11.0,76.25,2010,1145.6784471571445
11.0,76.25,2011,401.20864682644606
11.0,76.25,2012,219.32767009735107
11.0,76.25,2013,384.89069095253944
11.0,76.25,2014,568.2648876309395
11.0,76.25,2015,517.0396412611008
11.0,76.25,2016,187.18454971909523
11.0,76.25,2017,299.94161482155323
11.0,76.25,2018,313.2975061684847
11.0,76.25,2019,716.7956533879042
11.0,76.25,2020,258.0773545652628
11.0,76.25,2021,1379.5259180888534
11.0,76.25,2022,411.56833520531654
11.0,76.25,2023,620.5871293544769
11.0,76.5,1901,548.8279219865799
11.0,76.5,1902,749.5953013077378
11.0,76.5,1903,509.1475297138095
11.0,76.5,1904,394.1560571566224
11.0,76.5,1905,488.9229812249541
11.0,76.5,1906,363.55484222620726
11.0,76.5,1907,559.0285857915878
11.0,76.5,1908,302.0600551664829
11.0,76.5,1909,524.4982724785805
11.0,76.5,1910,657.9032340794802
11.0,76.5,1911,493.98555475473404
11.0,76.5,1912,481.87395345419645
11.0,76.5,1913,580.2729465663433
11.0,76.5,1914,495.09993550926447
11.0,76.5,1915,671.6966451108456
11.0,76.5,1916,338.54179072380066
11.0,76.5,1917,478.05727238208055
11.0,76.5,1918,565.9605268165469
11.0,76.5,1919,500.3918753564358
11.0,76.5,1920,535.0367346927524
11.0,76.5,1921,357.97338515520096
11.0,76.5,1922,576.5626134648919
11.0,76.5,1923,224.82169663906097
11.0,76.5,1924,477.67273069918156
11.0,76.5,1925,375.7124590501189
11.0,76.5,1926,332.94133645296097
11.0,76.5,1927,296.87291180342436
11.0,76.5,1928,285.64018672704697
11.0,76.5,1929,386.62912840396166
11.0,76.5,1930,736.4418075531721
11.0,76.5,1931,540.341076746583
11.0,76.5,1932,597.6150531843305
11.0,76.5,1933,503.2046891897917
11.0,76.5,1934,337.49895299226046
11.0,76.5,1935,445.1148161441088
11.0,76.5,1936,370.82037921249866
11.0,76.5,1937,564.5793544054031
11.0,76.5,1938,304.10716113448143
11.0,76.5,1939,605.8186320140958
11.0,76.5,1940,475.9750582128763
11.0,76.5,1941,376.3976849094033
11.0,76.5,1942,600.040467992425
11.0,76.5,1943,579.2033579051495
11.0,76.5,1944,644.9473022520542
11.0,76.5,1945,432.2343437075615
11.0,76.5,1946,564.1368287801743
11.0,76.5,1947,253.05489853024483
11.0,76.5,1948,316.75932520627975
11.0,76.5,1949,256.48614171147346
11.0,76.5,1950,422.04449643939734
11.0,76.5,1951,374.19451159238815
11.0,76.5,1952,267.55478535592556
11.0,76.5,1953,277.7669544070959
11.0,76.5,1954,341.94519947469234
11.0,76.5,1955,393.9842906296253
11.0,76.5,1956,466.5126262307167
11.0,76.5,1957,502.67334677278996
11.0,76.5,1958,401.5051109492779
11.0,76.5,1959,472.2761132568121
11.0,76.5,1960,581.7435672283173
11.0,76.5,1961,255.9308027625084
11.0,76.5,1962,417.02298006415367
11.0,76.5,1963,298.4116511642933
11.0,76.5,1964,424.5903786793351
11.0,76.5,1965,375.5960381180048
11.0,76.5,1966,560.8250380754471
11.0,76.5,1967,247.97618359327316
11.0,76.5,1968,170.15081910043955
11.0,76.5,1969,480.7051155939698
11.0,76.5,1970,253.49817979335785
11.0,76.5,1971,365.85204461216927
11.0,76.5,1972,463.5861867070198
11.0,76.5,1973,375.4413229227066
11.0,76.5,1974,134.46569669991732
11.0,76.5,1975,295.5248952805996
11.0,76.5,1976,451.6136032342911
11.0,76.5,1977,664.1037884950638
11.0,76.5,1978,398.08175153285265
11.0,76.5,1979,797.2580568417907
11.0,76.5,1980,356.90416057407856
11.0,76.5,1981,372.26644910126925
11.0,76.5,1982,338.5884015262127
11.0,76.5,1983,363.49215626716614
11.0,76.5,1984,289.3648215830326
11.0,76.5,1985,209.87407990545034
11.0,76.5,1986,254.58937640488148
11.0,76.5,1987,502.6970446109772
11.0,76.5,1988,115.46120332926512
11.0,76.5,1989,254.87427534162998
11.0,76.5,1990,284.970932751894
11.0,76.5,1991,223.40649536252022
11.0,76.5,1992,368.4779095798731
11.0,76.5,1993,364.2654070854187
11.0,76.5,1994,405.47045063972473
11.0,76.5,1995,330.8787440061569
11.0,76.5,1996,353.9422881901264
11.0,76.5,1997,595.9195874035358
11.0,76.5,1998,517.5537126660347
11.0,76.5,1999,636.6546678394079
11.0,76.5,2000,230.1394317895174
11.0,76.5,2001,318.2901871278882
11.0,76.5,2002,250.15330301225185
11.0,76.5,2003,213.40059922635555
11.0,76.5,2004,485.241283044219
11.0,76.5,2005,528.5878894031048
11.0,76.5,2006,540.4449682831764
11.0,76.5,2007,343.721189558506
11.0,76.5,2008,437.054959975183
11.0,76.5,2009,471.5320470035076
11.0,76.5,2010,882.6866979897022
11.0,76.5,2011,410.28374867141247
11.0,76.5,2012,215.97613760828972
11.0,76.5,2013,369.8580547571182
11.0,76.5,2014,400.27530005574226
11.0,76.5,2015,384.90435115993023
11.0,76.5,2016,173.89546771347523
11.0,76.5,2017,223.4234503954649
11.0,76.5,2018,262.93224906921387
11.0,76.5,2019,592.7958128005266
11.0,76.5,2020,235.58771419525146
11.0,76.5,2021,1036.8855468779802
11.0,76.5,2022,393.27465096116066
11.0,76.5,2023,604.1878534480929
11.25,76.0,1901,751.4226855039597
11.25,76.0,1902,721.8748470842838
11.25,76.0,1903,584.4679144769907
11.25,76.0,1904,341.2470784187317
11.25,76.0,1905,547.0432798862457
11.25,76.0,1906,330.559502735734
11.25,76.0,1907,470.2184221595526
11.25,76.0,1908,152.7268252670765
11.25,76.0,1909,396.30560687184334
11.25,76.0,1910,570.0922457575798
11.25,76.0,1911,344.88876305520535
11.25,76.0,1912,458.5937277376652
11.25,76.0,1913,531.6405043900013
11.25,76.0,1914,652.4873247072101
11.25,76.0,1915,568.4868838638067
11.25,76.0,1916,327.8750324770808
11.25,76.0,1917,662.4380520731211
11.25,76.0,1918,574.1231397539377
11.25,76.0,1919,497.99108919501305
11.25,76.0,1920,534.3612394630909
11.25,76.0,1921,328.10256266593933
11.25,76.0,1922,398.7459814250469
11.25,76.0,1923,216.79535481333733
11.25,76.0,1924,290.8418000340462
11.25,76.0,1925,494.05255633592606
11.25,76.0,1926,255.86233261227608
11.25,76.0,1927,150.64206197857857
11.25,76.0,1928,461.0389231145382
11.25,76.0,1929,346.799333833158
11.25,76.0,1930,737.4716308116913
11.25,76.0,1931,407.00338788330555
11.25,76.0,1932,632.033108510077
11.25,76.0,1933,615.1578207314014
11.25,76.0,1934,385.43439834564924
11.25,76.0,1935,423.63787430524826
11.25,76.0,1936,395.9303320646286
11.25,76.0,1937,512.5591014921665
11.25,76.0,1938,317.6469047218561
11.25,76.0,1939,560.8074680641294
11.25,76.0,1940,564.734248444438
11.25,76.0,1941,591.9105475693941
11.25,76.0,1942,534.728997528553
11.25,76.0,1943,453.891288459301
11.25,76.0,1944,614.8585519343615
11.25,76.0,1945,410.57965215295553
11.25,76.0,1946,519.2971423715353
11.25,76.0,1947,193.56584806740284
11.25,76.0,1948,347.86800450086594
11.25,76.0,1949,252.63868644833565
11.25,76.0,1950,440.0545142441988
11.25,76.0,1951,426.11366736888885
11.25,76.0,1952,365.9529070407152
11.25,76.0,1953,375.1650737822056
11.25,76.0,1954,354.66919803619385
11.25,76.0,1955,617.4732452109456
11.25,76.0,1956,394.86651934683323
11.25,76.0,1957,447.4838787391782
11.25,76.0,1958,342.99639873951674
11.25,76.0,1959,236.64974981546402
11.25,76.0,1960,738.3242705762386
11.25,76.0,1961,534.3869793266058
11.25,76.0,1962,427.5434226989746
11.25,76.0,1963,281.93227929621935
11.25,76.0,1964,621.0653020739555
11.25,76.0,1965,283.8910579830408
11.25,76.0,1966,750.8846187740564
11.25,76.0,1967,143.6374011039734
11.25,76.0,1968,305.0909531414509
11.25,76.0,1969,350.82226230949163
11.25,76.0,1970,289.1442044824362
11.25,76.0,1971,257.92244939506054
11.25,76.0,1972,436.86866746097803
11.25,76.0,1973,373.11193016171455
11.25,76.0,1974,166.08713234961033
11.25,76.0,1975,491.85621596872807
11.25,76.0,1976,445.75997649878263
11.25,76.0,1977,797.0365127921104
11.25,76.0,1978,656.7355950623751
11.25,76.0,1979,489.06671084463596
11.25,76.0,1980,412.0079587996006
11.25,76.0,1981,404.30064752697945
11.25,76.0,1982,345.2790095806122
11.25,76.0,1983,306.87641701102257
11.25,76.0,1984,424.763979613781
11.25,76.0,1985,250.30106365680695
11.25,76.0,1986,400.08802408725023
11.25,76.0,1987,641.6056087240577
11.25,76.0,1988,115.23485365509987
11.25,76.0,1989,245.4312969148159
11.25,76.0,1990,455.77329367399216
11.25,76.0,1991,291.30927170813084
11.25,76.0,1992,368.81882420927286
11.25,76.0,1993,521.6594786942005
11.25,76.0,1994,562.3472991734743
11.25,76.0,1995,278.7165777683258
11.25,76.0,1996,406.91027794778347
11.25,76.0,1997,618.8059396594763
11.25,76.0,1998,523.7698798775673
11.25,76.0,1999,408.38271218538284
11.25,76.0,2000,321.2595027014613
11.25,76.0,2001,471.7049851119518
11.25,76.0,2002,468.8329947888851
11.25,76.0,2003,434.6992068365216
11.25,76.0,2004,437.673898845911
11.25,76.0,2005,385.2215104699135
11.25,76.0,2006,421.3395860493183
11.25,76.0,2007,202.1022517234087
11.25,76.0,2008,352.11489798128605
11.25,76.0,2009,471.4371536374092
11.25,76.0,2010,602.7076888382435
11.25,76.0,2011,348.13382336497307
11.25,76.0,2012,266.5705593973398
11.25,76.0,2013,293.4781622737646
11.25,76.0,2014,479.9986207038164
11.25,76.0,2015,528.403308942914
11.25,76.0,2016,85.19698681682348
11.25,76.0,2017,322.50506713986397
11.25,76.0,2018,435.46060068905354
11.25,76.0,2019,623.4175507053733
11.25,76.0,2020,166.6097048074007
11.25,76.0,2021,627.466564565897
11.25,76.0,2022,337.918469324708
11.25,76.0,2023,529.937789618969
11.25,76.25,1901,659.9446118399501
11.25,76.25,1902,787.951073512435
11.25,76.25,1903,595.2549299001694
11.25,76.25,1904,264.4094848036766
11.25,76.25,1905,519.9623015373945
11.25,76.25,1906,336.86158484220505
11.25,76.25,1907,460.4107857346535
11.25,76.25,1908,196.75950722396374
11.25,76.25,1909,454.5671358257532
11.25,76.25,1910,591.3458991497755
11.25,76.25,1911,411.6206011325121
11.25,76.25,1912,409.3128481656313
11.25,76.25,1913,537.5956503003836
11.25,76.25,1914,566.1872742921114
11.25,76.25,1915,544.2315988987684
11.25,76.25,1916,336.32365657389164
11.25,76.25,1917,591.4183094650507
11.25,76.25,1918,599.1749273687601
11.25,76.25,1919,521.1925120949745
11.25,76.25,1920,437.7522386312485
11.25,76.25,1921,316.6322506517172
11.25,76.25,1922,468.6583584845066
11.25,76.25,1923,207.73881554603577
11.25,76.25,1924,262.3321210294962
11.25,76.25,1925,501.4262067005038
11.25,76.25,1926,242.1508442312479
11.25,76.25,1927,189.00139890611172
11.25,76.25,1928,556.7071008533239
11.25,76.25,1929,426.38680405914783
11.25,76.25,1930,701.3806032538414
11.25,76.25,1931,488.73530324548483
11.25,76.25,1932,618.5717375576496
11.25,76.25,1933,530.9478035420179
11.25,76.25,1934,387.1560198366642
11.25,76.25,1935,363.6358758956194
11.25,76.25,1936,352.0353835821152
11.25,76.25,1937,542.2313374876976
11.25,76.25,1938,353.39605970680714
11.25,76.25,1939,624.670598089695
11.25,76.25,1940,530.8546395897865
11.25,76.25,1941,559.6021045297384
11.25,76.25,1942,475.75954818725586
11.25,76.25,1943,424.5867391228676
11.25,76.25,1944,561.7321357131004
11.25,76.25,1945,408.3003142476082
11.25,76.25,1946,570.4721924215555
11.25,76.25,1947,247.11591493338346
11.25,76.25,1948,388.20297011733055
11.25,76.25,1949,279.57668817043304
11.25,76.25,1950,414.61885169148445
11.25,76.25,1951,338.12463238835335
11.25,76.25,1952,375.23005859553814
11.25,76.25,1953,385.0524879395962
11.25,76.25,1954,388.084049873054
11.25,76.25,1955,535.8584258705378
11.25,76.25,1956,620.1405171304941
11.25,76.25,1957,631.2016009837389
11.25,76.25,1958,472.71393267810345
11.25,76.25,1959,335.3181831240654
11.25,76.25,1960,437.89993289113045
11.25,76.25,1961,468.15221431851387
11.25,76.25,1962,370.79941119253635
11.25,76.25,1963,417.3708713054657
11.25,76.25,1964,542.4232521951199
11.25,76.25,1965,229.09187079966068
11.25,76.25,1966,746.0053838938475
11.25,76.25,1967,258.05177250504494
11.25,76.25,1968,213.08911115676165
11.25,76.25,1969,492.41327803581953
11.25,76.25,1970,417.0759738907218
11.25,76.25,1971,534.2947839796543
11.25,76.25,1972,545.5128344073892
11.25,76.25,1973,289.48483829945326
11.25,76.25,1974,214.34015479683876
11.25,76.25,1975,467.5463631898165
11.25,76.25,1976,382.9833603799343
11.25,76.25,1977,720.4793564379215
11.25,76.25,1978,714.3703468888998
11.25,76.25,1979,560.2827824950218
11.25,76.25,1980,316.39624109864235
11.25,76.25,1981,437.0874628126621
11.25,76.25,1982,319.3110731244087
11.25,76.25,1983,359.0797080397606
11.25,76.25,1984,381.93701335787773
11.25,76.25,1985,229.6176747083664
11.25,76.25,1986,372.11884424090385
11.25,76.25,1987,544.8415838479996
11.25,76.25,1988,106.45834621787071
11.25,76.25,1989,243.59644550085068
11.25,76.25,1990,452.303088799119
11.25,76.25,1991,342.95822194218636
11.25,76.25,1992,461.7884191721678
11.25,76.25,1993,604.2111104726791
11.25,76.25,1994,593.9017428159714
11.25,76.25,1995,294.74476535618305
11.25,76.25,1996,396.6390753388405
11.25,76.25,1997,528.3293877840042
11.25,76.25,1998,568.7662541866302
11.25,76.25,1999,431.5022603943944
11.25,76.25,2000,279.8673594594002
11.25,76.25,2001,384.57768592983484
11.25,76.25,2002,387.4025280326605
11.25,76.25,2003,404.9960117340088
11.25,76.25,2004,452.0991065055132
11.25,76.25,2005,651.397818505764
11.25,76.25,2006,448.1103428006172
11.25,76.25,2007,305.40902602672577
11.25,76.25,2008,363.71353882551193
11.25,76.25,2009,494.4421594887972
11.25,76.25,2010,557.3597542718053
11.25,76.25,2011,370.66191367059946
11.25,76.25,2012,233.59321874380112
11.25,76.25,2013,298.0577069222927
11.25,76.25,2014,431.22395771741867
11.25,76.25,2015,466.9994846433401
11.25,76.25,2016,77.0511180460453
11.25,76.25,2017,252.96763175725937
11.25,76.25,2018,335.87219563126564
11.25,76.25,2019,589.8832308799028
11.25,76.25,2020,210.78124456107616
11.25,76.25,2021,713.1586587429047
11.25,76.25,2022,337.54466734826565
11.25,76.25,2023,918.4994399063289
11.5,75.75,1901,686.442913196981
11.5,75.75,1902,733.8965866193175
11.5,75.75,1903,586.8135079964995
11.5,75.75,1904,296.7017937004566
11.5,75.75,1905,430.63286181539297
11.5,75.75,1906,411.37601562589407
11.5,75.75,1907,520.0933764651418
11.5,75.75,1908,271.2460636496544
11.5,75.75,1909,372.7379354313016
11.5,75.75,1910,469.6870635524392
11.5,75.75,1911,451.68046948313713
11.5,75.75,1912,457.36453868448734
11.5,75.75,1913,718.6766182929277
11.5,75.75,1914,541.4024081677198
11.5,75.75,1915,475.9911868274212
11.5,75.75,1916,514.7407025247812
11.5,75.75,1917,696.7222007960081
11.5,75.75,1918,643.1777389645576
11.5,75.75,1919,571.7741153985262
11.5,75.75,1920,510.9473504126072
11.5,75.75,1921,459.2391903102398
11.5,75.75,1922,464.7748940587044
11.5,75.75,1923,218.13714549690485
11.5,75.75,1924,285.1445119827986
11.5,75.75,1925,615.1243123412132
11.5,75.75,1926,248.21230250597
11.5,75.75,1927,271.41548969596624
11.5,75.75,1928,508.180512689054
11.5,75.75,1929,559.0576657727361
11.5,75.75,1930,705.8244096934795
11.5,75.75,1931,437.38162337243557
11.5,75.75,1932,793.2540070414543
11.5,75.75,1933,614.0636154860258
11.5,75.75,1934,464.7653458043933
11.5,75.75,1935,522.8704285249114
11.5,75.75,1936,603.723159596324
11.5,75.75,1937,659.7056071683764
11.5,75.75,1938,392.1369387060404
11.5,75.75,1939,594.0017671659589
11.5,75.75,1940,656.1606462597847
11.5,75.75,1941,505.7449219971895
11.5,75.75,1942,496.42209040373564
11.5,75.75,1943,746.4678740501404
11.5,75.75,1944,573.2908973097801
11.5,75.75,1945,469.2593429386616
11.5,75.75,1946,630.3391257822514
11.5,75.75,1947,301.860740840435
11.5,75.75,1948,495.01850567013025
11.5,75.75,1949,349.8629975616932
11.5,75.75,1950,393.69718386232853
11.5,75.75,1951,395.5979727059603
11.5,75.75,1952,644.9267446100712
11.5,75.75,1953,465.4305780827999
11.5,75.75,1954,338.162106141448
11.5,75.75,1955,659.4978940114379
11.5,75.75,1956,344.8215098157525
11.5,75.75,1957,566.7081124037504
11.5,75.75,1958,334.91620656847954
11.5,75.75,1959,386.21346524357796
11.5,75.75,1960,405.8872016891837
11.5,75.75,1961,454.6235221475363
11.5,75.75,1962,400.45555321127176
11.5,75.75,1963,396.3679833859205
11.5,75.75,1964,445.66109147667885
11.5,75.75,1965,398.4678805023432
11.5,75.75,1966,770.7187093645334
11.5,75.75,1967,240.69216912984848
11.5,75.75,1968,125.51662456989288
11.5,75.75,1969,372.31072913110256
11.5,75.75,1970,314.9987228512764
11.5,75.75,1971,146.18556037545204
11.5,75.75,1972,571.310198828578
11.5,75.75,1973,288.7121302485466
11.5,75.75,1974,150.08297841250896
11.5,75.75,1975,522.6154598146677
11.5,75.75,1976,528.5527141690254
11.5,75.75,1977,1268.9241104125977
11.5,75.75,1978,617.791529931128
11.5,75.75,1979,319.5996763780713
11.5,75.75,1980,348.354194521904
11.5,75.75,1981,395.3359575420618
11.5,75.75,1982,290.14064871519804
11.5,75.75,1983,399.4925024807453
11.5,75.75,1984,376.8550671041012
11.5,75.75,1985,263.16804122924805
11.5,75.75,1986,427.5498064160347
11.5,75.75,1987,661.9398505687714
11.5,75.75,1988,116.85778194665909
11.5,75.75,1989,291.8813923597336
11.5,75.75,1990,376.7956450432539
11.5,75.75,1991,225.6537588685751
11.5,75.75,1992,297.4238607287407
11.5,75.75,1993,221.67243225127459
11.5,75.75,1994,354.7072000056505
11.5,75.75,1995,230.6116899549961
11.5,75.75,1996,355.1571010351181
11.5,75.75,1997,652.9496741443872
11.5,75.75,1998,364.07990914583206
11.5,75.75,1999,484.05134274065495
11.5,75.75,2000,384.31170269846916
11.5,75.75,2001,392.192319214344
11.5,75.75,2002,513.9895534813404
11.5,75.75,2003,434.7077525258064
11.5,75.75,2004,368.2487687468529
11.5,75.75,2005,394.4544687643647
11.5,75.75,2006,198.54432697594166
11.5,75.75,2007,258.80989921092987
11.5,75.75,2008,446.8974656611681
11.5,75.75,2009,432.5988007634878
11.5,75.75,2010,512.57234826684
11.5,75.75,2011,320.7868920266628
11.5,75.75,2012,284.0005338639021
11.5,75.75,2013,330.32794365286827
11.5,75.75,2014,454.54541961848736
11.5,75.75,2015,472.91953860223293
11.5,75.75,2016,147.8264424726367
11.5,75.75,2017,230.40511161088943
11.5,75.75,2018,340.8894080221653
11.5,75.75,2019,592.7462599873543
11.5,75.75,2020,304.60789178311825
11.5,75.75,2021,865.1346457898617
11.5,75.75,2022,318.9956739246845
11.5,75.75,2023,496.6046878108755
11.5,76.0,1901,570.9511657059193
11.5,76.0,1902,802.0573909133673
11.5,76.0,1903,612.1399992704391
11.5,76.0,1904,271.06776128709316
11.5,76.0,1905,417.94423976540565
11.5,76.0,1906,323.4088668078184
11.5,76.0,1907,382.63068514317274
11.5,76.0,1908,213.14250035583973
11.5,76.0,1909,352.2764759659767
11.5,76.0,1910,497.3397703021765
11.5,76.0,1911,426.0835571885109
11.5,76.0,1912,372.1053511053324
11.5,76.0,1913,673.6424752548337
11.5,76.0,1914,419.96788823604584
11.5,76.0,1915,431.52111208438873
11.5,76.0,1916,439.97676822543144
11.5,76.0,1917,618.6189781427383
11.5,76.0,1918,595.8017321825027
11.5,76.0,1919,503.83086957782507
11.5,76.0,1920,397.63799741864204
11.5,76.0,1921,367.15486254543066
11.5,76.0,1922,500.04143165051937
11.5,76.0,1923,157.9705909192562
11.5,76.0,1924,235.5980054140091
11.5,76.0,1925,515.9003322422504
11.5,76.0,1926,225.2771832048893
11.5,76.0,1927,158.18124955892563
11.5,76.0,1928,475.092897772789
11.5,76.0,1929,465.5720904767513
11.5,76.0,1930,632.5672545731068
11.5,76.0,1931,458.4092200547457
11.5,76.0,1932,682.5516046881676
11.5,76.0,1933,574.9101753532887
11.5,76.0,1934,369.4042811989784
11.5,76.0,1935,484.20600375533104
11.5,76.0,1936,520.3019474893808
11.5,76.0,1937,689.6961446404457
11.5,76.0,1938,420.3571576178074
11.5,76.0,1939,579.2213859632611
11.5,76.0,1940,583.4049419909716
11.5,76.0,1941,453.3940456956625
11.5,76.0,1942,398.44113394618034
11.5,76.0,1943,449.99483013153076
11.5,76.0,1944,486.979678183794
11.5,76.0,1945,504.07992523908615
11.5,76.0,1946,545.9016099721193
11.5,76.0,1947,346.5396831333637
11.5,76.0,1948,419.18191090226173
11.5,76.0,1949,366.8040106892586
11.5,76.0,1950,342.5059510320425
11.5,76.0,1951,293.64204728603363
11.5,76.0,1952,573.7328487485647
11.5,76.0,1953,363.7018618285656
11.5,76.0,1954,326.42170825600624
11.5,76.0,1955,581.0826146900654
11.5,76.0,1956,333.6825807541609
11.5,76.0,1957,680.6009304821491
11.5,76.0,1958,476.55363768339157
11.5,76.0,1959,352.5426869690418
11.5,76.0,1960,233.5973860025406
11.5,76.0,1961,514.8013034462929
11.5,76.0,1962,166.2442582845688
11.5,76.0,1963,447.9349819123745
11.5,76.0,1964,514.9708817005157
11.5,76.0,1965,287.9113420173526
11.5,76.0,1966,795.0354433953762
11.5,76.0,1967,213.79009380191565
11.5,76.0,1968,79.89054355025291
11.5,76.0,1969,412.68952490389347
11.5,76.0,1970,346.2192152440548
11.5,76.0,1971,161.93724438548088
11.5,76.0,1972,420.5241169631481
11.5,76.0,1973,153.77070671319962
11.5,76.0,1974,205.990640103817
11.5,76.0,1975,458.5822448283434
11.5,76.0,1976,341.60139536857605
11.5,76.0,1977,802.2288382053375
11.5,76.0,1978,571.9325922504067
11.5,76.0,1979,333.0878924280405
11.5,76.0,1980,281.11382333934307
11.5,76.0,1981,383.73168736696243
11.5,76.0,1982,296.57049611210823
11.5,76.0,1983,308.32467509806156
11.5,76.0,1984,397.8140591904521
11.5,76.0,1985,278.56685738265514
11.5,76.0,1986,481.76941403746605
11.5,76.0,1987,501.4466122686863
11.5,76.0,1988,91.0639583170414
11.5,76.0,1989,238.28073871135712
11.5,76.0,1990,353.8676676005125
11.5,76.0,1991,215.9213221371174
11.5,76.0,1992,304.682745680213
11.5,76.0,1993,206.87257516384125
11.5,76.0,1994,358.2182945013046
11.5,76.0,1995,194.01791906356812
11.5,76.0,1996,379.7015546411276
11.5,76.0,1997,663.1564339995384
11.5,76.0,1998,449.78036165237427
11.5,76.0,1999,566.1989652663469
11.5,76.0,2000,304.8120214641094
11.5,76.0,2001,318.4878679960966
11.5,76.0,2002,284.18829768896103
11.5,76.0,2003,379.8079756870866
11.5,76.0,2004,304.50499403476715
11.5,76.0,2005,387.5694897174835
11.5,76.0,2006,221.0149096697569
11.5,76.0,2007,250.08235770463943
11.5,76.0,2008,417.4314604997635
11.5,76.0,2009,419.3649458885193
11.5,76.0,2010,456.13098204135895
11.5,76.0,2011,320.3493464887142
11.5,76.0,2012,272.3110151588917
11.5,76.0,2013,334.49952115118504
11.5,76.0,2014,470.75724467635155
11.5,76.0,2015,435.2998318076134
11.5,76.0,2016,150.40618631243706
11.5,76.0,2017,203.56262040138245
11.5,76.0,2018,324.79569604992867
11.5,76.0,2019,581.8513278961182
11.5,76.0,2020,271.6694461107254
11.5,76.0,2021,619.8856291696429
11.5,76.0,2022,304.22620141506195
11.5,76.0,2023,417.56435076892376
11.75,75.5,1901,730.2476663291454
11.75,75.5,1902,520.4768725186586
11.75,75.5,1903,483.25364154577255
11.75,75.5,1904,285.5010689496994
11.75,75.5,1905,434.88785377144814
11.75,75.5,1906,302.5891161561012
11.75,75.5,1907,719.2103854417801
11.75,75.5,1908,275.5870872884989
11.75,75.5,1909,319.05919140577316
11.75,75.5,1910,457.53977406024933
11.75,75.5,1911,425.3601580411196
11.75,75.5,1912,724.7501230537891
11.75,75.5,1913,512.9486118704081
11.75,75.5,1914,575.9467083960772
11.75,75.5,1915,471.1177997365594
11.75,75.5,1916,545.5894016772509
11.75,75.5,1917,612.4210706502199
11.75,75.5,1918,523.6772516220808
11.75,75.5,1919,630.9917103946209
11.75,75.5,1920,529.8899162858725
11.75,75.5,1921,443.5629640966654
11.75,75.5,1922,421.0038108229637
11.75,75.5,1923,199.79724176228046
11.75,75.5,1924,227.39071594178677
11.75,75.5,1925,625.7211328297853
11.75,75.5,1926,224.13672971725464
11.75,75.5,1927,353.3818237185478
11.75,75.5,1928,452.3385668992996
11.75,75.5,1929,549.4400084465742
11.75,75.5,1930,620.1467078477144
11.75,75.5,1931,299.66792737692595
11.75,75.5,1932,902.3805501312017
11.75,75.5,1933,535.984575048089
11.75,75.5,1934,496.7463458478451
11.75,75.5,1935,445.621262177825
11.75,75.5,1936,412.3849657326937
11.75,75.5,1937,534.8456434309483
11.75,75.5,1938,349.81440986692905
11.75,75.5,1939,506.19611825048923
11.75,75.5,1940,532.6579726785421
11.75,75.5,1941,654.3628383427858
11.75,75.5,1942,445.57262133061886
11.75,75.5,1943,709.4841908812523
11.75,75.5,1944,489.500202819705
11.75,75.5,1945,277.8912136554718
11.75,75.5,1946,683.8552612364292
11.75,75.5,1947,239.5210888236761
11.75,75.5,1948,461.4098760932684
11.75,75.5,1949,213.83122549951077
11.75,75.5,1950,385.4281621426344
11.75,75.5,1951,307.7757180929184
11.75,75.5,1952,440.1081875562668
11.75,75.5,1953,467.9141281694174
11.75,75.5,1954,229.6672202795744
11.75,75.5,1955,660.9663166254759
11.75,75.5,1956,546.2873595058918
11.75,75.5,1957,460.9160517305136
11.75,75.5,1958,236.75354401767254
11.75,75.5,1959,289.5996870473027
11.75,75.5,1960,430.61144499480724
11.75,75.5,1961,541.8269834518433
11.75,75.5,1962,788.9235437661409
11.75,75.5,1963,313.31584344804287
11.75,75.5,1964,284.9146753400564
11.75,75.5,1965,334.2194405198097
11.75,75.5,1966,676.9530223608017
11.75,75.5,1967,214.59059692919254
11.75,75.5,1968,163.36075077950954
11.75,75.5,1969,395.19272461533546
11.75,75.5,1970,304.63029462099075
11.75,75.5,1971,159.42039082944393
11.75,75.5,1972,664.5345658510923
11.75,75.5,1973,312.56144182384014
11.75,75.5,1974,143.97019995748997
11.75,75.5,1975,422.1591258049011
11.75,75.5,1976,598.2385601475835
11.75,75.5,1977,842.3014694005251
11.75,75.5,1978,466.2757102549076
11.75,75.5,1979,312.27651992440224
11.75,75.5,1980,290.6273127794266
11.75,75.5,1981,534.272719822824
11.75,75.5,1982,289.8429092615843
11.75,75.5,1983,436.8742670416832
11.75,75.5,1984,313.99732008576393
11.75,75.5,1985,348.3310321122408
11.75,75.5,1986,257.7135584652424
11.75,75.5,1987,489.9073784351349
11.75,75.5,1988,143.8400962278247
11.75,75.5,1989,303.62194883823395
11.75,75.5,1990,363.2741499990225
11.75,75.5,1991,282.4304489046335
11.75,75.5,1992,417.40594106912613
11.75,75.5,1993,539.8324259370565
11.75,75.5,1994,440.035924077034
11.75,75.5,1995,333.6215667575598
11.75,75.5,1996,393.919716976583
11.75,75.5,1997,570.4922506511211
11.75,75.5,1998,601.9904631078243
11.75,75.5,1999,312.0973038524389
11.75,75.5,2000,451.22018843889236
11.75,75.5,2001,341.6252490282059
11.75,75.5,2002,825.8439091295004
11.75,75.5,2003,187.80667731165886
11.75,75.5,2004,364.4258973747492
11.75,75.5,2005,399.96850857138634
11.75,75.5,2006,408.19488249719143
11.75,75.5,2007,479.6415502130985
11.75,75.5,2008,492.98339392244816
11.75,75.5,2009,596.4442261457443
11.75,75.5,2010,728.717421412468
11.75,75.5,2011,243.23063434660435
11.75,75.5,2012,270.72704131901264
11.75,75.5,2013,440.84335420280695
11.75,75.5,2014,405.8529453277588
11.75,75.5,2015,543.0542652308941
11.75,75.5,2016,97.24236398935318
11.75,75.5,2017,235.35068695247173
11.75,75.5,2018,292.81086987257004
11.75,75.5,2019,694.3672682344913
11.75,75.5,2020,372.1247937977314
11.75,75.5,2021,883.5896418988705
11.75,75.5,2022,265.18402087688446
11.75,75.5,2023,385.7207551943138
11.75,75.75,1901,772.8466726690531
11.75,75.75,1902,600.1185422390699
11.75,75.75,1903,528.9469306766987
11.75,75.75,1904,224.84900826960802
11.75,75.75,1905,392.6584023684263
11.75,75.75,1906,370.33011505007744
11.75,75.75,1907,449.31645253300667
11.75,75.75,1908,228.19060312211514
11.75,75.75,1909,334.68185862898827
11.75,75.75,1910,420.0848551541567
11.75,75.75,1911,343.18317307531834
11.75,75.75,1912,387.77270486205816
11.75,75.75,1913,519.5896031558514
11.75,75.75,1914,472.55214320123196
11.75,75.75,1915,507.0037712007761
11.75,75.75,1916,444.25640681385994
11.75,75.75,1917,596.5890200138092
11.75,75.75,1918,597.7093877792358
11.75,75.75,1919,502.18063728511333
11.75,75.75,1920,421.11463499069214
11.75,75.75,1921,369.9026499539614
11.75,75.75,1922,390.15374188125134
11.75,75.75,1923,205.14104917645454
11.75,75.75,1924,217.73759929835796
11.75,75.75,1925,480.6231597289443
11.75,75.75,1926,226.6910992115736
11.75,75.75,1927,219.50107811391354
11.75,75.75,1928,431.7994557917118
11.75,75.75,1929,499.2275293469429
11.75,75.75,1930,696.4489242881536
11.75,75.75,1931,332.54515125602484
11.75,75.75,1932,629.161608658731
11.75,75.75,1933,524.112499833107
11.75,75.75,1934,376.1551839709282
11.75,75.75,1935,387.471662953496
11.75,75.75,1936,449.34986801445484
11.75,75.75,1937,510.9391352236271
11.75,75.75,1938,288.0319596976042
11.75,75.75,1939,428.646903604269
11.75,75.75,1940,502.5419021099806
11.75,75.75,1941,430.6435607597232
11.75,75.75,1942,377.39538019895554
11.75,75.75,1943,601.5165629386902
11.75,75.75,1944,521.9628022015095
11.75,75.75,1945,308.13749369978905
11.75,75.75,1946,474.95201789587736
11.75,75.75,1947,244.2238627076149
11.75,75.75,1948,409.32952815294266
11.75,75.75,1949,242.06013250350952
11.75,75.75,1950,333.47498516738415
11.75,75.75,1951,311.8828483223915
11.75,75.75,1952,482.3980368077755
11.75,75.75,1953,365.2641726732254
11.75,75.75,1954,314.810787782073
11.75,75.75,1955,538.9107798114419
11.75,75.75,1956,418.4247378706932
11.75,75.75,1957,464.7531070113182
11.75,75.75,1958,264.3710779994726
11.75,75.75,1959,299.3709092885256
11.75,75.75,1960,397.8943622559309
11.75,75.75,1961,369.7099828571081
11.75,75.75,1962,299.42928996682167
11.75,75.75,1963,280.5224564820528
11.75,75.75,1964,366.74824130535126
11.75,75.75,1965,271.72037157416344
11.75,75.75,1966,622.3324117660522
11.75,75.75,1967,199.86025221645832
11.75,75.75,1968,115.94790181517601
11.75,75.75,1969,389.2248532176018
11.75,75.75,1970,330.6416569054127
11.75,75.75,1971,213.1148645877838
11.75,75.75,1972,448.24272042512894
11.75,75.75,1973,259.1748650819063
11.75,75.75,1974,141.3847988396883
11.75,75.75,1975,178.57395777106285
11.75,75.75,1976,494.1776785105467
11.75,75.75,1977,802.0098209679127
11.75,75.75,1978,443.77329690754414
11.75,75.75,1979,252.1850451529026
11.75,75.75,1980,207.6287110298872
11.75,75.75,1981,240.3676634579897
11.75,75.75,1982,210.38414108753204
11.75,75.75,1983,417.05266094207764
11.75,75.75,1984,228.93660312891006
11.75,75.75,1985,122.28726790845394
11.75,75.75,1986,392.7211202979088
11.75,75.75,1987,308.7736475765705
11.75,75.75,1988,72.70178283751011
11.75,75.75,1989,209.35841923952103
11.75,75.75,1990,276.0742950588465
11.75,75.75,1991,135.7182090729475
11.75,75.75,1992,236.20652861893177
11.75,75.75,1993,229.5823170542717
11.75,75.75,1994,259.6465677767992
11.75,75.75,1995,100.95494794845581
11.75,75.75,1996,386.29011975228786
11.75,75.75,1997,541.7938287258148
11.75,75.75,1998,282.55551943182945
11.75,75.75,1999,338.0743151307106
11.75,75.75,2000,236.7593306750059
11.75,75.75,2001,260.8663977086544
11.75,75.75,2002,337.11407662928104
11.75,75.75,2003,249.3714201450348
11.75,75.75,2004,206.38718281686306
11.75,75.75,2005,356.26286698132753
11.75,75.75,2006,181.2601945400238
11.75,75.75,2007,202.3593876361847
11.75,75.75,2008,317.31525605916977
11.75,75.75,2009,401.7695627808571
11.75,75.75,2010,317.0653420984745
11.75,75.75,2011,272.8496073782444
11.75,75.75,2012,277.28361427783966
11.75,75.75,2013,195.15067376196384
11.75,75.75,2014,228.62889876961708
11.75,75.75,2015,243.90621534734964
11.75,75.75,2016,106.31085079908371
11.75,75.75,2017,133.84319053590298
11.75,75.75,2018,235.5700310766697
11.75,75.75,2019,350.210335791111
11.75,75.75,2020,201.6586921364069
11.75,75.75,2021,589.4202236533165
11.75,75.75,2022,263.0179254114628
11.75,75.75,2023,327.46811974048615
11.75,76.0,1901,522.2092069387436
11.75,76.0,1902,500.2442931830883
11.75,76.0,1903,421.3168769478798
11.75,76.0,1904,194.2612323462963
11.75,76.0,1905,331.51596684753895
11.75,76.0,1906,297.4841156825423
11.75,76.0,1907,227.6157779097557
11.75,76.0,1908,131.11777797341347
11.75,76.0,1909,233.7657060623169
11.75,76.0,1910,357.29996091127396
11.75,76.0,1911,309.3162321448326
11.75,76.0,1912,298.36487056314945
11.75,76.0,1913,424.306139677763
11.75,76.0,1914,340.68691098690033
11.75,76.0,1915,377.1453751400113
11.75,76.0,1916,357.0785629749298
11.75,76.0,1917,448.3836464881897
11.75,76.0,1918,420.5641804933548
11.75,76.0,1919,398.3860507905483
11.75,76.0,1920,258.3397462591529
11.75,76.0,1921,253.39339810609818
11.75,76.0,1922,367.58708903193474
11.75,76.0,1923,110.94731378555298
11.75,76.0,1924,158.86198607087135
11.75,76.0,1925,355.60590271651745
11.75,76.0,1926,167.47123739123344
11.75,76.0,1927,100.40590739250183
11.75,76.0,1928,302.84538173675537
11.75,76.0,1929,269.43415190279484
11.75,76.0,1930,487.5335241854191
11.75,76.0,1931,304.1455275416374
11.75,76.0,1932,482.7601664662361
11.75,76.0,1933,405.21203212440014
11.75,76.0,1934,250.2729270607233
11.75,76.0,1935,340.1767397671938
11.75,76.0,1936,333.2117251306772
11.75,76.0,1937,435.0789801478386
11.75,76.0,1938,276.62150567770004
11.75,76.0,1939,351.16199949383736
11.75,76.0,1940,390.2732244729996
11.75,76.0,1941,275.62576450407505
11.75,76.0,1942,217.5473781824112
11.75,76.0,1943,403.70196494460106
11.75,76.0,1944,415.89008639752865
11.75,76.0,1945,350.1063016951084
11.75,76.0,1946,381.1228019595146
11.75,76.0,1947,238.00540663301945
11.75,76.0,1948,272.25281651318073
11.75,76.0,1949,221.7607479095459
11.75,76.0,1950,230.25980433821678
11.75,76.0,1951,212.05336993932724
11.75,76.0,1952,199.298503652215
11.75,76.0,1953,209.78159269690514
11.75,76.0,1954,246.1814401447773
11.75,76.0,1955,276.2802546322346
11.75,76.0,1956,260.24412985146046
11.75,76.0,1957,233.95322811603546
11.75,76.0,1958,207.5500871092081
11.75,76.0,1959,195.01979027688503
11.75,76.0,1960,263.1029152572155
11.75,76.0,1961,309.8672747015953
11.75,76.0,1962,231.59272801876068
11.75,76.0,1963,176.5126845985651
11.75,76.0,1964,298.15993025898933
11.75,76.0,1965,106.97041199356318
11.75,76.0,1966,331.5826748162508
11.75,76.0,1967,68.39149406552315
11.75,76.0,1968,116.55044052004814
11.75,76.0,1969,216.61664639413357
11.75,76.0,1970,407.70946933329105
11.75,76.0,1971,119.79394800961018
11.75,76.0,1972,323.69613330066204
11.75,76.0,1973,107.94217094779015
11.75,76.0,1974,98.11313298344612
11.75,76.0,1975,141.3443042933941
11.75,76.0,1976,328.5900827348232
11.75,76.0,1977,481.4162343144417
11.75,76.0,1978,274.9045660793781
11.75,76.0,1979,165.49484503269196
11.75,76.0,1980,204.1517957597971
11.75,76.0,1981,237.06713265925646
11.75,76.0,1982,172.84772096574306
11.75,76.0,1983,265.34935984015465
11.75,76.0,1984,167.76640231907368
11.75,76.0,1985,149.89625694602728
11.75,76.0,1986,309.7750257104635
11.75,76.0,1987,333.89398062229156
11.75,76.0,1988,87.72642681002617
11.75,76.0,1989,180.19418394565582
11.75,76.0,1990,222.46563708782196
11.75,76.0,1991,166.03681632876396
11.75,76.0,1992,203.86980691552162
11.75,76.0,1993,236.01571321487427
11.75,76.0,1994,328.18232023715973
11.75,76.0,1995,104.57778909802437
11.75,76.0,1996,269.0309684276581
11.75,76.0,1997,517.0278400629759
11.75,76.0,1998,262.2301403284073
11.75,76.0,1999,309.0420042350888
11.75,76.0,2000,193.59822068363428
11.75,76.0,2001,272.2556112706661
11.75,76.0,2002,274.71810549497604
11.75,76.0,2003,197.26927053928375
11.75,76.0,2004,204.08187392354012
11.75,76.0,2005,298.9604692608118
11.75,76.0,2006,158.2708489894867
11.75,76.0,2007,254.19316384196281
11.75,76.0,2008,225.563153475523
11.75,76.0,2009,268.3129817843437
11.75,76.0,2010,311.84071162343025
11.75,76.0,2011,291.95763808488846
11.75,76.0,2012,265.540835686028
11.75,76.0,2013,182.4397393465042
11.75,76.0,2014,232.0998758971691
11.75,76.0,2015,253.07816629856825
11.75,76.0,2016,60.982830077409744
11.75,76.0,2017,155.63051902502775
11.75,76.0,2018,277.22292974591255
11.75,76.0,2019,386.9782659262419
11.75,76.0,2020,224.6865988522768
11.75,76.0,2021,507.27746795117855
11.75,76.0,2022,351.7723855525255
11.75,76.0,2023,274.9131807386875
11.75,76.25,1901,443.66990058869123
11.75,76.25,1902,500.59312727302313
11.75,76.25,1903,468.4746370911598
11.75,76.25,1904,138.46443475037813
11.75,76.25,1905,294.64915803074837
11.75,76.25,1906,295.71854861825705
11.75,76.25,1907,294.96703138947487
11.75,76.25,1908,216.36181776970625
11.75,76.25,1909,334.5434747636318
11.75,76.25,1910,471.3817221224308
11.75,76.25,1911,302.2934768497944
11.75,76.25,1912,267.9884718954563
11.75,76.25,1913,321.17919689416885
11.75,76.25,1914,283.6222789436579
11.75,76.25,1915,323.9360275566578
11.75,76.25,1916,322.21138210594654
11.75,76.25,1917,340.9449106454849
11.75,76.25,1918,427.6254045665264
11.75,76.25,1919,289.8509945869446
11.75,76.25,1920,268.36838391423225
11.75,76.25,1921,292.55405919253826
11.75,76.25,1922,529.5013236254454
11.75,76.25,1923,141.9120256602764
11.75,76.25,1924,242.94044676423073
11.75,76.25,1925,288.71459087729454
11.75,76.25,1926,165.26673007011414
11.75,76.25,1927,142.75238297879696
11.75,76.25,1928,384.6468206644058
11.75,76.25,1929,194.12811854481697
11.75,76.25,1930,487.28088829666376
11.75,76.25,1931,340.39267025887966
11.75,76.25,1932,511.5408588349819
11.75,76.25,1933,308.90163273364305
11.75,76.25,1934,306.61956322193146
11.75,76.25,1935,256.9097015708685
11.75,76.25,1936,231.70802913606167
11.75,76.25,1937,493.8770633339882
11.75,76.25,1938,144.21606016159058
11.75,76.25,1939,685.6634692847729
11.75,76.25,1940,427.86418502032757
11.75,76.25,1941,453.66803749650717
11.75,76.25,1942,309.35896798223257
11.75,76.25,1943,328.88153275847435
11.75,76.25,1944,449.8915136009455
11.75,76.25,1945,318.8162263408303
11.75,76.25,1946,647.8883698880672
11.75,76.25,1947,299.90763138234615
11.75,76.25,1948,192.20486292243004
11.75,76.25,1949,294.39779183268547
11.75,76.25,1950,205.23009014874697
11.75,76.25,1951,173.58582973480225
11.75,76.25,1952,164.59463040530682
11.75,76.25,1953,211.6010947227478
11.75,76.25,1954,263.93458841741085
11.75,76.25,1955,207.68299056589603
11.75,76.25,1956,314.3200624883175
11.75,76.25,1957,197.12981569766998
11.75,76.25,1958,168.6647979170084
11.75,76.25,1959,236.21697579324245
11.75,76.25,1960,236.29972860217094
11.75,76.25,1961,229.73465302586555
11.75,76.25,1962,493.3471775203943
11.75,76.25,1963,215.84559067338705
11.75,76.25,1964,308.2993471324444
11.75,76.25,1965,80.75646122545004
11.75,76.25,1966,333.3392782062292
11.75,76.25,1967,100.6347304880619
11.75,76.25,1968,152.1064201593399
11.75,76.25,1969,153.1706353276968
11.75,76.25,1970,435.24324065446854
11.75,76.25,1971,321.49808844923973
11.75,76.25,1972,414.7903580367565
11.75,76.25,1973,132.7271347641945
11.75,76.25,1974,107.96302119642496
11.75,76.25,1975,184.50782543420792
11.75,76.25,1976,410.8124358355999
11.75,76.25,1977,443.0328983068466
11.75,76.25,1978,468.55623760819435
11.75,76.25,1979,195.33162358403206
11.75,76.25,1980,195.935602709651
11.75,76.25,1981,227.8811198323965
11.75,76.25,1982,190.27669614553452
11.75,76.25,1983,243.41037940979004
11.75,76.25,1984,298.80785481631756
11.75,76.25,1985,138.72107537090778
11.75,76.25,1986,234.6245795339346
11.75,76.25,1987,381.8467840850353
11.75,76.25,1988,59.8017914891243
11.75,76.25,1989,195.103010982275
11.75,76.25,1990,223.78947696089745
11.75,76.25,1991,353.050295189023
11.75,76.25,1992,275.7805535644293
11.75,76.25,1993,324.89266443252563
11.75,76.25,1994,254.50992001593113
11.75,76.25,1995,84.35277155041695
11.75,76.25,1996,218.57563091814518
11.75,76.25,1997,378.2990729957819
11.75,76.25,1998,322.09132720530033
11.75,76.25,1999,308.0010719001293
11.75,76.25,2000,207.49693110585213
11.75,76.25,2001,129.71410715579987
11.75,76.25,2002,148.59664310514927
11.75,76.25,2003,108.08113706111908
11.75,76.25,2004,139.0298987030983
11.75,76.25,2005,356.62156224250793
11.75,76.25,2006,96.35991025716066
11.75,76.25,2007,298.90022483468056
11.75,76.25,2008,158.32819743454456
11.75,76.25,2009,87.29931595921516
11.75,76.25,2010,387.0256262123585
11.75,76.25,2011,257.57393972575665
11.75,76.25,2012,195.2963780760765
11.75,76.25,2013,189.78740744292736
11.75,76.25,2014,280.0825298279524
11.75,76.25,2015,250.00403420627117
11.75,76.25,2016,48.28207519650459
11.75,76.25,2017,177.31466368585825
11.75,76.25,2018,300.70892199873924
11.75,76.25,2019,395.8459067866206
11.75,76.25,2020,211.9753129929304
11.75,76.25,2021,535.196547344327
11.75,76.25,2022,379.623580917716
11.75,76.25,2023,261.52005660533905
12.0,75.5,1901,635.8055224865675
12.0,75.5,1902,541.2420099675655
12.0,75.5,1903,525.7447275668383
12.0,75.5,1904,299.09882947802544
12.0,75.5,1905,373.19706788659096
12.0,75.5,1906,241.3864581733942
12.0,75.5,1907,240.30500681698322
12.0,75.5,1908,205.25831072032452
12.0,75.5,1909,417.6233750283718
12.0,75.5,1910,572.876584738493
12.0,75.5,1911,414.11189211905
12.0,75.5,1912,564.4972193986177
12.0,75.5,1913,414.86497969925404
12.0,75.5,1914,525.965841293335
12.0,75.5,1915,397.48320768773556
12.0,75.5,1916,544.4460245966911
12.0,75.5,1917,562.9387073665857
12.0,75.5,1918,619.7436228394508
12.0,75.5,1919,447.517888456583
12.0,75.5,1920,481.16817903518677
12.0,75.5,1921,382.241384729743
12.0,75.5,1922,413.0408877655864
12.0,75.5,1923,125.37067919969559
12.0,75.5,1924,191.66158512234688
12.0,75.5,1925,560.058699041605
12.0,75.5,1926,251.45180536806583
12.0,75.5,1927,234.20476865768433
12.0,75.5,1928,391.33726589381695
12.0,75.5,1929,335.05121816694736
12.0,75.5,1930,668.2745585590601
12.0,75.5,1931,250.8294383585453
12.0,75.5,1932,812.3043912351131
12.0,75.5,1933,553.8610282093287
12.0,75.5,1934,396.2068088054657
12.0,75.5,1935,400.9751591384411
12.0,75.5,1936,289.7176905721426
12.0,75.5,1937,434.5839317664504
12.0,75.5,1938,284.87190622091293
12.0,75.5,1939,622.0711052119732
12.0,75.5,1940,470.50765946507454
12.0,75.5,1941,523.3248279988766
12.0,75.5,1942,432.5334388241172
12.0,75.5,1943,682.6782329678535
12.0,75.5,1944,502.4588069319725
12.0,75.5,1945,348.8930228948593
12.0,75.5,1946,605.7780879437923
12.0,75.5,1947,263.46653094887733
12.0,75.5,1948,383.78300572931767
12.0,75.5,1949,335.3406381011009
12.0,75.5,1950,338.9687068760395
12.0,75.5,1951,277.5245266035199
12.0,75.5,1952,710.9434913098812
12.0,75.5,1953,521.3328363597393
12.0,75.5,1954,323.66985107958317
12.0,75.5,1955,580.665849417448
12.0,75.5,1956,517.4432306289673
12.0,75.5,1957,407.2460434436798
12.0,75.5,1958,359.04440942406654
12.0,75.5,1959,265.9758046269417
12.0,75.5,1960,574.0187280774117
12.0,75.5,1961,499.53825348615646
12.0,75.5,1962,388.27424788475037
12.0,75.5,1963,318.1907484680414
12.0,75.5,1964,438.4977179467678
12.0,75.5,1965,255.46456073224545
12.0,75.5,1966,570.2925568670034
12.0,75.5,1967,152.83820602297783
12.0,75.5,1968,186.24371705949306
12.0,75.5,1969,430.4008784145117
12.0,75.5,1970,250.83706836402416
12.0,75.5,1971,302.2104199528694
12.0,75.5,1972,336.28564505279064
12.0,75.5,1973,236.18877243995667
12.0,75.5,1974,216.18112912774086
12.0,75.5,1975,371.8222822844982
12.0,75.5,1976,425.05753388255835
12.0,75.5,1977,792.092547506094
12.0,75.5,1978,330.9814880937338
12.0,75.5,1979,372.8492461293936
12.0,75.5,1980,245.82918222248554
12.0,75.5,1981,323.25511732697487
12.0,75.5,1982,98.29597571492195
12.0,75.5,1983,349.7899487018585
12.0,75.5,1984,457.49189116060734
12.0,75.5,1985,372.4224365949631
12.0,75.5,1986,518.6036508083344
12.0,75.5,1987,513.191861577332
12.0,75.5,1988,207.21783512830734
12.0,75.5,1989,338.30609007179737
12.0,75.5,1990,445.9440637975931
12.0,75.5,1991,239.62112437188625
12.0,75.5,1992,481.4529242962599
12.0,75.5,1993,261.4785958081484
12.0,75.5,1994,468.6399818658829
12.0,75.5,1995,342.8770557641983
12.0,75.5,1996,535.2134839892387
12.0,75.5,1997,442.48234727978706
12.0,75.5,1998,485.20381554961205
12.0,75.5,1999,280.5153558626771
12.0,75.5,2000,309.4523086845875
12.0,75.5,2001,444.41667295992374
12.0,75.5,2002,678.20582228899
12.0,75.5,2003,240.83223619312048
12.0,75.5,2004,195.40641477704048
12.0,75.5,2005,248.59153047204018
12.0,75.5,2006,354.67915737628937
12.0,75.5,2007,421.53601182997227
12.0,75.5,2008,374.7652701959014
12.0,75.5,2009,619.0608135834336
12.0,75.5,2010,659.1562718302011
12.0,75.5,2011,215.75761005282402
12.0,75.5,2012,273.87223433703184
12.0,75.5,2013,364.5579159632325
12.0,75.5,2014,497.1825864613056
12.0,75.5,2015,499.5624429732561
12.0,75.5,2016,122.15890587866306
12.0,75.5,2017,236.65583787858486
12.0,75.5,2018,259.66900715231895
12.0,75.5,2019,546.75561606884
12.0,75.5,2020,283.6090058982372
12.0,75.5,2021,841.296666584909
12.0,75.5,2022,250.0435372889042
12.0,75.5,2023,397.90270411223173
12.0,75.75,1901,402.37876076996326
12.0,75.75,1902,288.91313365101814
12.0,75.75,1903,363.4725093841553
12.0,75.75,1904,150.8635863661766
12.0,75.75,1905,196.61298136413097
12.0,75.75,1906,348.78470584750175
12.0,75.75,1907,157.66934771090746
12.0,75.75,1908,110.77779684960842
12.0,75.75,1909,239.21538431197405
12.0,75.75,1910,331.7974355816841
12.0,75.75,1911,293.10365941375494
12.0,75.75,1912,320.0140199586749
12.0,75.75,1913,176.30748483538628
12.0,75.75,1914,284.2852847799659
12.0,75.75,1915,245.76910238713026
12.0,75.75,1916,335.65525621175766
12.0,75.75,1917,317.708462908864
12.0,75.75,1918,452.7479256093502
12.0,75.75,1919,271.9752414673567
12.0,75.75,1920,193.46194257587194
12.0,75.75,1921,140.12757217884064
12.0,75.75,1922,389.40137411653996
12.0,75.75,1923,83.30384278297424
12.0,75.75,1924,112.85491169989109
12.0,75.75,1925,243.76396399736404
12.0,75.75,1926,135.07233276963234
12.0,75.75,1927,103.05381119251251
12.0,75.75,1928,288.5154536962509
12.0,75.75,1929,185.71837213635445
12.0,75.75,1930,341.7936577349901
12.0,75.75,1931,227.09190346300602
12.0,75.75,1932,459.93037690222263
12.0,75.75,1933,375.18808545172215
12.0,75.75,1934,336.4116376042366
12.0,75.75,1935,266.6516746580601
12.0,75.75,1936,338.51795214414597
12.0,75.75,1937,215.85591191798449
12.0,75.75,1938,171.88909909129143
12.0,75.75,1939,277.24047964811325
12.0,75.75,1940,365.99350956082344
12.0,75.75,1941,230.25835821032524
12.0,75.75,1942,190.73080496490002
12.0,75.75,1943,385.9953516870737
12.0,75.75,1944,235.95203912258148
12.0,75.75,1945,156.0706638544798
12.0,75.75,1946,377.59503108263016
12.0,75.75,1947,207.43610405921936
12.0,75.75,1948,205.80929799377918
12.0,75.75,1949,116.91760456562042
12.0,75.75,1950,342.3381553515792
12.0,75.75,1951,168.17146660387516
12.0,75.75,1952,300.58631808310747
12.0,75.75,1953,290.4669160246849
12.0,75.75,1954,262.4460952579975
12.0,75.75,1955,322.30436658859253
12.0,75.75,1956,401.53275310248137
12.0,75.75,1957,320.9459119141102
12.0,75.75,1958,225.11113846302032
12.0,75.75,1959,170.0947092026472
12.0,75.75,1960,348.2658579573035
12.0,75.75,1961,272.5416840463877
12.0,75.75,1962,494.14507876336575
12.0,75.75,1963,262.887828707695
12.0,75.75,1964,304.6063212007284
12.0,75.75,1965,136.4906121492386
12.0,75.75,1966,419.04956459999084
12.0,75.75,1967,139.98135508596897
12.0,75.75,1968,170.9971081763506
12.0,75.75,1969,301.9236931502819
12.0,75.75,1970,535.8696594238281
12.0,75.75,1971,176.09937113523483
12.0,75.75,1972,252.29970932006836
12.0,75.75,1973,108.4813577234745
12.0,75.75,1974,134.81601041555405
12.0,75.75,1975,226.09003792703152
12.0,75.75,1976,223.86452868580818
12.0,75.75,1977,429.45375740528107
12.0,75.75,1978,327.0193636417389
12.0,75.75,1979,234.18745082616806
12.0,75.75,1980,165.6085043847561
12.0,75.75,1981,179.10079446434975
12.0,75.75,1982,161.99311842024326
12.0,75.75,1983,268.02340602874756
12.0,75.75,1984,216.71198135614395
12.0,75.75,1985,109.2965532541275
12.0,75.75,1986,254.66359536349773
12.0,75.75,1987,320.98883482813835
12.0,75.75,1988,66.22161224484444
12.0,75.75,1989,132.57078878581524
12.0,75.75,1990,196.10031808912754
12.0,75.75,1991,221.65650168061256
12.0,75.75,1992,296.26778550446033
12.0,75.75,1993,257.0931670963764
12.0,75.75,1994,243.72146996855736
12.0,75.75,1995,106.45471964776516
12.0,75.75,1996,423.7653736323118
12.0,75.75,1997,488.2999424561858
12.0,75.75,1998,239.30613585561514
12.0,75.75,1999,309.6499005109072
12.0,75.75,2000,230.83953827619553
12.0,75.75,2001,149.59425307810307
12.0,75.75,2002,267.43541541695595
12.0,75.75,2003,157.06128300726414
12.0,75.75,2004,217.04156179726124
12.0,75.75,2005,277.303508490324
12.0,75.75,2006,176.59527268260717
12.0,75.75,2007,250.18128588050604
12.0,75.75,2008,216.2597432732582
12.0,75.75,2009,295.98797485232353
12.0,75.75,2010,356.76299726963043
12.0,75.75,2011,227.18918588757515
12.0,75.75,2012,277.97832161188126
12.0,75.75,2013,136.81785888969898
12.0,75.75,2014,152.5880894958973
12.0,75.75,2015,206.66112877428532
12.0,75.75,2016,87.37721014022827
12.0,75.75,2017,142.0712214410305
12.0,75.75,2018,161.46774370968342
12.0,75.75,2019,293.8227171897888
12.0,75.75,2020,162.31787976622581
12.0,75.75,2021,542.0472364649177
12.0,75.75,2022,180.76134358346462
12.0,75.75,2023,275.90980345383286
12.25,75.25,1901,495.48952928185463
12.25,75.25,1902,442.3339112699032
12.25,75.25,1903,385.4483833909035
12.25,75.25,1904,232.83523501455784
12.25,75.25,1905,315.42884363234043
12.25,75.25,1906,265.4660752117634
12.25,75.25,1907,323.1836159825325
12.25,75.25,1908,158.86181637644768
12.25,75.25,1909,417.8703246116638
12.25,75.25,1910,493.8972701728344
12.25,75.25,1911,364.7391989827156
12.25,75.25,1912,504.4449187964201
12.25,75.25,1913,469.3804922103882
12.25,75.25,1914,359.885601721704
12.25,75.25,1915,519.8497799634933
12.25,75.25,1916,575.5648054927588
12.25,75.25,1917,559.407362818718
12.25,75.25,1918,717.8298642933369
12.25,75.25,1919,548.9952455610037
12.25,75.25,1920,351.205126285553
12.25,75.25,1921,318.79465512931347
12.25,75.25,1922,377.5121626481414
12.25,75.25,1923,215.28724744915962
12.25,75.25,1924,324.0556763112545
12.25,75.25,1925,539.9291702881455
12.25,75.25,1926,331.0547843873501
12.25,75.25,1927,218.67781847715378
12.25,75.25,1928,418.06487284600735
12.25,75.25,1929,512.1087315231562
12.25,75.25,1930,494.7604430615902
12.25,75.25,1931,384.63405933976173
12.25,75.25,1932,711.4526330679655
12.25,75.25,1933,549.055924475193
12.25,75.25,1934,470.66308802366257
12.25,75.25,1935,494.77285277843475
12.25,75.25,1936,559.5964196026325
12.25,75.25,1937,798.775280252099
12.25,75.25,1938,539.0405445098877
12.25,75.25,1939,609.7601111680269
12.25,75.25,1940,604.7540706992149
12.25,75.25,1941,468.18465811014175
12.25,75.25,1942,369.28328198194504
12.25,75.25,1943,705.3708073496819
12.25,75.25,1944,579.1104841828346
12.25,75.25,1945,440.7674127817154
12.25,75.25,1946,579.3818677067757
12.25,75.25,1947,353.57024878263474
12.25,75.25,1948,545.310154274106
12.25,75.25,1949,220.32223841547966
12.25,75.25,1950,344.18413815647364
12.25,75.25,1951,475.220330581069
12.25,75.25,1952,573.2568279653788
12.25,75.25,1953,431.0249952673912
12.25,75.25,1954,329.42497113347054
12.25,75.25,1955,659.7885113060474
12.25,75.25,1956,524.4395807683468
12.25,75.25,1957,597.3397187516093
12.25,75.25,1958,572.9054311662912
12.25,75.25,1959,358.49745336174965
12.25,75.25,1960,522.6110416725278
12.25,75.25,1961,553.4263264536858
12.25,75.25,1962,531.6325384676456
12.25,75.25,1963,485.1251333653927
12.25,75.25,1964,492.554227411747
12.25,75.25,1965,357.00653810054064
12.25,75.25,1966,552.250415623188
12.25,75.25,1967,239.20253333449364
12.25,75.25,1968,165.27146197855473
12.25,75.25,1969,433.11433121562004
12.25,75.25,1970,386.0303467363119
12.25,75.25,1971,336.63040855526924
12.25,75.25,1972,500.94475784897804
12.25,75.25,1973,424.2402394339442
12.25,75.25,1974,158.52749805152416
12.25,75.25,1975,430.04395224153996
12.25,75.25,1976,474.03056755661964
12.25,75.25,1977,739.457924619317
12.25,75.25,1978,283.9006326198578
12.25,75.25,1979,583.8268709927797
12.25,75.25,1980,493.25393426418304
12.25,75.25,1981,403.20414838194847
12.25,75.25,1982,197.92061018943787
12.25,75.25,1983,321.81673377752304
12.25,75.25,1984,527.7503061145544
12.25,75.25,1985,485.9481449276209
12.25,75.25,1986,451.24907144904137
12.25,75.25,1987,882.8711426109076
12.25,75.25,1988,283.56787422299385
12.25,75.25,1989,496.88409285247326
12.25,75.25,1990,450.30184284597635
12.25,75.25,1991,462.84310004115105
12.25,75.25,1992,723.513382256031
12.25,75.25,1993,570.5092417150736
12.25,75.25,1994,900.6567729264498
12.25,75.25,1995,345.2765282988548
12.25,75.25,1996,760.6820991933346
12.25,75.25,1997,464.719345420599
12.25,75.25,1998,666.2415069788694
12.25,75.25,1999,495.60583908855915
12.25,75.25,2000,468.5024591088295
12.25,75.25,2001,421.4977979660034
12.25,75.25,2002,880.0645573437214
12.25,75.25,2003,401.00114023685455
12.25,75.25,2004,320.9162704348564
12.25,75.25,2005,147.01224422454834
12.25,75.25,2006,705.4412706196308
12.25,75.25,2007,283.01498436927795
12.25,75.25,2008,399.79529993236065
12.25,75.25,2009,826.2193863391876
12.25,75.25,2010,707.2208931148052
12.25,75.25,2011,215.65815645456314
12.25,75.25,2012,274.31723584234715
12.25,75.25,2013,379.75696294009686
12.25,75.25,2014,291.54997166991234
12.25,75.25,2015,463.059815749526
12.25,75.25,2016,118.28419876098633
12.25,75.25,2017,212.24602907896042
12.25,75.25,2018,322.29797598719597
12.25,75.25,2019,578.0847128927708
12.25,75.25,2020,381.43003307282925
12.25,75.25,2021,795.1979877948761
12.25,75.25,2022,334.61808827519417
12.25,75.25,2023,441.1604663282633
12.5,75.0,1901,401.06528206169605
12.5,75.0,1902,314.33907639980316
12.5,75.0,1903,260.8895552754402
12.5,75.0,1904,133.83091782033443
12.5,75.0,1905,335.260026961565
12.5,75.0,1906,268.7454536110163
12.5,75.0,1907,287.5526357293129
12.5,75.0,1908,58.77845770120621
12.5,75.0,1909,138.64006999135017
12.5,75.0,1910,273.4020816013217
12.5,75.0,1911,356.49651922285557
12.5,75.0,1912,510.5716415941715
12.5,75.0,1913,290.3961419761181
12.5,75.0,1914,358.06676088273525
12.5,75.0,1915,340.8899692595005
12.5,75.0,1916,378.3969075679779
12.5,75.0,1917,380.511845998466
12.5,75.0,1918,295.2147193849087
12.5,75.0,1919,433.3697932064533
12.5,75.0,1920,196.2407478094101
12.5,75.0,1921,300.6541984528303
12.5,75.0,1922,284.2167139649391
12.5,75.0,1923,53.69770738482475
12.5,75.0,1924,106.8886893093586
12.5,75.0,1925,506.8304668813944
12.5,75.0,1926,225.74831165373325
12.5,75.0,1927,363.76887537539005
12.5,75.0,1928,478.19820898771286
12.5,75.0,1929,667.3349899351597
12.5,75.0,1930,463.2364229261875
12.5,75.0,1931,243.99450451135635
12.5,75.0,1932,784.9162949323654
12.5,75.0,1933,461.9187715947628
12.5,75.0,1934,326.61076755821705
12.5,75.0,1935,458.5039496719837
12.5,75.0,1936,351.46345567703247
12.5,75.0,1937,426.6740753650665
12.5,75.0,1938,243.3376719802618
12.5,75.0,1939,364.98500813543797
12.5,75.0,1940,468.40944707393646
12.5,75.0,1941,554.2566549032927
12.5,75.0,1942,183.54340629279613
12.5,75.0,1943,557.2943922281265
12.5,75.0,1944,349.04097360372543
12.5,75.0,1945,237.18975040316582
12.5,75.0,1946,438.8789067566395
12.5,75.0,1947,170.1372593641281
12.5,75.0,1948,263.223253890872
12.5,75.0,1949,191.69985829293728
12.5,75.0,1950,225.89316871762276
12.5,75.0,1951,284.60420671105385
12.5,75.0,1952,538.4865429550409
12.5,75.0,1953,394.9368769824505
12.5,75.0,1954,177.19076795876026
12.5,75.0,1955,369.41236858069897
12.5,75.0,1956,395.8304400295019
12.5,75.0,1957,282.55572763085365
12.5,75.0,1958,237.0592810958624
12.5,75.0,1959,202.03423246741295
12.5,75.0,1960,377.7878819257021
12.5,75.0,1961,512.3573431223631
12.5,75.0,1962,580.6566463261843
12.5,75.0,1963,511.81390169262886
12.5,75.0,1964,260.05700723826885
12.5,75.0,1965,309.36394472420216
12.5,75.0,1966,442.29968099296093
12.5,75.0,1967,231.701530829072
12.5,75.0,1968,140.82172936201096
12.5,75.0,1969,256.4985482171178
12.5,75.0,1970,320.45098569989204
12.5,75.0,1971,345.3979827389121
12.5,75.0,1972,428.05730371177197
12.5,75.0,1973,233.90195021033287
12.5,75.0,1974,224.72984251379967
12.5,75.0,1975,320.3813340589404
12.5,75.0,1976,320.8859848380089
12.5,75.0,1977,643.4813495576382
12.5,75.0,1978,273.0112710893154
12.5,75.0,1979,184.99158585071564
12.5,75.0,1980,232.82095620036125
12.5,75.0,1981,323.5504615455866
12.5,75.0,1982,260.65287789702415
12.5,75.0,1983,304.7480746805668
12.5,75.0,1984,336.5186072066426
12.5,75.0,1985,413.9521944373846
12.5,75.0,1986,340.787417948246
12.5,75.0,1987,590.3369807749987
12.5,75.0,1988,196.04485630989075
12.5,75.0,1989,255.7924376577139
12.5,75.0,1990,394.3375522047281
12.5,75.0,1991,271.88172832131386
12.5,75.0,1992,451.36122819781303
12.5,75.0,1993,557.108231306076
12.5,75.0,1994,487.07183791697025
12.5,75.0,1995,280.1360574364662
12.5,75.0,1996,441.8012081384659
12.5,75.0,1997,526.0943108797073
12.5,75.0,1998,483.4015679806471
12.5,75.0,1999,395.67701238393784
12.5,75.0,2000,375.2834763675928
12.5,75.0,2001,347.07408733665943
12.5,75.0,2002,545.3068153113127
12.5,75.0,2003,205.17987374961376
12.5,75.0,2004,327.0624501109123
12.5,75.0,2005,445.64983183145523
12.5,75.0,2006,391.78390397131443
12.5,75.0,2007,272.9552635848522
12.5,75.0,2008,224.69393774867058
12.5,75.0,2009,384.61543238162994
12.5,75.0,2010,716.5010820031166
12.5,75.0,2011,345.06290002167225
12.5,75.0,2012,251.2745690792799
12.5,75.0,2013,312.18081925809383
12.5,75.0,2014,300.9271765053272
12.5,75.0,2015,345.1494328454137
12.5,75.0,2016,77.11821165680885
12.5,75.0,2017,162.78066689521074
12.5,75.0,2018,285.5462490171194
12.5,75.0,2019,635.942660972476
12.5,75.0,2020,469.63654458522797
12.5,75.0,2021,770.8875519931316
12.5,75.0,2022,291.07442143559456
12.5,75.0,2023,386.0849572047591
12.5,75.25,1901,455.0386431366205
12.5,75.25,1902,398.2935616225004
12.5,75.25,1903,508.47467640787363
12.5,75.25,1904,199.3963824659586
12.5,75.25,1905,379.58335757255554
12.5,75.25,1906,286.2966076657176
12.5,75.25,1907,319.44323079288006
12.5,75.25,1908,156.1592647433281
12.5,75.25,1909,448.1140184402466
12.5,75.25,1910,510.34059023857117
12.5,75.25,1911,373.3610537350178
12.5,75.25,1912,491.4699154496193
12.5,75.25,1913,483.63351452350616
12.5,75.25,1914,398.5728282034397
12.5,75.25,1915,626.308657258749
12.5,75.25,1916,593.6271090954542
12.5,75.25,1917,617.1728676259518
12.5,75.25,1918,753.1351983547211
12.5,75.25,1919,610.4007628411055
12.5,75.25,1920,351.57164043188095
12.5,75.25,1921,299.8347307741642
12.5,75.25,1922,369.11248226463795
12.5,75.25,1923,225.61124289035797
12.5,75.25,1924,386.92575895786285
12.5,75.25,1925,494.36908119916916
12.5,75.25,1926,385.3510538637638
12.5,75.25,1927,261.85210698843
12.5,75.25,1928,416.5568574666977
12.5,75.25,1929,530.4957398027182
12.5,75.25,1930,484.52134108543396
12.5,75.25,1931,410.3685876727104
12.5,75.25,1932,707.0893134474754
12.5,75.25,1933,442.5817210227251
12.5,75.25,1934,503.84461192786694
12.5,75.25,1935,480.2021138072014
12.5,75.25,1936,545.7557534277439
12.5,75.25,1937,713.8932934254408
12.5,75.25,1938,373.43548694998026
12.5,75.25,1939,569.8945646360517
12.5,75.25,1940,626.9840346574783
12.5,75.25,1941,438.5131117850542
12.5,75.25,1942,321.9598918259144
12.5,75.25,1943,665.0413178503513
12.5,75.25,1944,600.8197885304689
12.5,75.25,1945,396.74360536038876
12.5,75.25,1946,525.9029852747917
12.5,75.25,1947,329.73146030306816
12.5,75.25,1948,613.4107731729746
12.5,75.25,1949,216.1269856542349
12.5,75.25,1950,360.182389870286
12.5,75.25,1951,572.4863369613886
12.5,75.25,1952,605.8764533996582
12.5,75.25,1953,567.5092446058989
12.5,75.25,1954,410.21454233676195
12.5,75.25,1955,638.8797840774059
12.5,75.25,1956,585.3206907957792
12.5,75.25,1957,610.541747033596
12.5,75.25,1958,570.8479533940554
12.5,75.25,1959,453.6534895002842
12.5,75.25,1960,642.0704567283392
12.5,75.25,1961,745.0595355480909
12.5,75.25,1962,445.1081046760082
12.5,75.25,1963,535.7641308456659
12.5,75.25,1964,612.8212807774544
12.5,75.25,1965,380.1869484782219
12.5,75.25,1966,461.4028531461954
12.5,75.25,1967,284.8507022559643
12.5,75.25,1968,188.78900808095932
12.5,75.25,1969,498.0065977871418
12.5,75.25,1970,571.7138464748859
12.5,75.25,1971,342.3017914071679
12.5,75.25,1972,481.8286068737507
12.5,75.25,1973,327.79864451289177
12.5,75.25,1974,262.1116762012243
12.5,75.25,1975,468.4666982293129
12.5,75.25,1976,400.6180518120527
12.5,75.25,1977,802.4632483571768
12.5,75.25,1978,341.91313993930817
12.5,75.25,1979,544.7169551774859
12.5,75.25,1980,516.6426119059324
12.5,75.25,1981,399.7911517396569
12.5,75.25,1982,363.02895641326904
12.5,75.25,1983,351.0382794216275
12.5,75.25,1984,333.58077988028526
12.5,75.25,1985,384.7370003759861
12.5,75.25,1986,335.0311588048935
12.5,75.25,1987,519.2276941537857
12.5,75.25,1988,159.9125928580761
12.5,75.25,1989,382.14277920871973
12.5,75.25,1990,442.41059428453445
12.5,75.25,1991,363.8605609536171
12.5,75.25,1992,447.3930081501603
12.5,75.25,1993,581.1348983049393
12.5,75.25,1994,544.5466116368771
12.5,75.25,1995,382.9872086942196
12.5,75.25,1996,631.5451444387436
12.5,75.25,1997,750.3152917027473
12.5,75.25,1998,649.5539190843701
12.5,75.25,1999,661.2318207621574
12.5,75.25,2000,376.021072126925
12.5,75.25,2001,427.2865146175027
12.5,75.25,2002,638.2878929078579
12.5,75.25,2003,320.1394872069359
12.5,75.25,2004,282.52483014017344
12.5,75.25,2005,383.42707239836454
12.5,75.25,2006,560.4790839105844
12.5,75.25,2007,237.06712063401937
12.5,75.25,2008,256.2921512648463
12.5,75.25,2009,440.0477764159441
12.5,75.25,2010,729.7377279475331
12.5,75.25,2011,243.58522334694862
12.5,75.25,2012,277.89429461956024
12.5,75.25,2013,384.14425752311945
12.5,75.25,2014,287.09779888391495
12.5,75.25,2015,373.1092537790537
12.5,75.25,2016,144.80759647488594
12.5,75.25,2017,149.92192673683167
12.5,75.25,2018,329.4470397233963
12.5,75.25,2019,550.1934584677219
12.5,75.25,2020,416.5123648792505
12.5,75.25,2021,749.2108938694
12.5,75.25,2022,368.8760846555233
12.5,75.25,2023,428.73861445486546
