LATITUDE,LONGITUDE,YEAR,JJAS_SUM
8.5,77.0,1901,726.5130280852318
8.5,77.0,1902,741.5285753533244
8.5,77.0,1903,760.1641067564487
8.5,77.0,1904,1111.2644154578447
8.5,77.0,1905,697.0199040174484
8.5,77.0,1906,718.8088911920786
8.5,77.0,1907,1101.1302516758442
8.5,77.0,1908,710.1056708544493
8.5,77.0,1909,410.69603092968464
8.5,77.0,1910,663.7283636927605
8.5,77.0,1911,599.753310367465
8.5,77.0,1912,1026.8924703150988
8.5,77.0,1913,674.4449638575315
8.5,77.0,1914,761.9531038999557
8.5,77.0,1915,1145.0310890972614
8.5,77.0,1916,599.0531722605228
8.5,77.0,1917,696.7052924484015
8.5,77.0,1918,280.5153841301799
8.5,77.0,1919,889.7023284286261
8.5,77.0,1920,1149.5494737029076
8.5,77.0,1921,563.0631985813379
8.5,77.0,1922,683.6130385398865
8.5,77.0,1923,1226.2521735429764
8.5,77.0,1924,1646.6070501953363
8.5,77.0,1925,567.3454796746373
8.5,77.0,1926,887.7753664702177
8.5,77.0,1927,816.8236066102982
8.5,77.0,1928,487.65278911590576
8.5,77.0,1929,866.1935216411948
8.5,77.0,1930,614.7111682146788
8.5,77.0,1931,788.2135339528322
8.5,77.0,1932,712.204436764121
8.5,77.0,1933,1252.3445720300078
8.5,77.0,1934,473.50400298833847
8.5,77.0,1935,528.8884904235601
8.5,77.0,1936,772.5353802442551
8.5,77.0,1937,380.47682224214077
8.5,77.0,1938,518.9600451588631
8.5,77.0,1939,676.0576185137033
8.5,77.0,1940,740.5238856673241
8.5,77.0,1941,903.7441502958536
8.5,77.0,1942,552.1895269155502
8.5,77.0,1943,750.5378425121307
8.5,77.0,1944,633.6771104037762
8.5,77.0,1945,559.7542401775718
8.5,77.0,1946,638.8199249207973
8.5,77.0,1947,812.9716957062483
8.5,77.0,1948,678.6157817915082
8.5,77.0,1949,733.7210466861725
8.5,77.0,1950,765.580595523119
8.5,77.0,1951,825.5048826932907
8.5,77.0,1952,219.03321055322886
8.5,77.0,1953,876.2648782432079
8.5,77.0,1954,459.6619429886341
8.5,77.0,1955,656.632581859827
8.5,77.0,1956,456.93696841597557
8.5,77.0,1957,700.5889551341534
8.5,77.0,1958,752.1619995757937
8.5,77.0,1959,976.0038737356663
8.5,77.0,1960,751.3742827177048
8.5,77.0,1961,1414.1482132077217
8.5,77.0,1962,871.7553750872612
8.5,77.0,1963,740.5373467206955
8.5,77.0,1964,608.9853174760938
8.5,77.0,1965,496.25571113824844
8.5,77.0,1966,603.6441968530416
8.5,77.0,1967,642.8906307518482
8.5,77.0,1968,910.8937937915325
8.5,77.0,1969,488.1884829849005
8.5,77.0,1970,340.36043302714825
8.5,77.0,1971,978.7910400927067
8.5,77.0,1972,585.5524489581585
8.5,77.0,1973,508.1712428331375
8.5,77.0,1974,915.8521953225136
8.5,77.0,1975,740.4652627706528
8.5,77.0,1976,320.25082355737686
8.5,77.0,1977,517.7959175407887
8.5,77.0,1978,466.09848469495773
8.5,77.0,1979,908.4739452302456
8.5,77.0,1980,636.752722620964
8.5,77.0,1981,1129.6130741387606
8.5,77.0,1982,631.48413233459
8.5,77.0,1983,512.5015088170767
8.5,77.0,1984,548.2646075189114
8.5,77.0,1985,540.5220164954662
8.5,77.0,1986,415.79722172021866
8.5,77.0,1987,511.5782603919506
8.5,77.0,1988,822.5190593749285
8.5,77.0,1989,944.9440216124058
8.5,77.0,1990,354.29875192046165
8.5,77.0,1991,1111.023749411106
8.5,77.0,1992,787.0927978605032
8.5,77.0,1993,559.7997830063105
8.5,77.0,1994,693.3968681693077
8.5,77.0,1995,543.8916990458965
8.5,77.0,1996,573.6400571465492
8.5,77.0,1997,801.0269336476922
8.5,77.0,1998,680.4994921088219
8.5,77.0,1999,524.6593516170979
8.5,77.0,2000,589.1565266549587
8.5,77.0,2001,562.375418767333
8.5,77.0,2002,161.17171486467123
8.5,77.0,2003,205.28121635317802
8.5,77.0,2004,730.5905382633209
8.5,77.0,2005,687.671868801117
8.5,77.0,2006,910.1603867411613
8.5,77.0,2007,925.7333497107029
8.5,77.0,2008,792.3996992409229
8.5,77.0,2009,557.1319824755192
8.5,77.0,2010,637.2364223450422
8.5,77.0,2011,636.1601722761989
8.5,77.0,2012,588.9735140949488
8.5,77.0,2013,834.8208865374327
8.5,77.0,2014,758.603348530829
8.5,77.0,2015,774.6610355898738
8.5,77.0,2016,471.1575213074684
8.5,77.0,2017,578.3694777041674
8.5,77.0,2018,916.4834594130516
8.5,77.0,2019,921.6348825618625
8.5,77.0,2020,735.0801160857081
8.5,77.0,2021,498.5306157171726
8.5,77.0,2022,537.2254900187254
8.5,77.0,2023,534.569935105741
8.5,77.25,1901,178.9553216844797
8.5,77.25,1902,147.19667629897594
8.5,77.25,1903,179.76549911499023
8.5,77.25,1904,246.1960617005825
8.5,77.25,1905,122.32800361514091
8.5,77.25,1906,180.670588940382
8.5,77.25,1907,197.64860586822033
8.5,77.25,1908,111.07733318209648
8.5,77.25,1909,128.71219688653946
8.5,77.25,1910,170.44288294017315
8.5,77.25,1911,121.8964261263609
8.5,77.25,1912,154.5272864997387
8.5,77.25,1913,110.792331635952
8.5,77.25,1914,181.69053557515144
8.5,77.25,1915,223.32234154641628
8.5,77.25,1916,892.4172939658165
8.5,77.25,1917,749.9031150490046
8.5,77.25,1918,299.2414668351412
8.5,77.25,1919,1126.8214316666126
8.5,77.25,1920,1098.3683536797762
8.5,77.25,1921,607.7982876896858
8.5,77.25,1922,644.8772518783808
8.5,77.25,1923,1377.9770323634148
8.5,77.25,1924,1597.9464587569237
8.5,77.25,1925,588.4989162534475
8.5,77.25,1926,1052.2333284467459
8.5,77.25,1927,826.9859579205513
8.5,77.25,1928,524.3129143044353
8.5,77.25,1929,1054.4109635055065
8.5,77.25,1930,726.5228324830532
8.5,77.25,1931,896.931404620409
8.5,77.25,1932,657.1709405779839
8.5,77.25,1933,1272.6825360953808
8.5,77.25,1934,454.9601463377476
8.5,77.25,1935,482.7087155431509
8.5,77.25,1936,670.6832296550274
8.5,77.25,1937,261.6323257237673
8.5,77.25,1938,704.4449433982372
8.5,77.25,1939,693.5250429064035
8.5,77.25,1940,854.3424938470125
8.5,77.25,1941,923.6797249019146
8.5,77.25,1942,523.4366439580917
8.5,77.25,1943,765.5247094035149
8.5,77.25,1944,588.1744932234287
8.5,77.25,1945,622.9819626808167
8.5,77.25,1946,581.5399958640337
8.5,77.25,1947,746.8493817001581
8.5,77.25,1948,832.5829044133425
8.5,77.25,1949,567.0049564838409
8.5,77.25,1950,767.047994658351
8.5,77.25,1951,866.7979949861765
8.5,77.25,1952,297.4267518520355
8.5,77.25,1953,419.7290703058243
8.5,77.25,1954,247.18764248490334
8.5,77.25,1955,282.2404174655676
8.5,77.25,1956,179.71327936649323
8.5,77.25,1957,672.111025094986
8.5,77.25,1958,899.8366382867098
8.5,77.25,1959,1194.2179717570543
8.5,77.25,1960,994.2290045619011
8.5,77.25,1961,1820.6785114109516
8.5,77.25,1962,362.67258808761835
8.5,77.25,1963,1010.5083350539207
8.5,77.25,1964,1139.0401383340359
8.5,77.25,1965,466.442813962698
8.5,77.25,1966,1208.0443883687258
8.5,77.25,1967,911.2274288237095
8.5,77.25,1968,1113.0179846212268
8.5,77.25,1969,813.107035279274
8.5,77.25,1970,651.2706474065781
8.5,77.25,1971,1196.9580022096634
8.5,77.25,1972,872.8481087684631
8.5,77.25,1973,957.2855316475034
8.5,77.25,1974,1036.1740051805973
8.5,77.25,1975,1080.8686951994896
8.5,77.25,1976,582.7957407981157
8.5,77.25,1977,535.1388213634491
8.5,77.25,1978,503.3491343781352
8.5,77.25,1979,541.8584436774254
8.5,77.25,1980,466.5493362545967
8.5,77.25,1981,829.2056510895491
8.5,77.25,1982,438.6800619587302
8.5,77.25,1983,389.6985232681036
8.5,77.25,1984,421.2877398058772
8.5,77.25,1985,576.1666406169534
8.5,77.25,1986,380.6851809620857
8.5,77.25,1987,417.71739734709263
8.5,77.25,1988,683.699968367815
8.5,77.25,1989,754.6171817779541
8.5,77.25,1990,358.76309487223625
8.5,77.25,1991,823.3585387915373
8.5,77.25,1992,718.3649382665753
8.5,77.25,1993,551.0846950113773
8.5,77.25,1994,739.3541301041842
8.5,77.25,1995,425.26897072792053
8.5,77.25,1996,648.5459691807628
8.5,77.25,1997,681.6242158859968
8.5,77.25,1998,682.1049150824547
8.5,77.25,1999,633.2521144449711
8.5,77.25,2000,1070.7812649011612
8.5,77.25,2001,342.4394042044878
8.5,77.25,2002,176.86349549144506
8.5,77.25,2003,270.7086416184902
8.5,77.25,2004,649.5157144069672
8.5,77.25,2005,271.9363543242216
8.5,77.25,2006,92.47398330271244
8.5,77.25,2007,969.8723059892654
8.5,77.25,2008,550.110392421484
8.5,77.25,2009,362.0156264603138
8.5,77.25,2010,441.60108932852745
8.5,77.25,2011,681.2025850117207
8.5,77.25,2012,611.849022179842
8.5,77.25,2013,446.8234750032425
8.5,77.25,2014,388.3310205936432
8.5,77.25,2015,364.23696479201317
8.5,77.25,2016,271.0030764490366
8.5,77.25,2017,366.5133703947067
8.5,77.25,2018,555.4046529531479
8.5,77.25,2019,564.291404530406
8.5,77.25,2020,388.4237728714943
8.5,77.25,2021,284.30422645807266
8.5,77.25,2022,298.6502202004194
8.5,77.25,2023,286.58149966597557
8.75,76.75,1901,1163.9744085595012
8.75,76.75,1902,1190.922928094864
8.75,76.75,1903,1211.3427710533142
8.75,76.75,1904,1751.9483124911785
8.75,76.75,1905,940.429411098361
8.75,76.75,1906,852.8528546392918
8.75,76.75,1907,1459.0267772227526
8.75,76.75,1908,785.34621784091
8.75,76.75,1909,823.4959907829762
8.75,76.75,1910,1009.639728397131
8.75,76.75,1911,940.0851984322071
8.75,76.75,1912,1435.551157772541
8.75,76.75,1913,882.7522591948509
8.75,76.75,1914,1104.9719920754433
8.75,76.75,1915,1373.982712239027
8.75,76.75,1916,1109.285462975502
8.75,76.75,1917,1042.9053549245
8.75,76.75,1918,672.1413910984993
8.75,76.75,1919,1234.5508658960462
8.75,76.75,1920,1524.6507825106382
8.75,76.75,1921,869.5864689648151
8.75,76.75,1922,1095.0477243959904
8.75,76.75,1923,1653.1955270320177
8.75,76.75,1924,2171.202738210559
8.75,76.75,1925,1059.4094021320343
8.75,76.75,1926,1268.4584870934486
8.75,76.75,1927,1084.727377049625
8.75,76.75,1928,702.9782477319241
8.75,76.75,1929,1355.5276738256216
8.75,76.75,1930,932.3227632343769
8.75,76.75,1931,1413.4503919556737
8.75,76.75,1932,885.6412947922945
8.75,76.75,1933,1510.4424042701721
8.75,76.75,1934,869.9695672690868
8.75,76.75,1935,824.480686083436
8.75,76.75,1936,919.6891928166151
8.75,76.75,1937,727.5711410716176
8.75,76.75,1938,757.6204395741224
8.75,76.75,1939,981.4376722797751
8.75,76.75,1940,1386.3913856893778
8.75,76.75,1941,1238.9622110947967
8.75,76.75,1942,1027.8216615617275
8.75,76.75,1943,1226.5909575521946
8.75,76.75,1944,744.2885141521692
8.75,76.75,1945,926.1191577985883
8.75,76.75,1946,1233.9954838007689
8.75,76.75,1947,1653.081937789917
8.75,76.75,1948,1337.2678513675928
8.75,76.75,1949,1370.2663190960884
8.75,76.75,1950,1339.6077455952764
8.75,76.75,1951,1190.1980590224266
8.75,76.75,1952,750.869759850204
8.75,76.75,1953,1077.3597434610128
8.75,76.75,1954,1008.6423910707235
8.75,76.75,1955,1176.6852660626173
8.75,76.75,1956,1132.1610005125403
8.75,76.75,1957,1337.572898864746
8.75,76.75,1958,1357.5100265592337
8.75,76.75,1959,1750.843995243311
8.75,76.75,1960,1506.3562460318208
8.75,76.75,1961,2108.922477558255
8.75,76.75,1962,1466.1236299052835
8.75,76.75,1963,1241.5586742460728
8.75,76.75,1964,1101.083069384098
8.75,76.75,1965,891.3643405139446
8.75,76.75,1966,1198.3729197233915
8.75,76.75,1967,1189.7833248972893
8.75,76.75,1968,1856.9307958558202
8.75,76.75,1969,979.320296600461
8.75,76.75,1970,994.0929131582379
8.75,76.75,1971,1328.2209362611175
8.75,76.75,1972,851.3021617978811
8.75,76.75,1973,1565.2534463703632
8.75,76.75,1974,1378.3767830207944
8.75,76.75,1975,1203.4963735938072
8.75,76.75,1976,523.435599014163
8.75,76.75,1977,684.0128062143922
8.75,76.75,1978,698.4477687031031
8.75,76.75,1979,785.3262402787805
8.75,76.75,1980,631.1501009613276
8.75,76.75,1981,638.3270807340741
8.75,76.75,1982,324.98593202233315
8.75,76.75,1983,245.50887051224709
8.75,76.75,1984,474.1262430995703
8.75,76.75,1985,495.6729537770152
8.75,76.75,1986,576.4450638890266
8.75,76.75,1987,367.9284503310919
8.75,76.75,1988,981.5027601569891
8.75,76.75,1989,1034.7965774163604
8.75,76.75,1990,631.4476432651281
8.75,76.75,1991,1533.3332345187664
8.75,76.75,1992,1211.7350521534681
8.75,76.75,1993,890.4964087754488
8.75,76.75,1994,1038.7579923123121
8.75,76.75,1995,856.2963468804955
8.75,76.75,1996,1007.9870838224888
8.75,76.75,1997,1191.0558386445045
8.75,76.75,1998,964.2171100974083
8.75,76.75,1999,1327.8920251876116
8.75,76.75,2000,1144.697608679533
8.75,76.75,2001,1027.8264812082052
8.75,76.75,2002,523.5068453550339
8.75,76.75,2003,473.2987247109413
8.75,76.75,2004,848.5201532691717
8.75,76.75,2005,1027.696531869471
8.75,76.75,2006,1200.0072317123413
8.75,76.75,2007,1042.467052295804
8.75,76.75,2008,947.1627705097198
8.75,76.75,2009,865.8936730325222
8.75,76.75,2010,931.0335226356983
8.75,76.75,2011,851.9401324540377
8.75,76.75,2012,703.0938406214118
8.75,76.75,2013,1342.9945827051997
8.75,76.75,2014,1069.4950543493032
8.75,76.75,2015,901.5333082973957
8.75,76.75,2016,690.4381473883986
8.75,76.75,2017,945.3064838051796
8.75,76.75,2018,1218.0638339146972
8.75,76.75,2019,1115.9521688222885
8.75,76.75,2020,1187.8254152610898
8.75,76.75,2021,961.1760407984257
8.75,76.75,2022,777.7798268347979
8.75,76.75,2023,1003.9386147521436
8.75,77.0,1901,574.3056256920099
8.75,77.0,1902,554.2955488413572
8.75,77.0,1903,603.8146823719144
8.75,77.0,1904,813.9929633438587
8.75,77.0,1905,667.4563867151737
8.75,77.0,1906,720.297228962183
8.75,77.0,1907,945.1551221609116
8.75,77.0,1908,633.4391765445471
8.75,77.0,1909,434.3285873681307
8.75,77.0,1910,685.0078090578318
8.75,77.0,1911,722.4804500639439
8.75,77.0,1912,885.6934539079666
8.75,77.0,1913,650.968456313014
8.75,77.0,1914,889.769903331995
8.75,77.0,1915,1074.8019493073225
8.75,77.0,1916,739.4420099258423
8.75,77.0,1917,542.811592489481
8.75,77.0,1918,371.50624322891235
8.75,77.0,1919,771.1004232466221
8.75,77.0,1920,924.9088379219174
8.75,77.0,1921,613.0000466406345
8.75,77.0,1922,708.4832893013954
8.75,77.0,1923,1064.8457407057285
8.75,77.0,1924,1500.9732038527727
8.75,77.0,1925,614.0702597945929
8.75,77.0,1926,832.8201431035995
8.75,77.0,1927,773.805192142725
8.75,77.0,1928,523.6213360801339
8.75,77.0,1929,946.7515947520733
8.75,77.0,1930,658.3959957361221
8.75,77.0,1931,942.5976181924343
8.75,77.0,1932,538.1555577665567
8.75,77.0,1933,1205.9056199938059
8.75,77.0,1934,499.3747216463089
8.75,77.0,1935,536.5957295447588
8.75,77.0,1936,842.2345999032259
8.75,77.0,1937,452.57726034522057
8.75,77.0,1938,582.5842442139983
8.75,77.0,1939,719.640665769577
8.75,77.0,1940,825.6924319118261
8.75,77.0,1941,855.0702764242887
8.75,77.0,1942,694.3184669464827
8.75,77.0,1943,807.6257252320647
8.75,77.0,1944,543.3181882724166
8.75,77.0,1945,636.4958521574736
8.75,77.0,1946,711.5137220174074
8.75,77.0,1947,824.6583476811647
8.75,77.0,1948,654.1357897669077
8.75,77.0,1949,680.6403775215149
8.75,77.0,1950,787.2485202997923
8.75,77.0,1951,597.6091378778219
8.75,77.0,1952,443.24309577047825
8.75,77.0,1953,1824.5914826989174
8.75,77.0,1954,2094.9458511173725
8.75,77.0,1955,3560.5059732198715
8.75,77.0,1956,1881.609556980431
8.75,77.0,1957,2383.1122543662786
8.75,77.0,1958,3876.1838603913784
8.75,77.0,1959,2932.50971442461
8.75,77.0,1960,2519.3198156654835
8.75,77.0,1961,3504.6088105142117
8.75,77.0,1962,1437.828095793724
8.75,77.0,1963,2723.7216061279178
8.75,77.0,1964,2650.413582831621
8.75,77.0,1965,1859.1129639744759
8.75,77.0,1966,1903.2550784647465
8.75,77.0,1967,1519.8971277177334
8.75,77.0,1968,2607.734598636627
8.75,77.0,1969,1670.9540417417884
8.75,77.0,1970,578.9467960298061
8.75,77.0,1971,993.2347982227802
8.75,77.0,1972,1686.3394914865494
8.75,77.0,1973,926.4270443916321
8.75,77.0,1974,737.7165922820568
8.75,77.0,1975,683.9821724295616
8.75,77.0,1976,155.1588040739298
8.75,77.0,1977,543.1302391141653
8.75,77.0,1978,400.11308324337006
8.75,77.0,1979,569.1787437647581
8.75,77.0,1980,453.88384180516005
8.75,77.0,1981,683.4806539267302
8.75,77.0,1982,361.77658876776695
8.75,77.0,1983,368.9700291454792
8.75,77.0,1984,253.8491471707821
8.75,77.0,1985,232.09450352191925
8.75,77.0,1986,385.37541979551315
8.75,77.0,1987,600.1295666247606
8.75,77.0,1988,655.1515789479017
8.75,77.0,1989,496.3435015305877
8.75,77.0,1990,540.9433269053698
8.75,77.0,1991,1040.2669270336628
8.75,77.0,1992,571.6786971986294
8.75,77.0,1993,398.9565145820379
8.75,77.0,1994,540.1202849447727
8.75,77.0,1995,459.7838686108589
8.75,77.0,1996,551.3473468571901
8.75,77.0,1997,565.8626036792994
8.75,77.0,1998,656.0495912581682
8.75,77.0,1999,709.0433809608221
8.75,77.0,2000,750.1989208608866
8.75,77.0,2001,295.08827017992735
8.75,77.0,2002,128.20418950915337
8.75,77.0,2003,146.18151608109474
8.75,77.0,2004,838.2881457284093
8.75,77.0,2005,970.7643079161644
8.75,77.0,2006,800.22868090868
8.75,77.0,2007,677.1771320551634
8.75,77.0,2008,964.4864350408316
8.75,77.0,2009,876.1901084408164
8.75,77.0,2010,739.8148158788681
8.75,77.0,2011,806.0267072468996
8.75,77.0,2012,677.1787854507565
8.75,77.0,2013,1053.8348461687565
8.75,77.0,2014,775.875117585063
8.75,77.0,2015,784.6671730577946
8.75,77.0,2016,582.3034687638283
8.75,77.0,2017,809.394048511982
8.75,77.0,2018,1120.950396001339
8.75,77.0,2019,956.539226680994
8.75,77.0,2020,873.5883419662714
8.75,77.0,2021,743.7337701618671
8.75,77.0,2022,517.67458088696
8.75,77.0,2023,198.44491670280695
9.0,76.75,1901,1443.9000019431114
9.0,76.75,1902,1829.3999868035316
9.0,76.75,1903,1599.1999981999397
9.0,76.75,1904,2330.6999938488007
9.0,76.75,1905,1393.7000024914742
9.0,76.75,1906,1327.7999933362007
9.0,76.75,1907,1929.1999960541725
9.0,76.75,1908,1362.0000091195107
9.0,76.75,1909,1495.6999824643135
9.0,76.75,1910,1217.6999802589417
9.0,76.75,1911,1431.8999903202057
9.0,76.75,1912,1458.8999965190887
9.0,76.75,1913,1054.1999998092651
9.0,76.75,1914,1675.6999843120575
9.0,76.75,1915,2937.5999913215637
9.0,76.75,1916,1907.2999925613403
9.0,76.75,1917,2483.4999833106995
9.0,76.75,1918,1129.9999866485596
9.0,76.75,1919,2402.5999870300293
9.0,76.75,1920,2449.2999913692474
9.0,76.75,1921,1735.6999852657318
9.0,76.75,1922,1821.5999829769135
9.0,76.75,1923,2508.999984741211
9.0,76.75,1924,2675.79997587204
9.0,76.75,1925,1396.499986410141
9.0,76.75,1926,1754.0999813079834
9.0,76.75,1927,1457.299983739853
9.0,76.75,1928,1086.1999896168709
9.0,76.75,1929,1955.7999918460846
9.0,76.75,1930,1278.7999937534332
9.0,76.75,1931,2004.5999989509583
9.0,76.75,1932,1349.1999952793121
9.0,76.75,1933,1931.0999851226807
9.0,76.75,1934,1041.7999987602234
9.0,76.75,1935,1425.999983549118
9.0,76.75,1936,1310.199997484684
9.0,76.75,1937,1090.400000154972
9.0,76.75,1938,1194.8999920487404
9.0,76.75,1939,1493.6999940872192
9.0,76.75,1940,1935.199979543686
9.0,76.75,1941,1454.5000021457672
9.0,76.75,1942,1589.7999939918518
9.0,76.75,1943,1987.2999815940857
9.0,76.75,1944,1124.6999962329865
9.0,76.75,1945,1598.9999887943268
9.0,76.75,1946,2572.0999903678894
9.0,76.75,1947,2117.299989461899
9.0,76.75,1948,2075.999997854233
9.0,76.75,1949,1559.7999727725983
9.0,76.75,1950,2288.599992752075
9.0,76.75,1951,1675.2999806404114
9.0,76.75,1952,1304.7999777793884
9.0,76.75,1953,1454.4999904632568
9.0,76.75,1954,1309.499980688095
9.0,76.75,1955,1440.1999876499176
9.0,76.75,1956,947.3999865055084
9.0,76.75,1957,1410.3999794125557
9.0,76.75,1958,1155.5999917984009
9.0,76.75,1959,1474.0999906659126
9.0,76.75,1960,1181.0999919772148
9.0,76.75,1961,1727.8999961018562
9.0,76.75,1962,892.4999973103404
9.0,76.75,1963,1235.399991929531
9.0,76.75,1964,1350.199996829033
9.0,76.75,1965,972.0999983847141
9.0,76.75,1966,1156.000005722046
9.0,76.75,1967,1291.4000010490417
9.0,76.75,1968,2430.5772985219955
9.0,76.75,1969,1182.7000012397766
9.0,76.75,1970,1326.1000032424927
9.0,76.75,1971,2031.1811475753784
9.0,76.75,1972,850.9000034332275
9.0,76.75,1973,1106.6999942064285
9.0,76.75,1974,1551.700006723404
9.0,76.75,1975,1958.2999968528748
9.0,76.75,1976,914.4999923706055
9.0,76.75,1977,1151.600000679493
9.0,76.75,1978,1240.7999985218048
9.0,76.75,1979,1295.3242383599281
9.0,76.75,1980,1349.8000082969666
9.0,76.75,1981,1909.2999926805496
9.0,76.75,1982,320.57028092443943
9.0,76.75,1983,578.0951338857412
9.0,76.75,1984,438.9050756543875
9.0,76.75,1985,416.9811122864485
9.0,76.75,1986,247.04337273538113
9.0,76.75,1987,251.4177673831582
9.0,76.75,1988,1588.0000060796738
9.0,76.75,1989,1678.5999965667725
9.0,76.75,1990,1102.4000017642975
9.0,76.75,1991,1696.10000243783
9.0,76.75,1992,1680.500003516674
9.0,76.75,1993,1439.7000037878752
9.0,76.75,1994,1620.3999956846237
9.0,76.75,1995,1437.1999983787537
9.0,76.75,1996,1398.800007045269
9.0,76.75,1997,1462.9000006914139
9.0,76.75,1998,1581.9999895095825
9.0,76.75,1999,1325.9999928474426
9.0,76.75,2000,1772.6000001430511
9.0,76.75,2001,1332.4000066518784
9.0,76.75,2002,1098.3999980688095
9.0,76.75,2003,912.5999991893768
9.0,76.75,2004,1001.6000044345856
9.0,76.75,2005,1262.5999991893768
9.0,76.75,2006,1401.2000076770782
9.0,76.75,2007,424.6250016093254
9.0,76.75,2008,1209.8000037670135
9.0,76.75,2009,1107.6000055074692
9.0,76.75,2010,1432.400004029274
9.0,76.75,2011,1167.8000019788742
9.0,76.75,2012,882.1999986171722
9.0,76.75,2013,1734.5999996513128
9.0,76.75,2014,1625.3999983221292
9.0,76.75,2015,1029.8000035062432
9.0,76.75,2016,893.6000034213066
9.0,76.75,2017,1358.0000005364418
9.0,76.75,2018,1817.100007146597
9.0,76.75,2019,1489.1999946534634
9.0,76.75,2020,1328.9000032246113
9.0,76.75,2021,1322.0999998003244
9.0,76.75,2022,1089.5000044554472
9.0,76.75,2023,1121.7000045776367
9.0,77.0,1901,654.2192629575729
9.0,77.0,1902,753.7163204848766
9.0,77.0,1903,713.9314558655024
9.0,77.0,1904,949.1322672218084
9.0,77.0,1905,1089.919483549893
9.0,77.0,1906,1103.9073391109705
9.0,77.0,1907,1908.3230755329132
9.0,77.0,1908,1098.2994863316417
9.0,77.0,1909,1202.9391394853592
9.0,77.0,1910,1249.4522034227848
9.0,77.0,1911,1476.9029161930084
9.0,77.0,1912,1496.6763244271278
9.0,77.0,1913,1258.105681501329
9.0,77.0,1914,2042.0803734138608
9.0,77.0,1915,1755.523367188871
9.0,77.0,1916,1303.9275162816048
9.0,77.0,1917,934.2791505753994
9.0,77.0,1918,790.5045399963856
9.0,77.0,1919,1213.2966067790985
9.0,77.0,1920,1671.4962631464005
9.0,77.0,1921,1242.1789246201515
9.0,77.0,1922,1387.5333436727524
9.0,77.0,1923,2051.971293926239
9.0,77.0,1924,2824.308477640152
9.0,77.0,1925,1037.175998032093
9.0,77.0,1926,1636.1445682048798
9.0,77.0,1927,1484.228951022029
9.0,77.0,1928,1156.6444599926472
9.0,77.0,1929,1630.4355399608612
9.0,77.0,1930,1351.6799149513245
9.0,77.0,1931,1752.7753894031048
9.0,77.0,1932,552.4988107010722
9.0,77.0,1933,1775.4249400645494
9.0,77.0,1934,954.671699911356
9.0,77.0,1935,1080.9855182170868
9.0,77.0,1936,1279.6572171747684
9.0,77.0,1937,795.3336396962404
9.0,77.0,1938,1116.8586502075195
9.0,77.0,1939,1483.4547243863344
9.0,77.0,1940,1409.5591469854116
9.0,77.0,1941,1619.5978521853685
9.0,77.0,1942,1284.2456039488316
9.0,77.0,1943,1585.0146333128214
9.0,77.0,1944,816.2130598276854
9.0,77.0,1945,1120.942223072052
9.0,77.0,1946,1209.0037568062544
9.0,77.0,1947,1394.4753262251616
9.0,77.0,1948,1314.2312107086182
9.0,77.0,1949,704.5648212432861
9.0,77.0,1950,1490.6328242495656
9.0,77.0,1951,1394.4154219180346
9.0,77.0,1952,910.0342589467764
9.0,77.0,1953,1010.0801148042083
9.0,77.0,1954,1200.666900448501
9.0,77.0,1955,980.2190921902657
9.0,77.0,1956,894.4800269380212
9.0,77.0,1957,1481.1085320711136
9.0,77.0,1958,1177.7062442153692
9.0,77.0,1959,1783.080372184515
9.0,77.0,1960,1175.0251446440816
9.0,77.0,1961,1974.1208448708057
9.0,77.0,1962,954.9805724918842
9.0,77.0,1963,1414.3409711569548
9.0,77.0,1964,1487.9326587617397
9.0,77.0,1965,958.0044547989964
9.0,77.0,1966,1171.0983886942267
9.0,77.0,1967,1918.0576338991523
9.0,77.0,1968,1587.2148329019547
9.0,77.0,1969,1193.339240193367
9.0,77.0,1970,1087.7698727697134
9.0,77.0,1971,1582.6675221472979
9.0,77.0,1972,873.1638114005327
9.0,77.0,1973,871.8293903693557
9.0,77.0,1974,1356.7980068325996
9.0,77.0,1975,835.7939323335886
9.0,77.0,1976,850.0525572448969
9.0,77.0,1977,825.4665732979774
9.0,77.0,1978,1115.5507427453995
9.0,77.0,1979,1260.0940589308739
9.0,77.0,1980,783.6499729603529
9.0,77.0,1981,1262.3438130617142
9.0,77.0,1982,237.5888176113367
9.0,77.0,1983,646.9644206166267
9.0,77.0,1984,208.67977300286293
9.0,77.0,1985,199.02685797214508
9.0,77.0,1986,156.05188083648682
9.0,77.0,1987,233.8898158967495
9.0,77.0,1988,296.40839925408363
9.0,77.0,1989,404.5908966064453
9.0,77.0,1990,1068.9784367904067
9.0,77.0,1991,1857.0626203119755
9.0,77.0,1992,1523.572028040886
9.0,77.0,1993,1216.9614050984383
9.0,77.0,1994,1345.15469558537
9.0,77.0,1995,1132.6554595977068
9.0,77.0,1996,1066.5846556574106
9.0,77.0,1997,1024.0207890495658
9.0,77.0,1998,1251.9894762709737
9.0,77.0,1999,819.7359375953674
9.0,77.0,2000,1181.777479544282
9.0,77.0,2001,1054.3066149950027
9.0,77.0,2002,671.638200879097
9.0,77.0,2003,772.878690212965
9.0,77.0,2004,1303.2332964092493
9.0,77.0,2005,1213.511353239417
9.0,77.0,2006,1231.5289629101753
9.0,77.0,2007,1727.944805584848
9.0,77.0,2008,1062.664617434144
9.0,77.0,2009,1061.1707030311227
9.0,77.0,2010,1059.9174985289574
9.0,77.0,2011,1022.2607958465815
9.0,77.0,2012,792.3135609924793
9.0,77.0,2013,1789.8154637664557
9.0,77.0,2014,1385.2637423276901
9.0,77.0,2015,1043.1472544968128
9.0,77.0,2016,1025.2793264389038
9.0,77.0,2017,1566.7920479774475
9.0,77.0,2018,1672.7451869100332
9.0,77.0,2019,1457.9193149209023
9.0,77.0,2020,1270.7166068851948
9.0,77.0,2021,1265.6704524755478
9.0,77.0,2022,1147.8182532787323
9.0,77.0,2023,386.0723418071866
9.25,76.5,1901,2159.6958398222923
9.25,76.5,1902,1987.8242453932762
9.25,76.5,1903,2026.2791614681482
9.25,76.5,1904,2258.554404914379
9.25,76.5,1905,1506.736369729042
9.25,76.5,1906,1454.8170413672924
9.25,76.5,1907,2156.028358399868
9.25,76.5,1908,1464.783863261342
9.25,76.5,1909,1517.3297619968653
9.25,76.5,1910,1712.5287601351738
9.25,76.5,1911,1655.1285010948777
9.25,76.5,1912,1795.936928331852
9.25,76.5,1913,1384.5597145557404
9.25,76.5,1914,1590.9442759752274
9.25,76.5,1915,2060.696333155036
9.25,76.5,1916,1761.744103640318
9.25,76.5,1917,1681.492314428091
9.25,76.5,1918,924.772534519434
9.25,76.5,1919,1854.9582016468048
9.25,76.5,1920,2128.5519445091486
9.25,76.5,1921,1832.3522219955921
9.25,76.5,1922,2163.455385155976
9.25,76.5,1923,2338.7557303905487
9.25,76.5,1924,2835.655469313264
9.25,76.5,1925,1709.2174393981695
9.25,76.5,1926,2050.2896949201822
9.25,76.5,1927,1959.8397728949785
9.25,76.5,1928,1555.4385616630316
9.25,76.5,1929,2298.4485420286655
9.25,76.5,1930,1675.5120273977518
9.25,76.5,1931,2234.0876630842686
9.25,76.5,1932,1670.8158688545227
9.25,76.5,1933,2397.52748426795
9.25,76.5,1934,1613.903492152691
9.25,76.5,1935,1563.1888222694397
9.25,76.5,1936,1678.9463013634086
9.25,76.5,1937,1554.7426074966788
9.25,76.5,1938,1628.7183955162764
9.25,76.5,1939,1995.7394889369607
9.25,76.5,1940,1816.9817634224892
9.25,76.5,1941,1839.4348844438791
9.25,76.5,1942,1832.2788526713848
9.25,76.5,1943,2041.0166101157665
9.25,76.5,1944,1157.0980295538902
9.25,76.5,1945,1497.8117320686579
9.25,76.5,1946,2016.0330636501312
9.25,76.5,1947,2321.5230627954006
9.25,76.5,1948,2010.6134173125029
9.25,76.5,1949,1951.8797942698002
9.25,76.5,1950,1971.0267543643713
9.25,76.5,1951,1740.3673702254891
9.25,76.5,1952,1308.098996348679
9.25,76.5,1953,1543.1502156481147
9.25,76.5,1954,1640.486468449235
9.25,76.5,1955,1651.4974938184023
9.25,76.5,1956,1359.3705260455608
9.25,76.5,1957,1937.8788544908166
9.25,76.5,1958,1610.1470579504967
9.25,76.5,1959,2391.9725788533688
9.25,76.5,1960,1971.304298132658
9.25,76.5,1961,2672.198925450444
9.25,76.5,1962,1790.8053010180593
9.25,76.5,1963,1727.1878270283341
9.25,76.5,1964,1814.876707404852
9.25,76.5,1965,1537.026307374239
9.25,76.5,1966,1475.5966851562262
9.25,76.5,1967,2200.8963324576616
9.25,76.5,1968,2792.101768165827
9.25,76.5,1969,1740.6866519153118
9.25,76.5,1970,1246.7299675792456
9.25,76.5,1971,1487.0280851572752
9.25,76.5,1972,1269.8372773453593
9.25,76.5,1973,1156.0257846713066
9.25,76.5,1974,1510.5775570869446
9.25,76.5,1975,1931.9998459368944
9.25,76.5,1976,801.5353379696608
9.25,76.5,1977,882.0309938713908
9.25,76.5,1978,1455.4275962859392
9.25,76.5,1979,1124.597983673215
9.25,76.5,1980,1596.1495864093304
9.25,76.5,1981,1737.1484818309546
9.25,76.5,1982,1318.7198403775692
9.25,76.5,1983,1631.3102855980396
9.25,76.5,1984,1081.7551267370582
9.25,76.5,1985,1132.5897864103317
9.25,76.5,1986,926.2311556637287
9.25,76.5,1987,997.0104496479034
9.25,76.5,1988,1448.3266848176718
9.25,76.5,1989,1418.8263212144375
9.25,76.5,1990,1193.7829559221864
9.25,76.5,1991,2156.9388054311275
9.25,76.5,1992,2284.4376032054424
9.25,76.5,1993,1754.590910859406
9.25,76.5,1994,1897.145557463169
9.25,76.5,1995,1894.0956385806203
9.25,76.5,1996,1461.2944248467684
9.25,76.5,1997,1960.748045861721
9.25,76.5,1998,2304.284723304212
9.25,76.5,1999,1664.1032121032476
9.25,76.5,2000,1791.131896480918
9.25,76.5,2001,1525.7998246103525
9.25,76.5,2002,1050.3467962443829
9.25,76.5,2003,1318.2418923825026
9.25,76.5,2004,1327.2823972702026
9.25,76.5,2005,1630.1433368623257
9.25,76.5,2006,1525.0483494848013
9.25,76.5,2007,1879.2626605033875
9.25,76.5,2008,1375.3097831085324
9.25,76.5,2009,1289.9063001424074
9.25,76.5,2010,1415.270058736205
9.25,76.5,2011,1364.413518100977
9.25,76.5,2012,946.535645544529
9.25,76.5,2013,2061.272103972733
9.25,76.5,2014,1619.599086984992
9.25,76.5,2015,1147.904884800315
9.25,76.5,2016,1016.4109219685197
9.25,76.5,2017,1756.1373155862093
9.25,76.5,2018,1932.9088910222054
9.25,76.5,2019,1644.424435250461
9.25,76.5,2020,1720.8970813304186
9.25,76.5,2021,1527.4495081752539
9.25,76.5,2022,1302.1755224615335
9.25,76.5,2023,1443.5688547855243
9.25,76.75,1901,1661.2385201454163
9.25,76.75,1902,1774.5616710484028
9.25,76.75,1903,1768.51477111876
9.25,76.75,1904,2028.4280431717634
9.25,76.75,1905,1551.7619897723198
9.25,76.75,1906,1543.7878589183092
9.25,76.75,1907,2128.4269644767046
9.25,76.75,1908,1574.394055813551
9.25,76.75,1909,1625.3971018642187
9.25,76.75,1910,1713.0237388759851
9.25,76.75,1911,1763.992724277079
9.25,76.75,1912,1736.532877907157
9.25,76.75,1913,1487.5425239354372
9.25,76.75,1914,1655.238255172968
9.25,76.75,1915,2050.481953173876
9.25,76.75,1916,1927.0873282551765
9.25,76.75,1917,1861.0340218544006
9.25,76.75,1918,1116.8482206463814
9.25,76.75,1919,2097.181324005127
9.25,76.75,1920,2290.377320289612
9.25,76.75,1921,1658.7175459563732
9.25,76.75,1922,2270.777469396591
9.25,76.75,1923,2651.396345794201
9.25,76.75,1924,3389.6691564917564
9.25,76.75,1925,2121.138548016548
9.25,76.75,1926,1872.923022583127
9.25,76.75,1927,2160.899658679962
9.25,76.75,1928,1568.2660035640001
9.25,76.75,1929,2086.187417000532
9.25,76.75,1930,1523.6367422789335
9.25,76.75,1931,2287.9021067619324
9.25,76.75,1932,1675.2155989706516
9.25,76.75,1933,2471.442214012146
9.25,76.75,1934,1191.5026104152203
9.25,76.75,1935,1233.7283039689064
9.25,76.75,1936,1625.6809691041708
9.25,76.75,1937,1347.7533638179302
9.25,76.75,1938,1590.579261392355
9.25,76.75,1939,1916.10142993927
9.25,76.75,1940,1895.9384919553995
9.25,76.75,1941,1458.5698342174292
9.25,76.75,1942,1709.2299852073193
9.25,76.75,1943,1884.1352236270905
9.25,76.75,1944,1311.1550556123257
9.25,76.75,1945,1534.067014709115
9.25,76.75,1946,1923.1950068473816
9.25,76.75,1947,2931.019047677517
9.25,76.75,1948,2264.6667082607746
9.25,76.75,1949,1737.1481750160456
9.25,76.75,1950,2116.7135899066925
9.25,76.75,1951,1315.734536498785
9.25,76.75,1952,1359.1189576387405
9.25,76.75,1953,1422.849023848772
9.25,76.75,1954,1457.434618934989
9.25,76.75,1955,1696.7485898137093
9.25,76.75,1956,1437.1916955262423
9.25,76.75,1957,1789.1587717086077
9.25,76.75,1958,1563.740982145071
9.25,76.75,1959,2271.2896150648594
9.25,76.75,1960,1914.528359875083
9.25,76.75,1961,2443.206698074937
9.25,76.75,1962,606.3696439415216
9.25,76.75,1963,1512.3619434386492
9.25,76.75,1964,1623.643794119358
9.25,76.75,1965,1511.4655615314841
9.25,76.75,1966,1234.1616414934397
9.25,76.75,1967,1529.103973776102
9.25,76.75,1968,3380.4612416028976
9.25,76.75,1969,1734.2875278815627
9.25,76.75,1970,1277.3846538066864
9.25,76.75,1971,1476.843033105135
9.25,76.75,1972,1557.3389666825533
9.25,76.75,1973,1553.4428856521845
9.25,76.75,1974,1557.0888909846544
9.25,76.75,1975,1792.5594205260277
9.25,76.75,1976,905.1297179311514
9.25,76.75,1977,1153.81801456213
9.25,76.75,1978,1398.5743589103222
9.25,76.75,1979,1272.5211678892374
9.25,76.75,1980,1694.2883747071028
9.25,76.75,1981,2195.432163119316
9.25,76.75,1982,1300.025565341115
9.25,76.75,1983,1430.1117067337036
9.25,76.75,1984,1430.4306665360928
9.25,76.75,1985,1450.6537678986788
9.25,76.75,1986,702.5528221353889
9.25,76.75,1987,413.6493468657136
9.25,76.75,1988,1002.8848433494568
9.25,76.75,1989,1298.135181605816
9.25,76.75,1990,1047.246328741312
9.25,76.75,1991,2042.2281594276428
9.25,76.75,1992,1846.6218205094337
9.25,76.75,1993,1671.5513520687819
9.25,76.75,1994,1632.3392830044031
9.25,76.75,1995,1834.4491097033024
9.25,76.75,1996,1538.1980634331703
9.25,76.75,1997,1872.4383142888546
9.25,76.75,1998,1958.1912056207657
9.25,76.75,1999,1542.6225867718458
9.25,76.75,2000,1693.9388601779938
9.25,76.75,2001,1531.2429710179567
9.25,76.75,2002,1049.1664440184832
9.25,76.75,2003,1193.9236337393522
9.25,76.75,2004,1287.7530623152852
9.25,76.75,2005,1406.732257053256
9.25,76.75,2006,1748.408615320921
9.25,76.75,2007,1987.3459452092648
9.25,76.75,2008,1586.661554850638
9.25,76.75,2009,1251.5964248552918
9.25,76.75,2010,1541.9276845529675
9.25,76.75,2011,1197.5687999427319
9.25,76.75,2012,882.142970636487
9.25,76.75,2013,1715.4252154827118
9.25,76.75,2014,1695.3039564043283
9.25,76.75,2015,1126.428507745266
9.25,76.75,2016,1010.2083467021585
9.25,76.75,2017,1765.7844872400165
9.25,76.75,2018,2191.7940369024873
9.25,76.75,2019,1684.307334318757
9.25,76.75,2020,1809.416421636939
9.25,76.75,2021,1697.0335468649864
9.25,76.75,2022,1447.375885054469
9.25,76.75,2023,1368.1209607031196
9.25,77.0,1901,1772.678734600544
9.25,77.0,1902,1768.6728863716125
9.25,77.0,1903,1794.311774045229
9.25,77.0,1904,2355.257613092661
9.25,77.0,1905,497.35892137885094
9.25,77.0,1906,551.2973340600729
9.25,77.0,1907,974.7600836679339
9.25,77.0,1908,561.941047757864
9.25,77.0,1909,582.5172319710255
9.25,77.0,1910,616.6052447110415
9.25,77.0,1911,698.5991343036294
9.25,77.0,1912,690.1108809709549
9.25,77.0,1913,567.3145633265376
9.25,77.0,1914,838.4576637744904
9.25,77.0,1915,853.7887493520975
9.25,77.0,1916,533.1002809107304
9.25,77.0,1917,458.6873545050621
9.25,77.0,1918,282.5940603017807
9.25,77.0,1919,479.4435757994652
9.25,77.0,1920,612.3876601159573
9.25,77.0,1921,473.82252514362335
9.25,77.0,1922,531.2227318137884
9.25,77.0,1923,770.817181199789
9.25,77.0,1924,1218.7758810818195
9.25,77.0,1925,399.8165219426155
9.25,77.0,1926,582.5547604709864
9.25,77.0,1927,598.672251790762
9.25,77.0,1928,431.6293272972107
9.25,77.0,1929,664.3361158370972
9.25,77.0,1930,536.6289783418179
9.25,77.0,1931,664.5300381779671
9.25,77.0,1932,263.72669526934624
9.25,77.0,1933,767.5084866583347
9.25,77.0,1934,360.0864767730236
9.25,77.0,1935,396.22017672657967
9.25,77.0,1936,562.8825045228004
9.25,77.0,1937,310.59847989678383
9.25,77.0,1938,419.0676450282335
9.25,77.0,1939,581.5094623565674
9.25,77.0,1940,509.48254004120827
9.25,77.0,1941,598.4188963770866
9.25,77.0,1942,469.5434000045061
9.25,77.0,1943,623.2846150845289
9.25,77.0,1944,372.34922564029694
9.25,77.0,1945,413.8733332157135
9.25,77.0,1946,434.375011831522
9.25,77.0,1947,533.1859195530415
9.25,77.0,1948,496.5776828825474
9.25,77.0,1949,280.25610776245594
9.25,77.0,1950,542.305901736021
9.25,77.0,1951,628.2350613772869
9.25,77.0,1952,338.4653257727623
9.25,77.0,1953,448.32454966008663
9.25,77.0,1954,439.01779298484325
9.25,77.0,1955,427.39409840106964
9.25,77.0,1956,338.91067956387997
9.25,77.0,1957,572.3053750544786
9.25,77.0,1958,484.35234770178795
9.25,77.0,1959,633.3113858699799
9.25,77.0,1960,456.09451270103455
9.25,77.0,1961,753.8056855201721
9.25,77.0,1962,505.06268211454153
9.25,77.0,1963,523.0437131375074
9.25,77.0,1964,608.9082677364349
9.25,77.0,1965,494.482998162508
9.25,77.0,1966,470.0149413496256
9.25,77.0,1967,704.3493674695492
9.25,77.0,1968,601.1712907850742
9.25,77.0,1969,510.0528235435486
9.25,77.0,1970,382.406121134758
9.25,77.0,1971,909.0770068094134
9.25,77.0,1972,400.7689028084278
9.25,77.0,1973,318.33587592840195
9.25,77.0,1974,435.99851673841476
9.25,77.0,1975,290.2721371650696
9.25,77.0,1976,310.05992394685745
9.25,77.0,1977,284.17241433262825
9.25,77.0,1978,370.92707577347755
9.25,77.0,1979,451.7497813999653
9.25,77.0,1980,416.24408480525017
9.25,77.0,1981,828.3956062495708
9.25,77.0,1982,211.90307258069515
9.25,77.0,1983,218.79999977350235
9.25,77.0,1984,102.33505034446716
9.25,77.0,1985,106.02776449918747
9.25,77.0,1986,40.20252062380314
9.25,77.0,1987,99.55399011075497
9.25,77.0,1988,96.09384717047215
9.25,77.0,1989,213.5221298635006
9.25,77.0,1990,362.53507632017136
9.25,77.0,1991,788.9638783633709
9.25,77.0,1992,718.128389686346
9.25,77.0,1993,278.57371397316456
9.25,77.0,1994,317.7921729236841
9.25,77.0,1995,420.9612809419632
9.25,77.0,1996,436.0004969239235
9.25,77.0,1997,348.34387958049774
9.25,77.0,1998,738.0779245495796
9.25,77.0,1999,252.29286727309227
9.25,77.0,2000,461.49938452243805
9.25,77.0,2001,223.63264721632004
9.25,77.0,2002,123.70680363476276
9.25,77.0,2003,134.28086775541306
9.25,77.0,2004,964.9616095125675
9.25,77.0,2005,1404.161984540522
9.25,77.0,2006,721.4971459209919
9.25,77.0,2007,2183.339371085167
9.25,77.0,2008,1403.734638914466
9.25,77.0,2009,1279.7344149053097
9.25,77.0,2010,527.2789375782013
9.25,77.0,2011,1244.5723683834076
9.25,77.0,2012,894.6839831992984
9.25,77.0,2013,780.1881301403046
9.25,77.0,2014,549.6683796346188
9.25,77.0,2015,418.0435582995415
9.25,77.0,2016,393.5720022022724
9.25,77.0,2017,686.3533217310905
9.25,77.0,2018,819.3477534502745
9.25,77.0,2019,705.0176761448383
9.25,77.0,2020,541.4748650789261
9.25,77.0,2021,508.4437290430069
9.25,77.0,2022,505.19319009780884
9.25,77.0,2023,323.386851657182
9.25,77.25,1901,261.08587092906237
9.25,77.25,1902,102.0401619374752
9.25,77.25,1903,139.85436075925827
9.25,77.25,1904,161.2105534672737
9.25,77.25,1905,51.54554142057896
9.25,77.25,1906,122.89714755117893
9.25,77.25,1907,97.53113566339016
9.25,77.25,1908,145.37127717584372
9.25,77.25,1909,96.65163937956095
9.25,77.25,1910,120.45070700347424
9.25,77.25,1911,89.64260800927877
9.25,77.25,1912,146.8087233453989
9.25,77.25,1913,99.5455507338047
9.25,77.25,1914,130.93237856030464
9.25,77.25,1915,189.33192153275013
9.25,77.25,1916,146.5830361545086
9.25,77.25,1917,238.21779514849186
9.25,77.25,1918,33.359722167253494
9.25,77.25,1919,97.46564565598965
9.25,77.25,1920,66.42978996038437
9.25,77.25,1921,75.70588380098343
9.25,77.25,1922,77.31855767220259
9.25,77.25,1923,141.53886261582375
9.25,77.25,1924,351.36840991675854
9.25,77.25,1925,95.3123896792531
9.25,77.25,1926,38.77201135456562
9.25,77.25,1927,137.15873381495476
9.25,77.25,1928,52.74138259142637
9.25,77.25,1929,171.82348612695932
9.25,77.25,1930,117.06779992580414
9.25,77.25,1931,138.24107183516026
9.25,77.25,1932,145.8528811186552
9.25,77.25,1933,283.20031203329563
9.25,77.25,1934,26.482213512063026
9.25,77.25,1935,44.62776653468609
9.25,77.25,1936,130.21343395113945
9.25,77.25,1937,48.78751718252897
9.25,77.25,1938,65.10424739867449
9.25,77.25,1939,150.17412810772657
9.25,77.25,1940,49.379552736878395
9.25,77.25,1941,42.53988791257143
9.25,77.25,1942,103.58437063544989
9.25,77.25,1943,98.81330532580614
9.25,77.25,1944,119.94556741416454
9.25,77.25,1945,58.50313936173916
9.25,77.25,1946,47.534214325249195
9.25,77.25,1947,87.9164772182703
9.25,77.25,1948,86.41532601416111
9.25,77.25,1949,84.2400759011507
9.25,77.25,1950,61.22149719297886
9.25,77.25,1951,171.73556946218014
9.25,77.25,1952,83.81457936018705
9.25,77.25,1953,177.49280723929405
9.25,77.25,1954,39.053740084171295
9.25,77.25,1955,130.43044835329056
9.25,77.25,1956,35.688700780272484
9.25,77.25,1957,78.33246901631355
9.25,77.25,1958,115.15433180332184
9.25,77.25,1959,57.525198847055435
9.25,77.25,1960,127.72503737360239
9.25,77.25,1961,92.30566827207804
9.25,77.25,1962,462.60152204334736
9.25,77.25,1963,38.06475181877613
9.25,77.25,1964,195.50707475841045
9.25,77.25,1965,249.33838801831007
9.25,77.25,1966,133.80864207446575
9.25,77.25,1967,94.93096050620079
9.25,77.25,1968,106.94531905651093
9.25,77.25,1969,147.06452150642872
9.25,77.25,1970,28.854463033378124
9.25,77.25,1971,313.91074046492577
9.25,77.25,1972,180.75158847868443
9.25,77.25,1973,68.86616199463606
9.25,77.25,1974,50.390753634274006
9.25,77.25,1975,124.3103005439043
9.25,77.25,1976,120.30349067598581
9.25,77.25,1977,89.38540437817574
9.25,77.25,1978,36.6411644294858
9.25,77.25,1979,89.65446200966835
9.25,77.25,1980,86.35602788627148
9.25,77.25,1981,120.57505877315998
9.25,77.25,1982,119.57660727202892
9.25,77.25,1983,64.13360553979874
9.25,77.25,1984,148.91812293231487
9.25,77.25,1985,111.08181701600552
9.25,77.25,1986,17.4275933355093
9.25,77.25,1987,47.701562255620956
9.25,77.25,1988,11.006849974393845
9.25,77.25,1989,105.9088322520256
9.25,77.25,1990,28.59658471494913
9.25,77.25,1991,102.39789535105228
9.25,77.25,1992,230.30680875480175
9.25,77.25,1993,73.44580939412117
9.25,77.25,1994,132.44054658710957
9.25,77.25,1995,7.181567668914795
9.25,77.25,1996,43.1888779848814
9.25,77.25,1997,43.56871148943901
9.25,77.25,1998,330.839910954237
9.25,77.25,1999,114.46331921964884
9.25,77.25,2000,238.4822836369276
9.25,77.25,2001,28.037017427384853
9.25,77.25,2002,30.848538160324097
9.25,77.25,2003,37.817038863897324
9.25,77.25,2004,848.4204020351171
9.25,77.25,2005,825.8554890602827
9.25,77.25,2006,95.36848023533821
9.25,77.25,2007,51.31443810462952
9.25,77.25,2008,1523.0981532037258
9.25,77.25,2009,1423.4309887737036
9.25,77.25,2010,180.48670740425587
9.25,77.25,2011,1020.9705209434032
9.25,77.25,2012,791.8942993953824
9.25,77.25,2013,130.5761391967535
9.25,77.25,2014,74.10893511772156
9.25,77.25,2015,64.87440340220928
9.25,77.25,2016,13.001382231712341
9.25,77.25,2017,225.0055566728115
9.25,77.25,2018,181.9679033756256
9.25,77.25,2019,254.62571534514427
9.25,77.25,2020,150.89215682446957
9.25,77.25,2021,102.08200065791607
9.25,77.25,2022,200.94781777262688
9.25,77.25,2023,75.5571519061923
9.5,76.5,1901,2001.4886683225632
9.5,76.5,1902,2228.2426882833242
9.5,76.5,1903,2245.8941277861595
9.5,76.5,1904,2318.7473285496235
9.5,76.5,1905,1723.4730873554945
9.5,76.5,1906,1613.2131780982018
9.5,76.5,1907,1361.4985745549202
9.5,76.5,1908,1833.3866035342216
9.5,76.5,1909,1875.4134876579046
9.5,76.5,1910,2168.448249787092
9.5,76.5,1911,1994.5101127028465
9.5,76.5,1912,2251.5942950099707
9.5,76.5,1913,1635.4341165572405
9.5,76.5,1914,1891.7196317613125
9.5,76.5,1915,2471.741701543331
9.5,76.5,1916,2338.3369646668434
9.5,76.5,1917,2136.414785757661
9.5,76.5,1918,1215.9253222495317
9.5,76.5,1919,2167.6698653399944
9.5,76.5,1920,2615.844201415777
9.5,76.5,1921,2108.3576882332563
9.5,76.5,1922,2274.9666308164597
9.5,76.5,1923,2841.919841915369
9.5,76.5,1924,3344.9242854714394
9.5,76.5,1925,1821.175494402647
9.5,76.5,1926,2369.7426462471485
9.5,76.5,1927,2141.0298817157745
9.5,76.5,1928,1874.9430293142796
9.5,76.5,1929,2374.274827927351
9.5,76.5,1930,1830.0220885276794
9.5,76.5,1931,2719.07696005702
9.5,76.5,1932,1703.6856511384249
9.5,76.5,1933,2639.604912161827
9.5,76.5,1934,1465.6848980933428
9.5,76.5,1935,1453.1281227320433
9.5,76.5,1936,1757.4149134159088
9.5,76.5,1937,1857.8911429792643
9.5,76.5,1938,1594.9130239784718
9.5,76.5,1939,2009.4247640371323
9.5,76.5,1940,2034.6935699880123
9.5,76.5,1941,2253.651519998908
9.5,76.5,1942,1938.1065053492785
9.5,76.5,1943,2263.7352641820908
9.5,76.5,1944,1525.1604499667883
9.5,76.5,1945,1775.2086082547903
9.5,76.5,1946,2525.8553181290627
9.5,76.5,1947,2569.563372567296
9.5,76.5,1948,1994.9575926661491
9.5,76.5,1949,2374.896194010973
9.5,76.5,1950,2426.8627615273
9.5,76.5,1951,1758.6521136164665
9.5,76.5,1952,1405.5142850279808
9.5,76.5,1953,1812.6535060405731
9.5,76.5,1954,1747.944905847311
9.5,76.5,1955,1776.4800086021423
9.5,76.5,1956,1739.9759744405746
9.5,76.5,1957,2141.5816651433706
9.5,76.5,1958,1875.3593542575836
9.5,76.5,1959,2556.1172354519367
9.5,76.5,1960,1960.5231410562992
9.5,76.5,1961,2655.916918605566
9.5,76.5,1962,2140.7866345196962
9.5,76.5,1963,1839.0218468904495
9.5,76.5,1964,1870.9852050244808
9.5,76.5,1965,1724.511996254325
9.5,76.5,1966,1581.291304320097
9.5,76.5,1967,1811.729339003563
9.5,76.5,1968,2910.8363890349865
9.5,76.5,1969,1925.7115246802568
9.5,76.5,1970,2062.028854429722
9.5,76.5,1971,2198.9261837378144
9.5,76.5,1972,1139.82215552032
9.5,76.5,1973,1247.4550842940807
9.5,76.5,1974,1912.0112094432116
9.5,76.5,1975,2314.04464815557
9.5,76.5,1976,1043.3131830841303
9.5,76.5,1977,1583.808434933424
9.5,76.5,1978,1740.594957485795
9.5,76.5,1979,1379.5765279382467
9.5,76.5,1980,1873.9286804646254
9.5,76.5,1981,2014.964976683259
9.5,76.5,1982,1270.4708609730005
9.5,76.5,1983,1570.2849137112498
9.5,76.5,1984,1497.925183288753
9.5,76.5,1985,1915.5537139698863
9.5,76.5,1986,1303.8697217851877
9.5,76.5,1987,862.5553936809301
9.5,76.5,1988,1594.4234573245049
9.5,76.5,1989,1720.1413210108876
9.5,76.5,1990,1583.8148241192102
9.5,76.5,1991,2406.187195427716
9.5,76.5,1992,2215.5644590109587
9.5,76.5,1993,1889.1920692771673
9.5,76.5,1994,2015.8579748421907
9.5,76.5,1995,1888.8279654979706
9.5,76.5,1996,1815.329496189952
9.5,76.5,1997,2034.0369866788387
9.5,76.5,1998,1957.6195340007544
9.5,76.5,1999,1531.6296590566635
9.5,76.5,2000,1749.324019856751
9.5,76.5,2001,1711.8535524085164
9.5,76.5,2002,1116.3705164045095
9.5,76.5,2003,1427.644781127572
9.5,76.5,2004,1352.928564324975
9.5,76.5,2005,1820.6477262675762
9.5,76.5,2006,1669.7205448001623
9.5,76.5,2007,2108.7432497888803
9.5,76.5,2008,1466.713383115828
9.5,76.5,2009,1397.1476026400924
9.5,76.5,2010,1855.015177950263
9.5,76.5,2011,1816.2092291042209
9.5,76.5,2012,1186.190976448357
9.5,76.5,2013,2230.4109320044518
9.5,76.5,2014,2024.4433260709047
9.5,76.5,2015,1429.2854288890958
9.5,76.5,2016,1150.0407803207636
9.5,76.5,2017,1712.9315065070987
9.5,76.5,2018,2066.5685239210725
9.5,76.5,2019,1900.9822017848492
9.5,76.5,2020,2016.1789529919624
9.5,76.5,2021,1843.3652279675007
9.5,76.5,2022,1580.2276911064982
9.5,76.5,2023,1580.5030187740922
9.5,76.75,1901,3702.4049598127604
9.5,76.75,1902,3242.975440874696
9.5,76.75,1903,3481.2926020622253
9.5,76.75,1904,4294.168932676315
9.5,76.75,1905,3134.699556827545
9.5,76.75,1906,3096.764888420701
9.5,76.75,1907,4081.977752313018
9.5,76.75,1908,3001.5922270417213
9.5,76.75,1909,3020.529019281268
9.5,76.75,1910,3164.3570864349604
9.5,76.75,1911,3259.4759157299995
9.5,76.75,1912,3398.4852678477764
9.5,76.75,1913,2625.3447386324406
9.5,76.75,1914,2911.77390897274
9.5,76.75,1915,3649.7410707473755
9.5,76.75,1916,3898.1170207858086
9.5,76.75,1917,3129.7258069962263
9.5,76.75,1918,1886.8800398409367
9.5,76.75,1919,3420.5948647260666
9.5,76.75,1920,3634.128480374813
9.5,76.75,1921,3132.39193212986
9.5,76.75,1922,3119.940059065819
9.5,76.75,1923,4688.657952845097
9.5,76.75,1924,5018.477711677551
9.5,76.75,1925,2705.986661285162
9.5,76.75,1926,3129.754766881466
9.5,76.75,1927,2943.431286364794
9.5,76.75,1928,2225.0672494769096
9.5,76.75,1929,3086.8347086906433
9.5,76.75,1930,2526.422998547554
9.5,76.75,1931,3867.2008726745844
9.5,76.75,1932,2768.441763743758
9.5,76.75,1933,4046.038670897484
9.5,76.75,1934,2246.6490116119385
9.5,76.75,1935,2171.928274616599
9.5,76.75,1936,2449.04496383667
9.5,76.75,1937,2374.1266501396894
9.5,76.75,1938,2343.6218498945236
9.5,76.75,1939,2749.0065839737654
9.5,76.75,1940,2906.0993680655956
9.5,76.75,1941,3246.7824167609215
9.5,76.75,1942,2728.129317343235
9.5,76.75,1943,3279.4816875755787
9.5,76.75,1944,1974.5336028039455
9.5,76.75,1945,2209.7354725301266
9.5,76.75,1946,3160.8661382198334
9.5,76.75,1947,2980.9845392405987
9.5,76.75,1948,2797.361605644226
9.5,76.75,1949,2824.9739429950714
9.5,76.75,1950,2796.960696876049
9.5,76.75,1951,2788.1707528829575
9.5,76.75,1952,1903.0711525678635
9.5,76.75,1953,2430.101558610797
9.5,76.75,1954,2570.7504973709583
9.5,76.75,1955,2343.3774644732475
9.5,76.75,1956,2412.5352000892162
9.5,76.75,1957,2892.186251103878
9.5,76.75,1958,2786.782252445817
9.5,76.75,1959,3159.262200832367
9.5,76.75,1960,2466.535642489791
9.5,76.75,1961,3548.655378073454
9.5,76.75,1962,1468.551178559661
9.5,76.75,1963,2198.895204126835
9.5,76.75,1964,2596.834235817194
9.5,76.75,1965,1745.027047239244
9.5,76.75,1966,2311.4137039482594
9.5,76.75,1967,1735.8352344036102
9.5,76.75,1968,3129.64593398571
9.5,76.75,1969,3173.8366458415985
9.5,76.75,1970,1857.8004340082407
9.5,76.75,1971,3110.9255170822144
9.5,76.75,1972,2001.0075635463
9.5,76.75,1973,1789.922189205885
9.5,76.75,1974,2693.0550464987755
9.5,76.75,1975,3687.8303684294224
9.5,76.75,1976,1844.4411776214838
9.5,76.75,1977,1772.0392089486122
9.5,76.75,1978,2492.3929121494293
9.5,76.75,1979,1686.2797150611877
9.5,76.75,1980,1671.1475620567799
9.5,76.75,1981,3139.9294157475233
9.5,76.75,1982,1814.5815581679344
9.5,76.75,1983,1400.467715650797
9.5,76.75,1984,1456.9163852781057
9.5,76.75,1985,1416.2256277799606
9.5,76.75,1986,791.4287911206484
9.5,76.75,1987,546.8404017686844
9.5,76.75,1988,1047.021327137947
9.5,76.75,1989,1217.3982029855251
9.5,76.75,1990,2152.88147392869
9.5,76.75,1991,2923.328400142491
9.5,76.75,1992,3293.912717163563
9.5,76.75,1993,2860.017837241292
9.5,76.75,1994,2953.353785380721
9.5,76.75,1995,2750.5975688174367
9.5,76.75,1996,3224.8750668913126
9.5,76.75,1997,2975.486412540078
9.5,76.75,1998,3608.932877935469
9.5,76.75,1999,2389.4648730307817
9.5,76.75,2000,2263.0001272708178
9.5,76.75,2001,2740.3587308228016
9.5,76.75,2002,1572.2321791350842
9.5,76.75,2003,1789.3605059310794
9.5,76.75,2004,2518.19808267802
9.5,76.75,2005,1655.3122801929712
9.5,76.75,2006,2913.3223645612597
9.5,76.75,2007,3844.391876488924
9.5,76.75,2008,2541.434298865497
9.5,76.75,2009,2415.224265523255
9.5,76.75,2010,2581.64516761899
9.5,76.75,2011,1566.8328178972006
9.5,76.75,2012,1070.9077655747533
9.5,76.75,2013,3468.5154187083244
9.5,76.75,2014,2639.4801230430603
9.5,76.75,2015,1838.0699249058962
9.5,76.75,2016,1367.7602506875992
9.5,76.75,2017,2342.184365361929
9.5,76.75,2018,4127.779775112867
9.5,76.75,2019,2919.1811084374785
9.5,76.75,2020,2823.8111693784595
9.5,76.75,2021,2386.3978596925735
9.5,76.75,2022,2045.3171178847551
9.5,76.75,2023,1826.0778605528176
9.5,77.0,1901,2876.716774173081
9.5,77.0,1902,2538.640032798052
9.5,77.0,1903,2747.6572430431843
9.5,77.0,1904,3334.860055923462
9.5,77.0,1905,2199.1260413229465
9.5,77.0,1906,2174.6863817721605
9.5,77.0,1907,3189.233295291662
9.5,77.0,1908,1798.006872177124
9.5,77.0,1909,1369.633148431778
9.5,77.0,1910,1535.7871549725533
9.5,77.0,1911,1603.4510785639286
9.5,77.0,1912,1549.3125701844692
9.5,77.0,1913,1158.307039514184
9.5,77.0,1914,1395.672250956297
9.5,77.0,1915,1748.3544891178608
9.5,77.0,1916,1837.8673810362816
9.5,77.0,1917,1369.3772551715374
9.5,77.0,1918,769.7498991787434
9.5,77.0,1919,1586.997225254774
9.5,77.0,1920,1534.20135140419
9.5,77.0,1921,1377.070585846901
9.5,77.0,1922,1437.594900637865
9.5,77.0,1923,2187.9353752434254
9.5,77.0,1924,3127.907773524523
9.5,77.0,1925,1304.6847669184208
9.5,77.0,1926,1568.4472571387887
9.5,77.0,1927,1653.460673302412
9.5,77.0,1928,1017.4183227717876
9.5,77.0,1929,1473.835185803473
9.5,77.0,1930,1156.1167377159
9.5,77.0,1931,1678.3245053887367
9.5,77.0,1932,1136.3490451052785
9.5,77.0,1933,1872.40012216568
9.5,77.0,1934,955.9053684696555
9.5,77.0,1935,1014.6759746074677
9.5,77.0,1936,1240.170464552939
9.5,77.0,1937,1005.6785183772445
9.5,77.0,1938,1075.3342811316252
9.5,77.0,1939,1226.8838028013706
9.5,77.0,1940,1485.0070720016956
9.5,77.0,1941,1517.679428756237
9.5,77.0,1942,1336.7486699521542
9.5,77.0,1943,1617.0644821822643
9.5,77.0,1944,871.035475358367
9.5,77.0,1945,954.2198803946376
9.5,77.0,1946,1376.7291497141123
9.5,77.0,1947,1294.4078876823187
9.5,77.0,1948,1542.649097904563
9.5,77.0,1949,1057.2288233339787
9.5,77.0,1950,1350.5605168044567
9.5,77.0,1951,1436.4610289633274
9.5,77.0,1952,705.4239258617163
9.5,77.0,1953,1138.5441153720021
9.5,77.0,1954,1166.0186579674482
9.5,77.0,1955,1058.9004013985395
9.5,77.0,1956,1122.7986383289099
9.5,77.0,1957,1278.298972979188
9.5,77.0,1958,1249.4611812829971
9.5,77.0,1959,1672.9383215606213
9.5,77.0,1960,1141.611679121852
9.5,77.0,1961,2050.831890642643
9.5,77.0,1962,1742.4986895769835
9.5,77.0,1963,986.386170938611
9.5,77.0,1964,1454.389441743493
9.5,77.0,1965,658.7773177623749
9.5,77.0,1966,1008.7919338047504
9.5,77.0,1967,867.0097571313381
9.5,77.0,1968,1424.7569609582424
9.5,77.0,1969,1258.5185228586197
9.5,77.0,1970,782.6745911538601
9.5,77.0,1971,1941.615737259388
9.5,77.0,1972,1425.885748654604
9.5,77.0,1973,1079.2781053483486
9.5,77.0,1974,1726.1125298440456
9.5,77.0,1975,2240.1773035228252
9.5,77.0,1976,1154.7549450397491
9.5,77.0,1977,1096.1332597732544
9.5,77.0,1978,1577.6818302869797
9.5,77.0,1979,972.3211324885488
9.5,77.0,1980,680.7905045747757
9.5,77.0,1981,1307.2373803928494
9.5,77.0,1982,1110.6606977283955
9.5,77.0,1983,302.4689233750105
9.5,77.0,1984,395.21310672163963
9.5,77.0,1985,291.41925571858883
9.5,77.0,1986,208.79098527133465
9.5,77.0,1987,149.1889097765088
9.5,77.0,1988,202.87808483839035
9.5,77.0,1989,386.04926557838917
9.5,77.0,1990,1162.1838746517897
9.5,77.0,1991,1620.9289473295212
9.5,77.0,1992,1881.473690032959
9.5,77.0,1993,1476.2281505167484
9.5,77.0,1994,1655.5175722837448
9.5,77.0,1995,1411.6951724141836
9.5,77.0,1996,1714.3295933306217
9.5,77.0,1997,1790.6526782512665
9.5,77.0,1998,2271.544020563364
9.5,77.0,1999,1345.5698113441467
9.5,77.0,2000,1456.716756939888
9.5,77.0,2001,1655.1294223368168
9.5,77.0,2002,1235.571095816791
9.5,77.0,2003,1399.206575334072
9.5,77.0,2004,1841.278478205204
9.5,77.0,2005,1304.281291052699
9.5,77.0,2006,2171.713935688138
9.5,77.0,2007,2845.3330554664135
9.5,77.0,2008,2398.313963919878
9.5,77.0,2009,2254.4852121919394
9.5,77.0,2010,2074.2073359787464
9.5,77.0,2011,1386.465203821659
9.5,77.0,2012,975.0113066956401
9.5,77.0,2013,2308.2199811935425
9.5,77.0,2014,1602.9194310307503
9.5,77.0,2015,1151.1341916620731
9.5,77.0,2016,1055.124957561493
9.5,77.0,2017,1794.9393838047981
9.5,77.0,2018,3363.230840086937
9.5,77.0,2019,2191.6711935400963
9.5,77.0,2020,2268.4965248405933
9.5,77.0,2021,1765.4841523319483
9.5,77.0,2022,1795.5890882015228
9.5,77.0,2023,918.2236798033118
9.5,77.25,1901,271.474517762661
9.5,77.25,1902,96.22357023507357
9.5,77.25,1903,214.49578184634447
9.5,77.25,1904,151.56562012434006
9.5,77.25,1905,65.10184603184462
9.5,77.25,1906,131.31330889463425
9.5,77.25,1907,86.81609519571066
9.5,77.25,1908,130.80925554037094
9.5,77.25,1909,166.47695662081242
9.5,77.25,1910,219.61006554961205
9.5,77.25,1911,159.17262655496597
9.5,77.25,1912,224.19981813430786
9.5,77.25,1913,158.44612768292427
9.5,77.25,1914,191.80282071232796
9.5,77.25,1915,314.2886941730976
9.5,77.25,1916,245.1407324373722
9.5,77.25,1917,246.64133796095848
9.5,77.25,1918,69.30638674646616
9.5,77.25,1919,201.8313161060214
9.5,77.25,1920,152.89275380969048
9.5,77.25,1921,133.57904919981956
9.5,77.25,1922,130.83334013819695
9.5,77.25,1923,213.3518562912941
9.5,77.25,1924,855.8019374608994
9.5,77.25,1925,146.15763413906097
9.5,77.25,1926,178.50363832712173
9.5,77.25,1927,250.8764939904213
9.5,77.25,1928,125.52232919633389
9.5,77.25,1929,235.23487094044685
9.5,77.25,1930,180.91255885362625
9.5,77.25,1931,201.45178279280663
9.5,77.25,1932,191.2731614857912
9.5,77.25,1933,345.68219968676567
9.5,77.25,1934,83.92311032116413
9.5,77.25,1935,147.10416239500046
9.5,77.25,1936,180.75324204564095
9.5,77.25,1937,151.9673733636737
9.5,77.25,1938,177.98977033793926
9.5,77.25,1939,186.92247044295073
9.5,77.25,1940,193.58850705623627
9.5,77.25,1941,160.68583784997463
9.5,77.25,1942,190.59593199193478
9.5,77.25,1943,177.7375962138176
9.5,77.25,1944,226.18908509612083
9.5,77.25,1945,139.2752130329609
9.5,77.25,1946,148.16804344952106
9.5,77.25,1947,197.90187755972147
9.5,77.25,1948,145.54243010282516
9.5,77.25,1949,96.0978475511074
9.5,77.25,1950,168.92053880542517
9.5,77.25,1951,592.6493515372276
9.5,77.25,1952,295.8918840736151
9.5,77.25,1953,524.3812552466989
9.5,77.25,1954,433.2817406132817
9.5,77.25,1955,457.35604079812765
9.5,77.25,1956,72.9683899730444
9.5,77.25,1957,104.719392567873
9.5,77.25,1958,196.99951353669167
9.5,77.25,1959,203.3573522567749
9.5,77.25,1960,241.09010748565197
9.5,77.25,1961,253.83052099496126
9.5,77.25,1962,818.0119993984699
9.5,77.25,1963,87.80026513338089
9.5,77.25,1964,233.64332929998636
9.5,77.25,1965,352.02338829636574
9.5,77.25,1966,145.93603905290365
9.5,77.25,1967,176.57891738414764
9.5,77.25,1968,191.96534737944603
9.5,77.25,1969,185.82984632253647
9.5,77.25,1970,58.100136920809746
9.5,77.25,1971,241.44190058112144
9.5,77.25,1972,198.1135420948267
9.5,77.25,1973,217.97747823596
9.5,77.25,1974,156.77832858264446
9.5,77.25,1975,316.56711280345917
9.5,77.25,1976,113.96773368120193
9.5,77.25,1977,150.0158530473709
9.5,77.25,1978,48.33858644962311
9.5,77.25,1979,153.9845718741417
9.5,77.25,1980,86.59172034263611
9.5,77.25,1981,313.1733074784279
9.5,77.25,1982,102.54007808864117
9.5,77.25,1983,145.1738172620535
9.5,77.25,1984,314.3189580440521
9.5,77.25,1985,164.40429350733757
9.5,77.25,1986,95.78223915398121
9.5,77.25,1987,123.65164791047573
9.5,77.25,1988,109.32084706425667
9.5,77.25,1989,240.14062087237835
9.5,77.25,1990,100.171063631773
9.5,77.25,1991,218.47526033222675
9.5,77.25,1992,314.60597705096006
9.5,77.25,1993,138.08709870278835
9.5,77.25,1994,193.29776374995708
9.5,77.25,1995,66.95458620786667
9.5,77.25,1996,144.77751311659813
9.5,77.25,1997,69.86192388832569
9.5,77.25,1998,233.08377653360367
9.5,77.25,1999,146.31666846573353
9.5,77.25,2000,319.51445810496807
9.5,77.25,2001,28.1279284209013
9.5,77.25,2002,17.862965524196625
9.5,77.25,2003,26.59945373237133
9.5,77.25,2004,711.0261032283306
9.5,77.25,2005,696.6804337352514
9.5,77.25,2006,87.34673804044724
9.5,77.25,2007,101.51392510533333
9.5,77.25,2008,1929.0146630704403
9.5,77.25,2009,1800.6408113390207
9.5,77.25,2010,159.3779500722885
9.5,77.25,2011,1316.949699446559
9.5,77.25,2012,942.2890383154154
9.5,77.25,2013,111.05549957603216
9.5,77.25,2014,100.17384770512581
9.5,77.25,2015,72.41267904639244
9.5,77.25,2016,13.025114953517914
9.5,77.25,2017,255.80006732046604
9.5,77.25,2018,236.11313477158546
9.5,77.25,2019,322.0088616460562
9.5,77.25,2020,193.43804164230824
9.5,77.25,2021,154.07046501338482
9.5,77.25,2022,242.8590499162674
9.5,77.25,2023,136.63504602760077
9.75,76.5,1901,2254.9907000511885
9.75,76.5,1902,2527.059563189745
9.75,76.5,1903,2655.552626311779
9.75,76.5,1904,2875.077054589987
9.75,76.5,1905,2006.5541496276855
9.75,76.5,1906,2081.3117576539516
9.75,76.5,1907,2595.8237603008747
9.75,76.5,1908,1442.8140676915646
9.75,76.5,1909,1725.2726271748543
9.75,76.5,1910,1892.346558764577
9.75,76.5,1911,2229.0056780576706
9.75,76.5,1912,2496.9211356416345
9.75,76.5,1913,2294.3865229189396
9.75,76.5,1914,2145.0643329173326
9.75,76.5,1915,2515.426228776574
9.75,76.5,1916,2887.1145363375545
9.75,76.5,1917,2304.3470376357436
9.75,76.5,1918,1573.894873432815
9.75,76.5,1919,2736.38951356709
9.75,76.5,1920,2374.539994955063
9.75,76.5,1921,2224.594253309071
9.75,76.5,1922,2667.9259281158447
9.75,76.5,1923,3223.5454934239388
9.75,76.5,1924,4138.88560885191
9.75,76.5,1925,2199.1604415774345
9.75,76.5,1926,2830.314341157675
9.75,76.5,1927,2441.4073637723923
9.75,76.5,1928,2008.3016081824899
9.75,76.5,1929,2966.6039777994156
9.75,76.5,1930,2082.614013053477
9.75,76.5,1931,2382.7997363209724
9.75,76.5,1932,1295.7396577596664
9.75,76.5,1933,3244.3863639831543
9.75,76.5,1934,1814.547710210085
9.75,76.5,1935,1923.200379550457
9.75,76.5,1936,1922.5175923109055
9.75,76.5,1937,2010.4570552259684
9.75,76.5,1938,2101.682793825865
9.75,76.5,1939,2240.578469544649
9.75,76.5,1940,2493.590711250901
9.75,76.5,1941,2528.006836004555
9.75,76.5,1942,2393.4911709204316
9.75,76.5,1943,2346.2433087825775
9.75,76.5,1944,1413.6129646897316
9.75,76.5,1945,1902.2158702611923
9.75,76.5,1946,2881.193402528763
9.75,76.5,1947,3394.5735589265823
9.75,76.5,1948,2446.944750830531
9.75,76.5,1949,2395.146953828633
9.75,76.5,1950,2227.9177334308624
9.75,76.5,1951,2397.138590067625
9.75,76.5,1952,1759.0686693936586
9.75,76.5,1953,1922.0975959450006
9.75,76.5,1954,1806.7020263075829
9.75,76.5,1955,2147.960525482893
9.75,76.5,1956,1871.8365300297737
9.75,76.5,1957,2446.709576651454
9.75,76.5,1958,1802.842979118228
9.75,76.5,1959,2685.85833889246
9.75,76.5,1960,1947.0914506018162
9.75,76.5,1961,2600.4285896122456
9.75,76.5,1962,2167.6734166890383
9.75,76.5,1963,1865.7316915094852
9.75,76.5,1964,2283.743972271681
9.75,76.5,1965,1273.083734586835
9.75,76.5,1966,1805.5547110438347
9.75,76.5,1967,1922.2091708928347
9.75,76.5,1968,3249.9582782164216
9.75,76.5,1969,2098.975357696414
9.75,76.5,1970,2224.6757929474115
9.75,76.5,1971,2644.883275836706
9.75,76.5,1972,1827.2317410856485
9.75,76.5,1973,1074.5032462626696
9.75,76.5,1974,2430.496495306492
9.75,76.5,1975,2797.090628758073
9.75,76.5,1976,1842.0067723691463
9.75,76.5,1977,1827.3993076980114
9.75,76.5,1978,1774.2405090928078
9.75,76.5,1979,1687.9337055534124
9.75,76.5,1980,2237.5640318989754
9.75,76.5,1981,2211.5659298449755
9.75,76.5,1982,1219.90284691751
9.75,76.5,1983,1578.2515739798546
9.75,76.5,1984,1664.1386282891035
9.75,76.5,1985,1397.8020530864596
9.75,76.5,1986,1327.429731413722
9.75,76.5,1987,1128.8323737829924
9.75,76.5,1988,1461.5239643529058
9.75,76.5,1989,1559.8103883117437
9.75,76.5,1990,1571.825896114111
9.75,76.5,1991,2363.952401459217
9.75,76.5,1992,2296.3171288371086
9.75,76.5,1993,1960.918586909771
9.75,76.5,1994,2308.5224752128124
9.75,76.5,1995,2384.1714823544025
9.75,76.5,1996,2194.012869179249
9.75,76.5,1997,2157.5652188435197
9.75,76.5,1998,2559.2296362519264
9.75,76.5,1999,1520.1999322324991
9.75,76.5,2000,1934.2734485417604
9.75,76.5,2001,2252.82399456203
9.75,76.5,2002,1413.132781431079
9.75,76.5,2003,1675.2894285172224
9.75,76.5,2004,1380.1758526414633
9.75,76.5,2005,1804.2629586979747
9.75,76.5,2006,2495.5453390926123
9.75,76.5,2007,2800.223017513752
9.75,76.5,2008,1671.9527173787355
9.75,76.5,2009,1774.823797300458
9.75,76.5,2010,2203.33124679327
9.75,76.5,2011,1781.0699272602797
9.75,76.5,2012,1180.650921344757
9.75,76.5,2013,3060.361724808812
9.75,76.5,2014,2390.440974652767
9.75,76.5,2015,1868.562301672995
9.75,76.5,2016,1448.8041872754693
9.75,76.5,2017,2069.806544303894
9.75,76.5,2018,2750.7626039087772
9.75,76.5,2019,2093.4843157976866
9.75,76.5,2020,2256.827617198229
9.75,76.5,2021,1889.5834095329046
9.75,76.5,2022,1697.0912274420261
9.75,76.5,2023,1784.5467936173081
9.75,76.75,1901,3066.180087685585
9.75,76.75,1902,2902.528173342347
9.75,76.75,1903,3103.341570019722
9.75,76.75,1904,3619.465640306473
9.75,76.75,1905,2719.9474632143974
9.75,76.75,1906,2718.7057029008865
9.75,76.75,1907,3272.4528007507324
9.75,76.75,1908,2295.5977105796337
9.75,76.75,1909,1941.4024915844202
9.75,76.75,1910,1953.1637017279863
9.75,76.75,1911,1916.9811080694199
9.75,76.75,1912,2130.4780629873276
9.75,76.75,1913,1686.420881062746
9.75,76.75,1914,1864.8201711177826
9.75,76.75,1915,2338.2606632709503
9.75,76.75,1916,2492.0491532087326
9.75,76.75,1917,1987.8403244018555
9.75,76.75,1918,1182.22732552886
9.75,76.75,1919,2133.720496252179
9.75,76.75,1920,2306.0352395176888
9.75,76.75,1921,2039.3602264225483
9.75,76.75,1922,2152.9206775426865
9.75,76.75,1923,2901.155219465494
9.75,76.75,1924,3330.0546627938747
9.75,76.75,1925,1710.2428824454546
9.75,76.75,1926,1993.232667118311
9.75,76.75,1927,1869.5614409446716
9.75,76.75,1928,1446.7111021280289
9.75,76.75,1929,1979.8979178667068
9.75,76.75,1930,1601.671416848898
9.75,76.75,1931,2441.9868375808
9.75,76.75,1932,1771.1557837575674
9.75,76.75,1933,2569.8442895412445
9.75,76.75,1934,1395.754349052906
9.75,76.75,1935,1403.8589495420456
9.75,76.75,1936,1585.3904421031475
9.75,76.75,1937,1549.6166511029005
9.75,76.75,1938,1407.0996952056885
9.75,76.75,1939,1666.4173132926226
9.75,76.75,1940,1779.24207380414
9.75,76.75,1941,1981.1791963279247
9.75,76.75,1942,1702.2390783131123
9.75,76.75,1943,1924.3122346699238
9.75,76.75,1944,1319.5832380056381
9.75,76.75,1945,1456.5146415382624
9.75,76.75,1946,2075.804155409336
9.75,76.75,1947,2005.209873855114
9.75,76.75,1948,1752.5529321432114
9.75,76.75,1949,1822.866528749466
9.75,76.75,1950,1790.724917948246
9.75,76.75,1951,1657.0445106625557
9.75,76.75,1952,2002.5767263770103
9.75,76.75,1953,2202.999353915453
9.75,76.75,1954,2299.695663154125
9.75,76.75,1955,2259.803597688675
9.75,76.75,1956,2081.7175117731094
9.75,76.75,1957,2266.416299432516
9.75,76.75,1958,2440.596601307392
9.75,76.75,1959,3219.2432070970535
9.75,76.75,1960,2602.6997923254967
9.75,76.75,1961,3055.12635242939
9.75,76.75,1962,1344.9809778779745
9.75,76.75,1963,2077.4854812920094
9.75,76.75,1964,3180.178550899029
9.75,76.75,1965,1339.7338333129883
9.75,76.75,1966,1495.3508126437664
9.75,76.75,1967,1591.0819762647152
9.75,76.75,1968,2513.4280580580235
9.75,76.75,1969,2491.8634655475616
9.75,76.75,1970,1414.3044024407864
9.75,76.75,1971,2117.788051903248
9.75,76.75,1972,1577.7702334225178
9.75,76.75,1973,1994.3668344020844
9.75,76.75,1974,2655.334085136652
9.75,76.75,1975,2942.9814974963665
9.75,76.75,1976,1291.2261625826359
9.75,76.75,1977,1253.3326480835676
9.75,76.75,1978,1662.6468665003777
9.75,76.75,1979,1272.7992488741875
9.75,76.75,1980,1911.2621644735336
9.75,76.75,1981,2630.8639718443155
9.75,76.75,1982,1618.5008755028248
9.75,76.75,1983,1313.0951755344868
9.75,76.75,1984,3097.991270542145
9.75,76.75,1985,1408.4170168042183
9.75,76.75,1986,1144.2300602197647
9.75,76.75,1987,642.990397632122
9.75,76.75,1988,1243.5514162629843
9.75,76.75,1989,1015.5179500877857
9.75,76.75,1990,1920.7649300172925
9.75,76.75,1991,2498.754003226757
9.75,76.75,1992,2667.900097131729
9.75,76.75,1993,2196.731615394354
9.75,76.75,1994,2393.077800527215
9.75,76.75,1995,2252.899319574237
9.75,76.75,1996,2477.1088801920414
9.75,76.75,1997,2409.1497379019856
9.75,76.75,1998,3088.160067886114
9.75,76.75,1999,1818.3827008605003
9.75,76.75,2000,1882.8944102972746
9.75,76.75,2001,2262.331012144685
9.75,76.75,2002,1652.5873142331839
9.75,76.75,2003,1765.1182111650705
9.75,76.75,2004,2312.5043800473213
9.75,76.75,2005,1542.0885719954967
9.75,76.75,2006,2680.9093237817287
9.75,76.75,2007,3203.543016552925
9.75,76.75,2008,2334.011940538883
9.75,76.75,2009,2275.1956478729844
9.75,76.75,2010,2357.5451113432646
9.75,76.75,2011,1691.4510908424854
9.75,76.75,2012,1140.6823516115546
9.75,76.75,2013,3608.8878773748875
9.75,76.75,2014,2940.842089354992
9.75,76.75,2015,1859.4982022047043
9.75,76.75,2016,1835.218566417694
9.75,76.75,2017,2312.55269433558
9.75,76.75,2018,4146.475277371705
9.75,76.75,2019,2418.4587619304657
9.75,76.75,2020,2550.62996840477
9.75,76.75,2021,2461.500609308481
9.75,76.75,2022,2386.0336685851216
9.75,76.75,2023,1915.0713717713952
9.75,77.0,1901,1259.4919895976782
9.75,77.0,1902,1090.24042250216
9.75,77.0,1903,1242.4947151839733
9.75,77.0,1904,1396.2406290471554
9.75,77.0,1905,1436.5755329728127
9.75,77.0,1906,1528.6400282680988
9.75,77.0,1907,2107.3900138884783
9.75,77.0,1908,982.2533756643534
9.75,77.0,1909,428.14658220112324
9.75,77.0,1910,425.1186064630747
9.75,77.0,1911,424.2674325108528
9.75,77.0,1912,452.3033543229103
9.75,77.0,1913,358.62104676663876
9.75,77.0,1914,470.74161560833454
9.75,77.0,1915,650.3506220281124
9.75,77.0,1916,589.2758771926165
9.75,77.0,1917,386.3250819146633
9.75,77.0,1918,186.40632610023022
9.75,77.0,1919,498.3126562386751
9.75,77.0,1920,429.98815624415874
9.75,77.0,1921,460.75314968824387
9.75,77.0,1922,611.5427707582712
9.75,77.0,1923,582.893682807684
9.75,77.0,1924,1230.9227421879768
9.75,77.0,1925,382.5988182872534
9.75,77.0,1926,430.84932509064674
9.75,77.0,1927,604.2904966771603
9.75,77.0,1928,312.08297948539257
9.75,77.0,1929,1337.9905468821526
9.75,77.0,1930,1034.2109443619847
9.75,77.0,1931,1316.075937986374
9.75,77.0,1932,1019.4788827896118
9.75,77.0,1933,1494.1826336979866
9.75,77.0,1934,798.3413196802139
9.75,77.0,1935,1046.0694216489792
9.75,77.0,1936,1173.8027502894402
9.75,77.0,1937,898.3735577464104
9.75,77.0,1938,961.7326300293207
9.75,77.0,1939,1115.7418707162142
9.75,77.0,1940,1428.5642451643944
9.75,77.0,1941,1177.1206629574299
9.75,77.0,1942,1285.765994027257
9.75,77.0,1943,1374.092566549778
9.75,77.0,1944,792.9783626496792
9.75,77.0,1945,791.9017214030027
9.75,77.0,1946,1299.0248746871948
9.75,77.0,1947,1168.4019189327955
9.75,77.0,1948,1328.870157301426
9.75,77.0,1949,904.0215825140476
9.75,77.0,1950,1105.0439221858978
9.75,77.0,1951,1071.021179586649
9.75,77.0,1952,654.9972882270813
9.75,77.0,1953,928.0035465285182
9.75,77.0,1954,929.7737007066607
9.75,77.0,1955,859.2713902443647
9.75,77.0,1956,888.2326874062419
9.75,77.0,1957,886.6051751673222
9.75,77.0,1958,1006.3028605729342
9.75,77.0,1959,1542.8247437775135
9.75,77.0,1960,1079.1089484393597
9.75,77.0,1961,1606.4995809942484
9.75,77.0,1962,1316.0481023937464
9.75,77.0,1963,802.1686439365149
9.75,77.0,1964,1223.1551260352135
9.75,77.0,1965,555.3762650489807
9.75,77.0,1966,723.790785163641
9.75,77.0,1967,699.4121141061187
9.75,77.0,1968,1161.4111361205578
9.75,77.0,1969,953.148087836802
9.75,77.0,1970,900.0702180862427
9.75,77.0,1971,1339.4925871565938
9.75,77.0,1972,933.803039945662
9.75,77.0,1973,1202.4129757583141
9.75,77.0,1974,1297.4079459905624
9.75,77.0,1975,1319.0907575935125
9.75,77.0,1976,681.7223624065518
9.75,77.0,1977,808.2937165275216
9.75,77.0,1978,1303.7756872996688
9.75,77.0,1979,370.5148083269596
9.75,77.0,1980,1298.8723185360432
9.75,77.0,1981,1703.1474913358688
9.75,77.0,1982,2230.876246422529
9.75,77.0,1983,380.8018066585064
9.75,77.0,1984,992.4682455658913
9.75,77.0,1985,371.3329275101423
9.75,77.0,1986,293.65210112929344
9.75,77.0,1987,182.86526481807232
9.75,77.0,1988,259.50256487727165
9.75,77.0,1989,405.0172594040632
9.75,77.0,1990,474.5363586694002
9.75,77.0,1991,525.8891112357378
9.75,77.0,1992,641.2607536911964
9.75,77.0,1993,313.9812041670084
9.75,77.0,1994,537.2094560265541
9.75,77.0,1995,308.43381048738956
9.75,77.0,1996,379.52624610066414
9.75,77.0,1997,686.6525955349207
9.75,77.0,1998,1022.2566102296114
9.75,77.0,1999,353.451023504138
9.75,77.0,2000,680.0015438348055
9.75,77.0,2001,637.4811122640967
9.75,77.0,2002,1687.823443055153
9.75,77.0,2003,1755.2023777514696
9.75,77.0,2004,1226.5220367014408
9.75,77.0,2005,908.6926899701357
9.75,77.0,2006,1329.6857415139675
9.75,77.0,2007,1069.2820785045624
9.75,77.0,2008,2243.394492790103
9.75,77.0,2009,2137.693703055382
9.75,77.0,2010,1823.0059571042657
9.75,77.0,2011,1614.8184334933758
9.75,77.0,2012,1093.1395646259189
9.75,77.0,2013,1453.7800245508552
9.75,77.0,2014,1086.7871769592166
9.75,77.0,2015,776.9529763907194
9.75,77.0,2016,1021.6643081903458
9.75,77.0,2017,1514.161832138896
9.75,77.0,2018,2904.4887472838163
9.75,77.0,2019,1575.9142601191998
9.75,77.0,2020,1936.3961784914136
9.75,77.0,2021,1460.17290943861
9.75,77.0,2022,1842.7111403942108
9.75,77.0,2023,679.255455635488
10.0,76.5,1901,2065.4731936752796
10.0,76.5,1902,2492.068041011691
10.0,76.5,1903,2852.025362789631
10.0,76.5,1904,2101.6696049571037
10.0,76.5,1905,1510.485274463892
10.0,76.5,1906,2070.25087338686
10.0,76.5,1907,2879.1337689235806
10.0,76.5,1908,1973.2775971740484
10.0,76.5,1909,2030.6726382821798
10.0,76.5,1910,2154.8979085087776
10.0,76.5,1911,2243.0021998137236
10.0,76.5,1912,2527.248563066125
10.0,76.5,1913,2639.0617446303368
10.0,76.5,1914,2271.1937263906
10.0,76.5,1915,2327.687653839588
10.0,76.5,1916,2527.2810503542423
10.0,76.5,1917,2133.9941884577274
10.0,76.5,1918,1512.570220708847
10.0,76.5,1919,2260.884168282151
10.0,76.5,1920,2401.9608629643917
10.0,76.5,1921,2060.0404967069626
10.0,76.5,1922,2388.918084844947
10.0,76.5,1923,3815.9919507205486
10.0,76.5,1924,4183.632586479187
10.0,76.5,1925,2000.388683438301
10.0,76.5,1926,2781.4910435676575
10.0,76.5,1927,2456.0752054154873
10.0,76.5,1928,1953.4943017661572
10.0,76.5,1929,2989.211038351059
10.0,76.5,1930,2144.292163655162
10.0,76.5,1931,2998.137064024806
10.0,76.5,1932,1889.436398178339
10.0,76.5,1933,3180.2390351444483
10.0,76.5,1934,1773.969158962369
10.0,76.5,1935,2136.7608467042446
10.0,76.5,1936,2218.3901144117117
10.0,76.5,1937,2368.938952714205
10.0,76.5,1938,2457.483621120453
10.0,76.5,1939,2503.0421306043863
10.0,76.5,1940,2465.176927521825
10.0,76.5,1941,2637.4198990166187
10.0,76.5,1942,2956.98804590106
10.0,76.5,1943,2695.306576296687
10.0,76.5,1944,1998.1979886889458
10.0,76.5,1945,2143.6655037999153
10.0,76.5,1946,3174.48761279881
10.0,76.5,1947,3503.2391369342804
10.0,76.5,1948,2889.5432211756706
10.0,76.5,1949,2418.4121326208115
10.0,76.5,1950,3377.506162196398
10.0,76.5,1951,2536.285439223051
10.0,76.5,1952,2071.0956474244595
10.0,76.5,1953,2161.6669705063105
10.0,76.5,1954,2374.1509869098663
10.0,76.5,1955,2415.0882440805435
10.0,76.5,1956,2308.56629550457
10.0,76.5,1957,2453.969151839614
10.0,76.5,1958,2243.829051718116
10.0,76.5,1959,2889.4820051789284
10.0,76.5,1960,2442.801448047161
10.0,76.5,1961,2524.31618642807
10.0,76.5,1962,2204.0516030341387
10.0,76.5,1963,2178.9343140125275
10.0,76.5,1964,2461.0252138376236
10.0,76.5,1965,1407.1690311729908
10.0,76.5,1966,1908.4095139205456
10.0,76.5,1967,2009.8662095665932
10.0,76.5,1968,2790.69301687181
10.0,76.5,1969,2204.8999466598034
10.0,76.5,1970,1985.9774704277515
10.0,76.5,1971,2614.705336242914
10.0,76.5,1972,1877.2138431668282
10.0,76.5,1973,1961.2017088085413
10.0,76.5,1974,2184.1257931366563
10.0,76.5,1975,3031.4930022731423
10.0,76.5,1976,1854.74397072196
10.0,76.5,1977,1494.2292506322265
10.0,76.5,1978,1946.5301186740398
10.0,76.5,1979,1626.9466489553452
10.0,76.5,1980,3078.7795068770647
10.0,76.5,1981,2121.080103382468
10.0,76.5,1982,1228.449727550149
10.0,76.5,1983,2699.4867796823382
10.0,76.5,1984,1765.4722605869174
10.0,76.5,1985,1700.8052726909518
10.0,76.5,1986,1467.9514386355877
10.0,76.5,1987,1614.1893446147442
10.0,76.5,1988,1858.3273573070765
10.0,76.5,1989,2143.935745239258
10.0,76.5,1990,1381.0610197335482
10.0,76.5,1991,2381.8603904098272
10.0,76.5,1992,2358.1655061692
10.0,76.5,1993,2026.0609911978245
10.0,76.5,1994,2553.835273563862
10.0,76.5,1995,2327.70800358057
10.0,76.5,1996,2274.4647046923637
10.0,76.5,1997,2171.268067508936
10.0,76.5,1998,2579.08517614007
10.0,76.5,1999,1631.5101970732212
10.0,76.5,2000,2020.7726048827171
10.0,76.5,2001,2513.269545286894
10.0,76.5,2002,1391.9707679748535
10.0,76.5,2003,1552.3912666216493
10.0,76.5,2004,1708.2462380677462
10.0,76.5,2005,1726.4112403169274
10.0,76.5,2006,2373.823480322957
10.0,76.5,2007,3058.7589635550976
10.0,76.5,2008,1935.3385023921728
10.0,76.5,2009,2179.932004287839
10.0,76.5,2010,2384.904948204756
10.0,76.5,2011,1652.3278387635946
10.0,76.5,2012,1171.544615149498
10.0,76.5,2013,3001.348681822419
10.0,76.5,2014,2531.4271134138107
10.0,76.5,2015,1735.4754374325275
10.0,76.5,2016,1529.9235532730818
10.0,76.5,2017,1933.2103131115437
10.0,76.5,2018,2982.4733995571733
10.0,76.5,2019,2347.056136317551
10.0,76.5,2020,2350.011920429766
10.0,76.5,2021,1964.2075981646776
10.0,76.5,2022,1827.4057371765375
10.0,76.5,2023,1736.8622242286801
10.0,76.75,1901,2187.288096614182
10.0,76.75,1902,2503.7138029634953
10.0,76.75,1903,2726.46314060688
10.0,76.75,1904,2432.7101416289806
10.0,76.75,1905,1650.1303563565016
10.0,76.75,1906,2277.3530273735523
10.0,76.75,1907,2352.984440356493
10.0,76.75,1908,1290.1065233498812
10.0,76.75,1909,1126.888456478715
10.0,76.75,1910,1313.0933499634266
10.0,76.75,1911,1515.903955489397
10.0,76.75,1912,1436.0713546425104
10.0,76.75,1913,1304.998900949955
10.0,76.75,1914,1609.2845835983753
10.0,76.75,1915,1662.3125201910734
10.0,76.75,1916,2092.3443027362227
10.0,76.75,1917,1418.2026659548283
10.0,76.75,1918,1075.6421432048082
10.0,76.75,1919,2103.7322668731213
10.0,76.75,1920,1850.9112954735756
10.0,76.75,1921,1657.7130838930607
10.0,76.75,1922,1967.895374417305
10.0,76.75,1923,2652.1861380934715
10.0,76.75,1924,3293.2980202287436
10.0,76.75,1925,1634.571994125843
10.0,76.75,1926,1792.3822478353977
10.0,76.75,1927,2065.354553565383
10.0,76.75,1928,1593.5370290577412
10.0,76.75,1929,1993.115976125002
10.0,76.75,1930,1783.7551712691784
10.0,76.75,1931,2106.8834442943335
10.0,76.75,1932,1731.3798316717148
10.0,76.75,1933,2434.9021895229816
10.0,76.75,1934,1346.9914917871356
10.0,76.75,1935,2594.6239535212517
10.0,76.75,1936,2813.4748929068446
10.0,76.75,1937,2328.8495621979237
10.0,76.75,1938,3063.951297491789
10.0,76.75,1939,3199.2761602774262
10.0,76.75,1940,2910.593098208308
10.0,76.75,1941,3171.472720488906
10.0,76.75,1942,3415.355019122362
10.0,76.75,1943,3582.0843366086483
10.0,76.75,1944,2581.3705421686172
10.0,76.75,1945,2706.027339220047
10.0,76.75,1946,3349.156685978174
10.0,76.75,1947,2696.7295736074448
10.0,76.75,1948,3052.7980217039585
10.0,76.75,1949,2676.829662680626
10.0,76.75,1950,4917.66215967387
10.0,76.75,1951,3074.5361019968987
10.0,76.75,1952,2860.4014377892017
10.0,76.75,1953,2812.436932206154
10.0,76.75,1954,3203.845519155264
10.0,76.75,1955,2247.846374720335
10.0,76.75,1956,2518.347016453743
10.0,76.75,1957,2383.747520044446
10.0,76.75,1958,2766.5523454472423
10.0,76.75,1959,3404.2786074876785
10.0,76.75,1960,3153.3235970139503
10.0,76.75,1961,2571.8436904251575
10.0,76.75,1962,2316.3870112001896
10.0,76.75,1963,2551.5762163102627
10.0,76.75,1964,3395.4036136567593
10.0,76.75,1965,1427.1226442754269
10.0,76.75,1966,1811.2043264955282
10.0,76.75,1967,1824.2601109743118
10.0,76.75,1968,2255.6728380322456
10.0,76.75,1969,2642.6596087515354
10.0,76.75,1970,1461.083619132638
10.0,76.75,1971,2016.6178501993418
10.0,76.75,1972,2042.1338573098183
10.0,76.75,1973,2589.676458314061
10.0,76.75,1974,2886.105191409588
10.0,76.75,1975,3029.5901106894016
10.0,76.75,1976,1237.3090451359749
10.0,76.75,1977,1316.7146266698837
10.0,76.75,1978,1803.6182170659304
10.0,76.75,1979,1412.0918107703328
10.0,76.75,1980,3400.552331224084
10.0,76.75,1981,3022.72483843565
10.0,76.75,1982,1703.867688536644
10.0,76.75,1983,2393.2699936032295
10.0,76.75,1984,5495.807651758194
10.0,76.75,1985,2760.6988500654697
10.0,76.75,1986,1906.862567178905
10.0,76.75,1987,1295.2876466810703
10.0,76.75,1988,2229.5536321550608
10.0,76.75,1989,1772.228055536747
10.0,76.75,1990,2426.9558945298195
10.0,76.75,1991,3731.972029656172
10.0,76.75,1992,2972.938663572073
10.0,76.75,1993,1972.3417120873928
10.0,76.75,1994,2925.323492050171
10.0,76.75,1995,2217.1015913188457
10.0,76.75,1996,2620.488248795271
10.0,76.75,1997,2360.8937323987484
10.0,76.75,1998,2631.8711375892162
10.0,76.75,1999,2089.484412610531
10.0,76.75,2000,2745.483505934477
10.0,76.75,2001,2162.63417750597
10.0,76.75,2002,1542.7830275297165
10.0,76.75,2003,1551.1006744652987
10.0,76.75,2004,2251.4020798653364
10.0,76.75,2005,1315.0966646373272
10.0,76.75,2006,2458.0972186923027
10.0,76.75,2007,4568.755129411817
10.0,76.75,2008,2125.046152204275
10.0,76.75,2009,2253.564509600401
10.0,76.75,2010,2282.3480136096478
10.0,76.75,2011,1686.8859690874815
10.0,76.75,2012,1169.2610223144293
10.0,76.75,2013,3627.6764879971743
10.0,76.75,2014,2948.616331525147
10.0,76.75,2015,1785.0590630471706
10.0,76.75,2016,1830.0649429261684
10.0,76.75,2017,2118.0688920021057
10.0,76.75,2018,3876.991386681795
10.0,76.75,2019,2299.0072518736124
10.0,76.75,2020,2489.718982383609
10.0,76.75,2021,2327.6081843972206
10.0,76.75,2022,2521.1126386746764
10.0,76.75,2023,1802.6457028277218
10.0,77.0,1901,582.1628955826163
10.0,77.0,1902,421.19178126752377
10.0,77.0,1903,589.2798287719488
10.0,77.0,1904,527.9444845318794
10.0,77.0,1905,1401.8358732312918
10.0,77.0,1906,2051.6955101788044
10.0,77.0,1907,1963.8635075092316
10.0,77.0,1908,1031.4205639660358
10.0,77.0,1909,908.8287052214146
10.0,77.0,1910,1063.421226337552
10.0,77.0,1911,1142.516384422779
10.0,77.0,1912,972.1177984923124
10.0,77.0,1913,906.8766104280949
10.0,77.0,1914,1335.2087914049625
10.0,77.0,1915,1431.5828825384378
10.0,77.0,1916,1405.5436925292015
10.0,77.0,1917,1143.3923385441303
10.0,77.0,1918,586.2780066132545
10.0,77.0,1919,1604.4381376951933
10.0,77.0,1920,1332.9460041224957
10.0,77.0,1921,1454.6351535022259
10.0,77.0,1922,1176.9469007626176
10.0,77.0,1923,1879.3901252895594
10.0,77.0,1924,2698.6538506373763
10.0,77.0,1925,987.8562819287181
10.0,77.0,1926,1127.3794245645404
10.0,77.0,1927,1551.5982913300395
10.0,77.0,1928,1000.4345109462738
10.0,77.0,1929,1424.3076268434525
10.0,77.0,1930,1244.9204536378384
10.0,77.0,1931,1621.5040861591697
10.0,77.0,1932,1296.9692683294415
10.0,77.0,1933,1852.9345588460565
10.0,77.0,1934,1010.1274015754461
10.0,77.0,1935,1118.6170112788677
10.0,77.0,1936,1376.742698945105
10.0,77.0,1937,961.8025197759271
10.0,77.0,1938,1075.8652902916074
10.0,77.0,1939,1354.7085661143064
10.0,77.0,1940,1391.6619535535574
10.0,77.0,1941,1498.2409139424562
10.0,77.0,1942,1514.210680499673
10.0,77.0,1943,1695.2506545186043
10.0,77.0,1944,1058.7109369635582
10.0,77.0,1945,909.0124572515488
10.0,77.0,1946,1205.4612512290478
10.0,77.0,1947,1748.4721752256155
10.0,77.0,1948,1815.8139639273286
10.0,77.0,1949,960.1427211165428
10.0,77.0,1950,1290.2875915691257
10.0,77.0,1951,1461.0534371584654
10.0,77.0,1952,765.2695667147636
10.0,77.0,1953,1258.0580303817987
10.0,77.0,1954,1283.83638343215
10.0,77.0,1955,999.1124930679798
10.0,77.0,1956,1506.8241129517555
10.0,77.0,1957,1466.2162691503763
10.0,77.0,1958,1634.6098827123642
10.0,77.0,1959,2312.7268433123827
10.0,77.0,1960,1700.717907011509
10.0,77.0,1961,2549.942880600691
10.0,77.0,1962,2465.5538344681263
10.0,77.0,1963,1341.1288803964853
10.0,77.0,1964,1875.3441210389137
10.0,77.0,1965,832.683361813426
10.0,77.0,1966,1202.1975172907114
10.0,77.0,1967,829.3251635283232
10.0,77.0,1968,1453.3055530786514
10.0,77.0,1969,1323.0199267417192
10.0,77.0,1970,1277.3005288988352
10.0,77.0,1971,2238.737877190113
10.0,77.0,1972,1277.0665620416403
10.0,77.0,1973,1773.4936211258173
10.0,77.0,1974,2226.8328815698624
10.0,77.0,1975,2489.7694201022387
10.0,77.0,1976,1162.9313273131847
10.0,77.0,1977,1530.5325447916985
10.0,77.0,1978,1988.4178453609347
10.0,77.0,1979,1422.6854898780584
10.0,77.0,1980,1611.2814660072327
10.0,77.0,1981,2305.843911111355
10.0,77.0,1982,735.7007201015949
10.0,77.0,1983,1287.501169398427
10.0,77.0,1984,6869.921025156975
10.0,77.0,1985,1750.1585639044642
10.0,77.0,1986,850.902782201767
10.0,77.0,1987,154.85621199011803
10.0,77.0,1988,173.77561084926128
10.0,77.0,1989,209.4140002131462
10.0,77.0,1990,2056.5085767805576
10.0,77.0,1991,3269.3251296654344
10.0,77.0,1992,2269.512829259038
10.0,77.0,1993,1502.147197112441
10.0,77.0,1994,2259.0968055576086
10.0,77.0,1995,1626.9096818342805
10.0,77.0,1996,2092.502081632614
10.0,77.0,1997,1705.54327622056
10.0,77.0,1998,1915.323399066925
10.0,77.0,1999,1436.5287235081196
10.0,77.0,2000,1955.7694343030453
10.0,77.0,2001,1772.934942305088
10.0,77.0,2002,1396.2359828948975
10.0,77.0,2003,1303.0293338298798
10.0,77.0,2004,2032.8398634046316
10.0,77.0,2005,767.9365209788084
10.0,77.0,2006,1937.9461482167244
10.0,77.0,2007,2603.17996352911
10.0,77.0,2008,1965.2235230132937
10.0,77.0,2009,2044.1707890629768
10.0,77.0,2010,1730.3381455987692
10.0,77.0,2011,1676.5710069984198
10.0,77.0,2012,1183.1265606209636
10.0,77.0,2013,2755.3289149031043
10.0,77.0,2014,2053.1522180885077
10.0,77.0,2015,1343.051743581891
10.0,77.0,2016,1353.3941405266523
10.0,77.0,2017,1550.4099738895893
10.0,77.0,2018,2983.189147308469
10.0,77.0,2019,1650.3673713505268
10.0,77.0,2020,1801.8847918510437
10.0,77.0,2021,1644.848841831088
10.0,77.0,2022,2016.483380779624
10.0,77.0,2023,1376.2322897166014
10.25,76.25,1901,2210.6837552785873
10.25,76.25,1902,2731.5370824337006
10.25,76.25,1903,2835.104672074318
10.25,76.25,1904,2090.9591276571155
10.25,76.25,1905,1845.5367703735828
10.25,76.25,1906,2197.222478479147
10.25,76.25,1907,3069.586107611656
10.25,76.25,1908,2152.605513304472
10.25,76.25,1909,2394.2189392596483
10.25,76.25,1910,2302.437888741493
10.25,76.25,1911,2262.2254510223866
10.25,76.25,1912,2681.2906433045864
10.25,76.25,1913,2382.422283947468
10.25,76.25,1914,2413.540144741535
10.25,76.25,1915,2217.4410440549254
10.25,76.25,1916,2523.061058908701
10.25,76.25,1917,2137.505436807871
10.25,76.25,1918,1282.880679950118
10.25,76.25,1919,2369.7402871847153
10.25,76.25,1920,2343.2043709158897
10.25,76.25,1921,2041.3594562113285
10.25,76.25,1922,2443.016627639532
10.25,76.25,1923,3194.7227942943573
10.25,76.25,1924,4029.504584044218
10.25,76.25,1925,1927.2056284844875
10.25,76.25,1926,2630.1271890848875
10.25,76.25,1927,2539.3623228669167
10.25,76.25,1928,1677.2066231966019
10.25,76.25,1929,2650.7655012905598
10.25,76.25,1930,2202.336834281683
10.25,76.25,1931,2904.388175457716
10.25,76.25,1932,1856.2656890451908
10.25,76.25,1933,2894.6367442011833
10.25,76.25,1934,1901.327941864729
10.25,76.25,1935,1851.0505006611347
10.25,76.25,1936,2147.9511031359434
10.25,76.25,1937,2449.5807780772448
10.25,76.25,1938,2063.350255534053
10.25,76.25,1939,2148.3535801768303
10.25,76.25,1940,2400.514941483736
10.25,76.25,1941,2249.964787557721
10.25,76.25,1942,2298.2287606447935
10.25,76.25,1943,2254.59296387434
10.25,76.25,1944,1620.779750674963
10.25,76.25,1945,1965.6364171504974
10.25,76.25,1946,3112.6373230814934
10.25,76.25,1947,2911.4547965824604
10.25,76.25,1948,2381.01705211401
10.25,76.25,1949,2400.116038143635
10.25,76.25,1950,2721.155354231596
10.25,76.25,1951,2118.0014193952084
10.25,76.25,1952,1701.5099068880081
10.25,76.25,1953,1997.9754253476858
10.25,76.25,1954,2082.006928175688
10.25,76.25,1955,1991.9774851948023
10.25,76.25,1956,1941.9617969691753
10.25,76.25,1957,2293.872850805521
10.25,76.25,1958,1861.6342735737562
10.25,76.25,1959,2923.1681665182114
10.25,76.25,1960,2146.4624484032393
10.25,76.25,1961,2792.8503365516663
10.25,76.25,1962,2256.74933385849
10.25,76.25,1963,1677.584227591753
10.25,76.25,1964,2611.694609284401
10.25,76.25,1965,1552.68617105484
10.25,76.25,1966,1786.8346328437328
10.25,76.25,1967,1879.8953728079796
10.25,76.25,1968,2915.305414915085
10.25,76.25,1969,2346.416366711259
10.25,76.25,1970,1940.0978260785341
10.25,76.25,1971,2408.4369609355927
10.25,76.25,1972,1680.9025043994188
10.25,76.25,1973,1770.2488011866808
10.25,76.25,1974,2401.763571165502
10.25,76.25,1975,2327.897660881281
10.25,76.25,1976,1276.4284423589706
10.25,76.25,1977,1799.677618727088
10.25,76.25,1978,2296.566121354699
10.25,76.25,1979,2253.3823644816875
10.25,76.25,1980,2313.3507976979017
10.25,76.25,1981,2298.8694961965084
10.25,76.25,1982,1442.2254205942154
10.25,76.25,1983,3011.152711607516
10.25,76.25,1984,1705.3665315657854
10.25,76.25,1985,1923.3219475224614
10.25,76.25,1986,1327.4329606741667
10.25,76.25,1987,1616.8547528460622
10.25,76.25,1988,2234.292097233236
10.25,76.25,1989,1725.34572789073
10.25,76.25,1990,1642.8391384482384
10.25,76.25,1991,2514.786705866456
10.25,76.25,1992,2511.2273177057505
10.25,76.25,1993,1900.073248103261
10.25,76.25,1994,2716.560023188591
10.25,76.25,1995,2228.4383082687855
10.25,76.25,1996,1849.2159116119146
10.25,76.25,1997,2508.5061704963446
10.25,76.25,1998,2827.5171965509653
10.25,76.25,1999,1645.6872395053506
10.25,76.25,2000,1898.6653803884983
10.25,76.25,2001,2110.5253455638885
10.25,76.25,2002,1672.730949692428
10.25,76.25,2003,1578.0268184393644
10.25,76.25,2004,1852.6081090644002
10.25,76.25,2005,1679.8615425601602
10.25,76.25,2006,2217.546524837613
10.25,76.25,2007,3082.5311086177826
10.25,76.25,2008,1775.6682690531015
10.25,76.25,2009,2280.451651290059
10.25,76.25,2010,2135.135379433632
10.25,76.25,2011,1505.7612655386329
10.25,76.25,2012,1131.5426938831806
10.25,76.25,2013,2673.5232931524515
10.25,76.25,2014,2233.097640901804
10.25,76.25,2015,1606.2270039767027
10.25,76.25,2016,1257.565016001463
10.25,76.25,2017,1952.4103039950132
10.25,76.25,2018,2275.463006362319
10.25,76.25,2019,2801.5071800500154
10.25,76.25,2020,2130.9969136565924
10.25,76.25,2021,1880.8641859740019
10.25,76.25,2022,1985.7763019353151
10.25,76.25,2023,1720.7968092784286
10.25,76.5,1901,2299.876415833831
10.25,76.5,1902,2751.267307728529
10.25,76.5,1903,2980.021406531334
10.25,76.5,1904,2193.2474415302277
10.25,76.5,1905,1860.4517372846603
10.25,76.5,1906,2163.585607483983
10.25,76.5,1907,3073.997089624405
10.25,76.5,1908,2150.696529209614
10.25,76.5,1909,2384.3196407854557
10.25,76.5,1910,2312.9229632019997
10.25,76.5,1911,2286.294528707862
10.25,76.5,1912,2594.06401668489
10.25,76.5,1913,2475.785997927189
10.25,76.5,1914,2406.71611584723
10.25,76.5,1915,2198.4632501751184
10.25,76.5,1916,2598.1868544518948
10.25,76.5,1917,2135.5670807510614
10.25,76.5,1918,1375.993786841631
10.25,76.5,1919,2406.4994007349014
10.25,76.5,1920,2385.5403015613556
10.25,76.5,1921,2102.218383565545
10.25,76.5,1922,2460.8228707909584
10.25,76.5,1923,3398.368668049574
10.25,76.5,1924,4054.750813141465
10.25,76.5,1925,1970.003346323967
10.25,76.5,1926,2661.76105697453
10.25,76.5,1927,2511.7702513337135
10.25,76.5,1928,1695.4147006124258
10.25,76.5,1929,2733.4724389612675
10.25,76.5,1930,2179.5927911400795
10.25,76.5,1931,2997.882010266185
10.25,76.5,1932,1960.9306201338768
10.25,76.5,1933,2949.5064520835876
10.25,76.5,1934,1957.4385657906532
10.25,76.5,1935,1992.0540451407433
10.25,76.5,1936,2440.301376849413
10.25,76.5,1937,2400.2333620786667
10.25,76.5,1938,2365.013008862734
10.25,76.5,1939,2421.0548165142536
10.25,76.5,1940,2517.4053761065006
10.25,76.5,1941,2546.1455795764923
10.25,76.5,1942,2685.816553890705
10.25,76.5,1943,2528.4364686608315
10.25,76.5,1944,1875.5217530876398
10.25,76.5,1945,2101.972994327545
10.25,76.5,1946,3232.780347108841
10.25,76.5,1947,3053.0744382590055
10.25,76.5,1948,2635.01568543911
10.25,76.5,1949,2745.6827380657196
10.25,76.5,1950,3335.8339126110077
10.25,76.5,1951,2467.4268420040607
10.25,76.5,1952,2014.3658968359232
10.25,76.5,1953,2074.2767163813114
10.25,76.5,1954,2407.559511087835
10.25,76.5,1955,2071.412597671151
10.25,76.5,1956,2185.6926534175873
10.25,76.5,1957,2328.105790898204
10.25,76.5,1958,2051.259286388755
10.25,76.5,1959,2663.671495974064
10.25,76.5,1960,2254.7536154687405
10.25,76.5,1961,2486.3076430410147
10.25,76.5,1962,2347.38970130682
10.25,76.5,1963,1943.9463495761156
10.25,76.5,1964,2649.9576401114464
10.25,76.5,1965,1572.916613265872
10.25,76.5,1966,1965.4901951104403
10.25,76.5,1967,1842.2427588701248
10.25,76.5,1968,2902.1882025003433
10.25,76.5,1969,2504.7381263375282
10.25,76.5,1970,1898.9005755782127
10.25,76.5,1971,2539.4335304275155
10.25,76.5,1972,1703.2175834178925
10.25,76.5,1973,1958.3399432003498
10.25,76.5,1974,2296.7022072970867
10.25,76.5,1975,2463.234566912055
10.25,76.5,1976,1238.196505382657
10.25,76.5,1977,2131.0507470294833
10.25,76.5,1978,3152.9523980021477
10.25,76.5,1979,3003.0954229831696
10.25,76.5,1980,2542.126274049282
10.25,76.5,1981,2502.4377162009478
10.25,76.5,1982,1425.6297089606524
10.25,76.5,1983,4739.768145948648
10.25,76.5,1984,2613.2121708095074
10.25,76.5,1985,2896.1728897988796
10.25,76.5,1986,1958.8631774485111
10.25,76.5,1987,1703.0265684574842
10.25,76.5,1988,2897.8041417598724
10.25,76.5,1989,2213.647723585367
10.25,76.5,1990,1693.2371875345707
10.25,76.5,1991,2731.529318153858
10.25,76.5,1992,3042.1153892204165
10.25,76.5,1993,2247.5077894330025
10.25,76.5,1994,2902.8819999992847
10.25,76.5,1995,2582.8632888793945
10.25,76.5,1996,2154.816646248102
10.25,76.5,1997,2480.159015119076
10.25,76.5,1998,3108.523267775774
10.25,76.5,1999,2245.17643712461
10.25,76.5,2000,2672.728324472904
10.25,76.5,2001,2004.0639222860336
10.25,76.5,2002,694.4920324981213
10.25,76.5,2003,854.4641464501619
10.25,76.5,2004,1652.04424072057
10.25,76.5,2005,1653.1938920766115
10.25,76.5,2006,2127.3652031868696
10.25,76.5,2007,4137.43468695879
10.25,76.5,2008,1804.3123118504882
10.25,76.5,2009,2066.930703379214
10.25,76.5,2010,2019.602470383048
10.25,76.5,2011,1497.764811232686
10.25,76.5,2012,1136.94723290205
10.25,76.5,2013,2316.0339735150337
10.25,76.5,2014,2200.8963704407215
10.25,76.5,2015,1311.7963815033436
10.25,76.5,2016,1117.0034086480737
10.25,76.5,2017,1556.6304336637259
10.25,76.5,2018,2486.3447945043445
10.25,76.5,2019,2167.584450736642
10.25,76.5,2020,2210.0158645510674
10.25,76.5,2021,1798.3704479336739
10.25,76.5,2022,2110.84911750257
10.25,76.5,2023,1367.6556034088135
10.25,76.75,1901,1456.9857542291284
10.25,76.75,1902,1647.050606265664
10.25,76.75,1903,1892.865169852972
10.25,76.75,1904,1299.2572661042213
10.25,76.75,1905,1331.7982733547688
10.25,76.75,1906,1839.5927611291409
10.25,76.75,1907,2038.014857262373
10.25,76.75,1908,1265.5078595131636
10.25,76.75,1909,1441.5762378573418
10.25,76.75,1910,1596.7546436190605
10.25,76.75,1911,1671.1451050192118
10.25,76.75,1912,1575.6233896911144
10.25,76.75,1913,1375.6183512806892
10.25,76.75,1914,1875.9048187732697
10.25,76.75,1915,1649.7699103951454
10.25,76.75,1916,2014.4463881999254
10.25,76.75,1917,1362.0472388267517
10.25,76.75,1918,1014.2922886162996
10.25,76.75,1919,2094.185315579176
10.25,76.75,1920,1830.7230042219162
10.25,76.75,1921,1689.4086562097073
10.25,76.75,1922,1854.84931910038
10.25,76.75,1923,2619.0391235500574
10.25,76.75,1924,3404.975154981017
10.25,76.75,1925,1644.7657594829798
10.25,76.75,1926,2016.4359143227339
10.25,76.75,1927,2298.2741765081882
10.25,76.75,1928,1723.3545493483543
10.25,76.75,1929,2114.0095182731748
10.25,76.75,1930,1949.0358719229698
10.25,76.75,1931,2311.4274337887764
10.25,76.75,1932,2016.6353031098843
10.25,76.75,1933,2649.4324829280376
10.25,76.75,1934,1482.8506761863828
10.25,76.75,1935,2216.7609625160694
10.25,76.75,1936,2485.549416013062
10.25,76.75,1937,1999.6180709004402
10.25,76.75,1938,2515.152589350939
10.25,76.75,1939,2652.617277763784
10.25,76.75,1940,2491.4484833031893
10.25,76.75,1941,2723.5595261603594
10.25,76.75,1942,2839.6551381647587
10.25,76.75,1943,2951.7293573617935
10.25,76.75,1944,2058.3024062514305
10.25,76.75,1945,2076.2888216376305
10.25,76.75,1946,2769.0168355107307
10.25,76.75,1947,2472.9165741205215
10.25,76.75,1948,3038.458683744073
10.25,76.75,1949,2228.276391170919
10.25,76.75,1950,3744.0046268701553
10.25,76.75,1951,1951.9326707720757
10.25,76.75,1952,1455.6684303805232
10.25,76.75,1953,2059.534388691187
10.25,76.75,1954,1560.1610384583473
10.25,76.75,1955,1611.593398064375
10.25,76.75,1956,1890.5371727496386
10.25,76.75,1957,1774.725501537323
10.25,76.75,1958,2044.4504808485508
10.25,76.75,1959,3291.5720205903053
10.25,76.75,1960,2320.1057941913605
10.25,76.75,1961,3252.060009211302
10.25,76.75,1962,894.8312821984291
10.25,76.75,1963,2076.192630082369
10.25,76.75,1964,2166.8606027066708
10.25,76.75,1965,1212.6259897351265
10.25,76.75,1966,1467.348952934146
10.25,76.75,1967,1344.900297820568
10.25,76.75,1968,2316.210192143917
10.25,76.75,1969,1955.0479989051819
10.25,76.75,1970,711.9541677832603
10.25,76.75,1971,2831.669374078512
10.25,76.75,1972,1559.3720108866692
10.25,76.75,1973,2512.3927285671234
10.25,76.75,1974,2816.2157110869884
10.25,76.75,1975,3140.2711635679007
10.25,76.75,1976,1208.1683469563723
10.25,76.75,1977,2290.520676165819
10.25,76.75,1978,3519.201950699091
10.25,76.75,1979,4301.992826804519
10.25,76.75,1980,4356.856010109186
10.25,76.75,1981,4397.488803774118
10.25,76.75,1982,2228.623828560114
10.25,76.75,1983,3683.087781317532
10.25,76.75,1984,3632.6108041107655
10.25,76.75,1985,3681.689649373293
10.25,76.75,1986,2342.879817545414
10.25,76.75,1987,1720.5416278541088
10.25,76.75,1988,3700.359690949321
10.25,76.75,1989,2314.1313304007053
10.25,76.75,1990,2191.02240639925
10.25,76.75,1991,3116.859554171562
10.25,76.75,1992,3737.37949360162
10.25,76.75,1993,2539.1952322646976
10.25,76.75,1994,3324.113319121301
10.25,76.75,1995,2890.2464549466968
10.25,76.75,1996,2640.082297131419
10.25,76.75,1997,2892.775181040168
10.25,76.75,1998,3352.016767948866
10.25,76.75,1999,3137.012833736837
10.25,76.75,2000,3790.492179661989
10.25,76.75,2001,1585.264847934246
10.25,76.75,2002,633.5165234804153
10.25,76.75,2003,778.4588603228331
10.25,76.75,2004,1764.6286138296127
10.25,76.75,2005,1217.1557091996074
10.25,76.75,2006,1987.7295577824116
10.25,76.75,2007,5240.555138796568
10.25,76.75,2008,2019.0078959465027
10.25,76.75,2009,2203.990751095116
10.25,76.75,2010,1986.2161041349173
10.25,76.75,2011,1512.2130382061005
10.25,76.75,2012,1146.7713804841042
10.25,76.75,2013,2173.069507405162
10.25,76.75,2014,2348.220141030848
10.25,76.75,2015,1164.469681493938
10.25,76.75,2016,1019.5760444551706
10.25,76.75,2017,1377.1759250164032
10.25,76.75,2018,2441.5822706520557
10.25,76.75,2019,2280.712046638131
10.25,76.75,2020,2798.5877396911383
10.25,76.75,2021,2304.098602965474
10.25,76.75,2022,2886.473462305963
10.25,76.75,2023,1663.825336433947
10.5,76.25,1901,1976.0994665622711
10.5,76.25,1902,2394.314468935132
10.5,76.25,1903,2332.21211476624
10.5,76.25,1904,2171.7445879131556
10.5,76.25,1905,1941.2785692214966
10.5,76.25,1906,1775.882024511695
10.5,76.25,1907,2922.4510478526354
10.5,76.25,1908,2333.521980009973
10.5,76.25,1909,1871.5309604257345
10.5,76.25,1910,1542.8017602339387
10.5,76.25,1911,1846.8045034185052
10.5,76.25,1912,2237.9411832019687
10.5,76.25,1913,1646.840320289135
10.5,76.25,1914,1947.2980667352676
10.5,76.25,1915,1950.353538185358
10.5,76.25,1916,2117.6969016194344
10.5,76.25,1917,1816.7322376221418
10.5,76.25,1918,957.4067421257496
10.5,76.25,1919,1758.0415352582932
10.5,76.25,1920,2148.237782791257
10.5,76.25,1921,1654.696007244289
10.5,76.25,1922,2044.2893694490194
10.5,76.25,1923,2744.3762288838625
10.5,76.25,1924,3293.4028849750757
10.5,76.25,1925,1852.7757732868195
10.5,76.25,1926,2269.5590499565005
10.5,76.25,1927,2167.743100568652
10.5,76.25,1928,1604.0337647274137
10.5,76.25,1929,2418.081650234759
10.5,76.25,1930,1573.4731640070677
10.5,76.25,1931,2565.96206972003
10.5,76.25,1932,1711.2338899746537
10.5,76.25,1933,2599.947999037802
10.5,76.25,1934,1612.102024205029
10.5,76.25,1935,1711.583830818534
10.5,76.25,1936,2086.1472062170506
10.5,76.25,1937,1900.9540210738778
10.5,76.25,1938,1764.9612587690353
10.5,76.25,1939,2078.339030712843
10.5,76.25,1940,1957.9722303077579
10.5,76.25,1941,1973.788075223565
10.5,76.25,1942,2132.7908884882927
10.5,76.25,1943,2112.4398637264967
10.5,76.25,1944,1405.8165556639433
10.5,76.25,1945,1680.430556178093
10.5,76.25,1946,2651.947441086173
10.5,76.25,1947,2229.6689717695117
10.5,76.25,1948,2211.856518626213
10.5,76.25,1949,2005.542331442237
10.5,76.25,1950,2096.627783164382
10.5,76.25,1951,1508.512434631586
10.5,76.25,1952,1275.1529609560966
10.5,76.25,1953,1555.9823391884565
10.5,76.25,1954,1756.7126638293266
10.5,76.25,1955,1570.7126547247171
10.5,76.25,1956,1666.3718765377998
10.5,76.25,1957,1820.1022117808461
10.5,76.25,1958,1704.2218993753195
10.5,76.25,1959,2865.640723772347
10.5,76.25,1960,1968.2466444075108
10.5,76.25,1961,2956.2502384483814
10.5,76.25,1962,1505.0519165992737
10.5,76.25,1963,1879.6843719929457
10.5,76.25,1964,2528.098843485117
10.5,76.25,1965,1493.1698001176119
10.5,76.25,1966,1594.8475265800953
10.5,76.25,1967,1804.1638873815536
10.5,76.25,1968,2936.983818396926
10.5,76.25,1969,2156.3323560878634
10.5,76.25,1970,1949.9928029179573
10.5,76.25,1971,2587.136329255998
10.5,76.25,1972,1430.1265181228518
10.5,76.25,1973,1456.8339732587337
10.5,76.25,1974,2085.8519138395786
10.5,76.25,1975,2507.6592391207814
10.5,76.25,1976,1566.9993894696236
10.5,76.25,1977,2038.7256260067225
10.5,76.25,1978,2880.438746884465
10.5,76.25,1979,1825.6454437300563
10.5,76.25,1980,2634.623199008405
10.5,76.25,1981,2483.227603569627
10.5,76.25,1982,1499.626383818686
10.5,76.25,1983,2136.24974642694
10.5,76.25,1984,1552.163176432252
10.5,76.25,1985,1630.5892605483532
10.5,76.25,1986,1430.2592590078712
10.5,76.25,1987,1278.114544019103
10.5,76.25,1988,1610.9268244504929
10.5,76.25,1989,1492.230189293623
10.5,76.25,1990,1376.7281914800406
10.5,76.25,1991,2286.827837496996
10.5,76.25,1992,2239.407994516194
10.5,76.25,1993,1745.6591472104192
10.5,76.25,1994,2624.8748771101236
10.5,76.25,1995,1936.6751545369625
10.5,76.25,1996,1768.7380936443806
10.5,76.25,1997,2282.2274121046066
10.5,76.25,1998,2336.6211691200733
10.5,76.25,1999,1459.7626704275608
10.5,76.25,2000,1605.5809594839811
10.5,76.25,2001,1638.545120343566
10.5,76.25,2002,1456.006010055542
10.5,76.25,2003,1368.8388647586107
10.5,76.25,2004,1535.9819796532393
10.5,76.25,2005,1613.1804230362177
10.5,76.25,2006,2172.274592474103
10.5,76.25,2007,3200.4249576479197
10.5,76.25,2008,1358.816434495151
10.5,76.25,2009,2284.1590386778116
10.5,76.25,2010,1793.1598160639405
10.5,76.25,2011,1466.8569380789995
10.5,76.25,2012,1119.4059919416904
10.5,76.25,2013,2288.6685561537743
10.5,76.25,2014,2107.173779718578
10.5,76.25,2015,1779.469141304493
10.5,76.25,2016,1273.8665211051702
10.5,76.25,2017,1781.356516391039
10.5,76.25,2018,2162.971064865589
10.5,76.25,2019,2513.8603274300694
10.5,76.25,2020,2068.5920696258545
10.5,76.25,2021,1755.6959499940276
10.5,76.25,2022,1575.6806101500988
10.5,76.25,2023,1590.4387985933572
10.5,76.5,1901,1520.6111865863204
10.5,76.5,1902,1306.7219838500023
10.5,76.5,1903,1470.144182689488
10.5,76.5,1904,1345.4332165122032
10.5,76.5,1905,1488.456964507699
10.5,76.5,1906,1281.660505414009
10.5,76.5,1907,2047.544071778655
10.5,76.5,1908,1343.8503832370043
10.5,76.5,1909,1598.7904840260744
10.5,76.5,1910,1253.315994039178
10.5,76.5,1911,1589.2324567437172
10.5,76.5,1912,1560.7469617426395
10.5,76.5,1913,1124.8563298881054
10.5,76.5,1914,1540.1203434839845
10.5,76.5,1915,1523.9982256814837
10.5,76.5,1916,1716.771116629243
10.5,76.5,1917,1325.2476468607783
10.5,76.5,1918,832.6700534820557
10.5,76.5,1919,1414.4806470125914
10.5,76.5,1920,1402.5313275456429
10.5,76.5,1921,1484.8855515122414
10.5,76.5,1922,1687.8533483743668
10.5,76.5,1923,2189.412448167801
10.5,76.5,1924,2650.2953571528196
10.5,76.5,1925,1345.052390664816
10.5,76.5,1926,1867.2245983630419
10.5,76.5,1927,2013.3694976270199
10.5,76.5,1928,1409.6059364676476
10.5,76.5,1929,2035.950360238552
10.5,76.5,1930,1434.8839322179556
10.5,76.5,1931,2171.217174887657
10.5,76.5,1932,1818.8964979350567
10.5,76.5,1933,2465.157546877861
10.5,76.5,1934,1371.8181793093681
10.5,76.5,1935,1375.0712582021952
10.5,76.5,1936,1819.4161435514688
10.5,76.5,1937,1435.7964379638433
10.5,76.5,1938,1642.3913050591946
10.5,76.5,1939,1793.5375192314386
10.5,76.5,1940,1874.2849774509668
10.5,76.5,1941,1718.9038984775543
10.5,76.5,1942,2144.7911341413856
10.5,76.5,1943,1518.8854340314865
10.5,76.5,1944,1129.5998434126377
10.5,76.5,1945,1046.9528819173574
10.5,76.5,1946,2143.636408805847
10.5,76.5,1947,2209.227024912834
10.5,76.5,1948,1999.8717569857836
10.5,76.5,1949,1481.3974960148335
10.5,76.5,1950,1735.4324329346418
10.5,76.5,1951,1345.94547650218
10.5,76.5,1952,1096.469934463501
10.5,76.5,1953,1319.4052497148514
10.5,76.5,1954,1529.7446642667055
10.5,76.5,1955,1257.004277318716
10.5,76.5,1956,1508.0335547924042
10.5,76.5,1957,1428.3149788230658
10.5,76.5,1958,1515.7866168916225
10.5,76.5,1959,2422.572564512491
10.5,76.5,1960,1565.5434513241053
10.5,76.5,1961,2546.3154129087925
10.5,76.5,1962,1422.2139496579766
10.5,76.5,1963,1386.9024643599987
10.5,76.5,1964,2188.9694293141365
10.5,76.5,1965,1100.9712083637714
10.5,76.5,1966,1100.006255172193
10.5,76.5,1967,1383.100977063179
10.5,76.5,1968,2033.1375786364079
10.5,76.5,1969,1505.792460784316
10.5,76.5,1970,1661.473281428218
10.5,76.5,1971,1978.8747447431087
10.5,76.5,1972,891.6998609751463
10.5,76.5,1973,1834.7486040368676
10.5,76.5,1974,1911.529947526753
10.5,76.5,1975,2158.7921739518642
10.5,76.5,1976,871.4580592438579
10.5,76.5,1977,1246.4300720989704
10.5,76.5,1978,1801.3104595690966
10.5,76.5,1979,1714.6929202526808
10.5,76.5,1980,2602.833850324154
10.5,76.5,1981,2418.1819416880608
10.5,76.5,1982,1508.4351134076715
10.5,76.5,1983,1696.958239197731
10.5,76.5,1984,1536.4035466611385
10.5,76.5,1985,1750.8252635896206
10.5,76.5,1986,1455.5299668312073
10.5,76.5,1987,1101.2432876601815
10.5,76.5,1988,1599.9261734336615
10.5,76.5,1989,1574.0580715835094
10.5,76.5,1990,1256.4123654216528
10.5,76.5,1991,1464.3345868736506
10.5,76.5,1992,1408.614354506135
10.5,76.5,1993,868.3999745547771
10.5,76.5,1994,1552.5490746051073
10.5,76.5,1995,981.674707069993
10.5,76.5,1996,995.9418210238218
10.5,76.5,1997,1103.335249915719
10.5,76.5,1998,1398.6429193764925
10.5,76.5,1999,947.2990192472935
10.5,76.5,2000,1135.075265854597
10.5,76.5,2001,874.1054019704461
10.5,76.5,2002,726.2264358624816
10.5,76.5,2003,660.9508468359709
10.5,76.5,2004,1219.2627602219582
10.5,76.5,2005,1583.195362240076
10.5,76.5,2006,1443.1448218077421
10.5,76.5,2007,2471.468615412712
10.5,76.5,2008,1148.7933292239904
10.5,76.5,2009,1555.6275170743465
10.5,76.5,2010,1325.675134703517
10.5,76.5,2011,1458.2636670544744
10.5,76.5,2012,1127.8836690112948
10.5,76.5,2013,1955.5455219000578
10.5,76.5,2014,1632.6014553159475
10.5,76.5,2015,1006.0032591670752
10.5,76.5,2016,868.2302092760801
10.5,76.5,2017,1412.3969024419785
10.5,76.5,2018,2338.577467828989
10.5,76.5,2019,1799.42870631814
10.5,76.5,2020,1403.1316284313798
10.5,76.5,2021,1206.52459089458
10.5,76.5,2022,1310.8202249407768
10.5,76.5,2023,824.0059243291616
10.5,76.75,1901,727.7308030277491
10.5,76.75,1902,610.7444985508919
10.5,76.75,1903,752.3680164590478
10.5,76.75,1904,700.1240363046527
10.5,76.75,1905,657.6612414866686
10.5,76.75,1906,655.8331479281187
10.5,76.75,1907,952.410104572773
10.5,76.75,1908,554.7670320570469
10.5,76.75,1909,733.0252475589514
10.5,76.75,1910,643.9157597273588
10.5,76.75,1911,830.1841998398304
10.5,76.75,1912,751.3097018450499
10.5,76.75,1913,530.6137135922909
10.5,76.75,1914,883.2604525536299
10.5,76.75,1915,735.7630869597197
10.5,76.75,1916,767.9844802170992
10.5,76.75,1917,564.6106182932854
10.5,76.75,1918,314.48432545363903
10.5,76.75,1919,758.0330069065094
10.5,76.75,1920,568.2538366168737
10.5,76.75,1921,741.984216555953
10.5,76.75,1922,709.8212833106518
10.5,76.75,1923,946.8372468501329
10.5,76.75,1924,1462.7392707765102
10.5,76.75,1925,1045.1993726193905
10.5,76.75,1926,2475.320267379284
10.5,76.75,1927,2574.5443009138107
10.5,76.75,1928,1925.6587708964944
10.5,76.75,1929,2395.4642633497715
10.5,76.75,1930,1900.8853014856577
10.5,76.75,1931,2747.58647698164
10.5,76.75,1932,2419.3550077974796
10.5,76.75,1933,2944.0211150348186
10.5,76.75,1934,1761.2051044106483
10.5,76.75,1935,1979.767964452505
10.5,76.75,1936,2328.7555010318756
10.5,76.75,1937,1901.0909685492516
10.5,76.75,1938,2191.0388604700565
10.5,76.75,1939,2255.3377777040005
10.5,76.75,1940,2686.1442802995443
10.5,76.75,1941,2551.3638438880444
10.5,76.75,1942,2225.6451915726066
10.5,76.75,1943,2318.082595720887
10.5,76.75,1944,1411.3072327524424
10.5,76.75,1945,479.92272940278053
10.5,76.75,1946,2851.1873157322407
10.5,76.75,1947,5511.322308003902
10.5,76.75,1948,3458.3545049354434
10.5,76.75,1949,2077.726850092411
10.5,76.75,1950,2674.198077097535
10.5,76.75,1951,1891.1995656192303
10.5,76.75,1952,1517.0742915570736
10.5,76.75,1953,2227.4087044000626
10.5,76.75,1954,2038.880642682314
10.5,76.75,1955,1748.1439860761166
10.5,76.75,1956,2343.3262135088444
10.5,76.75,1957,2115.5346108675003
10.5,76.75,1958,2356.9546280801296
10.5,76.75,1959,3669.2299877107143
10.5,76.75,1960,2247.9647325873375
10.5,76.75,1961,3403.3425996899605
10.5,76.75,1962,807.2175240963697
10.5,76.75,1963,1830.6652944684029
10.5,76.75,1964,2494.813484251499
10.5,76.75,1965,1427.472866177559
10.5,76.75,1966,1483.76466268301
10.5,76.75,1967,1643.31077760458
10.5,76.75,1968,2631.633571535349
10.5,76.75,1969,1906.393924832344
10.5,76.75,1970,1680.4127337485552
10.5,76.75,1971,1727.0702777951956
10.5,76.75,1972,792.9647103250027
10.5,76.75,1973,2013.8401990830898
10.5,76.75,1974,2081.6793918013573
10.5,76.75,1975,2339.950163498521
10.5,76.75,1976,1076.135296240449
10.5,76.75,1977,1130.937005072832
10.5,76.75,1978,2208.2125745490193
10.5,76.75,1979,2500.9205459207296
10.5,76.75,1980,2764.923386156559
10.5,76.75,1981,3001.2574641630054
10.5,76.75,1982,2073.884433671832
10.5,76.75,1983,2339.62156689167
10.5,76.75,1984,1777.6131049245596
10.5,76.75,1985,2455.9711256697774
10.5,76.75,1986,2026.9340050965548
10.5,76.75,1987,1528.3827457875013
10.5,76.75,1988,2581.482395723462
10.5,76.75,1989,2572.1900982111692
10.5,76.75,1990,1664.2430136948824
10.5,76.75,1991,1421.2011651396751
10.5,76.75,1992,1530.610557705164
10.5,76.75,1993,1151.2995799183846
10.5,76.75,1994,1577.3908739984035
10.5,76.75,1995,1122.5573518276215
10.5,76.75,1996,950.0516435354948
10.5,76.75,1997,972.9582316875458
10.5,76.75,1998,1443.5351561307907
10.5,76.75,1999,974.3161241784692
10.5,76.75,2000,1221.753831140697
10.5,76.75,2001,434.6685163229704
10.5,76.75,2002,84.5072442740202
10.5,76.75,2003,69.83108711242676
10.5,76.75,2004,743.8235363140702
10.5,76.75,2005,1062.5705354064703
10.5,76.75,2006,547.0010357648134
10.5,76.75,2007,1327.106953293085
10.5,76.75,2008,1352.391824156046
10.5,76.75,2009,1541.662208929658
10.5,76.75,2010,1465.175358146429
10.5,76.75,2011,1465.0420626848936
10.5,76.75,2012,1129.1562022715807
10.5,76.75,2013,1638.1236225664616
10.5,76.75,2014,1687.005936741829
10.5,76.75,2015,885.3135752826929
10.5,76.75,2016,735.1927208453417
10.5,76.75,2017,1042.0031146854162
10.5,76.75,2018,2001.1026188135147
10.5,76.75,2019,1569.4938557818532
10.5,76.75,2020,1781.1208427846432
10.5,76.75,2021,1428.2892532721162
10.5,76.75,2022,1892.990603581071
10.5,76.75,2023,813.1613066345453
10.75,76.0,1901,1793.9708653241396
10.75,76.0,1902,2160.69491494447
10.75,76.0,1903,1986.3346885889769
10.75,76.0,1904,1841.6035236567259
10.75,76.0,1905,1580.4180349707603
10.75,76.0,1906,1681.2037462070584
10.75,76.0,1907,2946.395023524761
10.75,76.0,1908,2135.0924877524376
10.75,76.0,1909,2005.923198275268
10.75,76.0,1910,1532.6695940941572
10.75,76.0,1911,1885.8761953040957
10.75,76.0,1912,2415.28514111042
10.75,76.0,1913,1798.8041596114635
10.75,76.0,1914,2051.9227969944477
10.75,76.0,1915,2170.874821022153
10.75,76.0,1916,2037.4138133525848
10.75,76.0,1917,1718.4469059854746
10.75,76.0,1918,895.7036126255989
10.75,76.0,1919,1774.250795274973
10.75,76.0,1920,2518.3110243082047
10.75,76.0,1921,1805.0660276263952
10.75,76.0,1922,2298.765150293708
10.75,76.0,1923,3002.4411481767893
10.75,76.0,1924,3836.1472096145153
10.75,76.0,1925,1951.826370432973
10.75,76.0,1926,2536.5001244843006
10.75,76.0,1927,2387.3947649002075
10.75,76.0,1928,1672.7801904678345
10.75,76.0,1929,2645.5939414799213
10.75,76.0,1930,1597.120547130704
10.75,76.0,1931,2734.3632862493396
10.75,76.0,1932,1884.5416394025087
10.75,76.0,1933,2625.754236012697
10.75,76.0,1934,1614.5807692855597
10.75,76.0,1935,1763.6355479955673
10.75,76.0,1936,2156.4555997252464
10.75,76.0,1937,1845.8534823060036
10.75,76.0,1938,1938.0524954795837
10.75,76.0,1939,2066.999854415655
10.75,76.0,1940,2167.546325907111
10.75,76.0,1941,2255.139247983694
10.75,76.0,1942,2162.10606738925
10.75,76.0,1943,2227.934939086437
10.75,76.0,1944,1451.2768613398075
10.75,76.0,1945,1814.495059221983
10.75,76.0,1946,2726.258823275566
10.75,76.0,1947,2357.85237082839
10.75,76.0,1948,2103.2007365226746
10.75,76.0,1949,1963.6675358861685
10.75,76.0,1950,2180.789992183447
10.75,76.0,1951,1677.1240441054106
10.75,76.0,1952,1445.222286015749
10.75,76.0,1953,1598.0697694718838
10.75,76.0,1954,1935.6020319461823
10.75,76.0,1955,1544.0329252630472
10.75,76.0,1956,1477.1691052913666
10.75,76.0,1957,1887.374458193779
10.75,76.0,1958,1748.5016205310822
10.75,76.0,1959,2833.203103199601
10.75,76.0,1960,1912.848237991333
10.75,76.0,1961,3332.4236611127853
10.75,76.0,1962,1107.2942962273955
10.75,76.0,1963,1742.4719108045101
10.75,76.0,1964,2233.3009684681892
10.75,76.0,1965,1361.9412667155266
10.75,76.0,1966,1573.051268413663
10.75,76.0,1967,1958.909310117364
10.75,76.0,1968,2463.6305616796017
10.75,76.0,1969,1626.258774831891
10.75,76.0,1970,1693.2688558846712
10.75,76.0,1971,2603.3965156301856
10.75,76.0,1972,1640.7386671081185
10.75,76.0,1973,1510.1019481122494
10.75,76.0,1974,2351.940680503845
10.75,76.0,1975,2493.144239485264
10.75,76.0,1976,1005.7140039205551
10.75,76.0,1977,1531.4414337426424
10.75,76.0,1978,1989.869682431221
10.75,76.0,1979,2097.202514052391
10.75,76.0,1980,2230.200518935919
10.75,76.0,1981,2916.0707011520863
10.75,76.0,1982,1588.5900326222181
10.75,76.0,1983,2114.8776221200824
10.75,76.0,1984,1723.9833795130253
10.75,76.0,1985,1603.7193640470505
10.75,76.0,1986,1400.1863418743014
10.75,76.0,1987,1229.101791396737
10.75,76.0,1988,1630.847867384553
10.75,76.0,1989,1403.1267895400524
10.75,76.0,1990,1530.532908052206
10.75,76.0,1991,2427.064415335655
10.75,76.0,1992,2279.8016889095306
10.75,76.0,1993,1670.6117611676455
10.75,76.0,1994,2381.5481242239475
10.75,76.0,1995,2013.687895566225
10.75,76.0,1996,1556.0198829174042
10.75,76.0,1997,2425.2604741305113
10.75,76.0,1998,2106.019844390452
10.75,76.0,1999,1737.5879183933139
10.75,76.0,2000,1583.0138557702303
10.75,76.0,2001,1717.8540384322405
10.75,76.0,2002,1318.420747332275
10.75,76.0,2003,1294.5858452618122
10.75,76.0,2004,1681.3123464882374
10.75,76.0,2005,1622.1661735326052
10.75,76.0,2006,2109.973959349096
10.75,76.0,2007,3069.615769430995
10.75,76.0,2008,1322.0166567638516
10.75,76.0,2009,1981.2133072763681
10.75,76.0,2010,1763.1891912594438
10.75,76.0,2011,1867.1049484610558
10.75,76.0,2012,1301.2565515860915
10.75,76.0,2013,2336.156664080918
10.75,76.0,2014,1871.553667165339
10.75,76.0,2015,1463.6736925840378
10.75,76.0,2016,1075.5385413244367
10.75,76.0,2017,1691.5481544062495
10.75,76.0,2018,2057.2185809612274
10.75,76.0,2019,2360.016144670546
10.75,76.0,2020,1825.631568685174
10.75,76.0,2021,1615.008015744388
10.75,76.0,2022,1456.3251220285892
10.75,76.0,2023,1496.7482293918729
10.75,76.25,1901,1620.516275562346
10.75,76.25,1902,1869.4390308335423
10.75,76.25,1903,1886.0926073119044
10.75,76.25,1904,1802.3485258370638
10.75,76.25,1905,1692.086430966854
10.75,76.25,1906,1437.9472045525908
10.75,76.25,1907,2566.2147451788187
10.75,76.25,1908,1647.6836297363043
10.75,76.25,1909,1967.5149174779654
10.75,76.25,1910,1495.6608892381191
10.75,76.25,1911,1657.6874736398458
10.75,76.25,1912,2031.3326374739408
10.75,76.25,1913,1524.5522629246116
10.75,76.25,1914,1707.30296510458
10.75,76.25,1915,1974.6518971398473
10.75,76.25,1916,1903.2876472175121
10.75,76.25,1917,1545.5370522141457
10.75,76.25,1918,877.1083052456379
10.75,76.25,1919,1607.6095873266459
10.75,76.25,1920,2015.369105488062
10.75,76.25,1921,1800.213049352169
10.75,76.25,1922,1980.5511004924774
10.75,76.25,1923,2901.0864649116993
10.75,76.25,1924,3338.0327778458595
10.75,76.25,1925,1696.70276401937
10.75,76.25,1926,2159.199150174856
10.75,76.25,1927,2043.2126632034779
10.75,76.25,1928,1398.4189962521195
10.75,76.25,1929,2364.9732080847025
10.75,76.25,1930,1293.3022908121347
10.75,76.25,1931,2528.448159560561
10.75,76.25,1932,1735.567427188158
10.75,76.25,1933,2499.068591311574
10.75,76.25,1934,1442.3334204554558
10.75,76.25,1935,1418.1427810117602
10.75,76.25,1936,1986.8877371400595
10.75,76.25,1937,1442.7129256129265
10.75,76.25,1938,1565.2340301275253
10.75,76.25,1939,1870.9506894648075
10.75,76.25,1940,1850.9985312446952
10.75,76.25,1941,2052.618807479739
10.75,76.25,1942,1877.136308580637
10.75,76.25,1943,1663.8711756020784
10.75,76.25,1944,1279.5760937705636
10.75,76.25,1945,1539.6414291486144
10.75,76.25,1946,2418.4104260653257
10.75,76.25,1947,1993.422092884779
10.75,76.25,1948,1787.6915148198605
10.75,76.25,1949,1743.6291090399027
10.75,76.25,1950,1838.1047659218311
10.75,76.25,1951,1485.1620257794857
10.75,76.25,1952,1270.6176400631666
10.75,76.25,1953,1373.9591920822859
10.75,76.25,1954,1812.2518778294325
10.75,76.25,1955,1284.6964050084352
10.75,76.25,1956,1370.265728995204
10.75,76.25,1957,1482.3432668745518
10.75,76.25,1958,1657.1376843601465
10.75,76.25,1959,2798.2662744000554
10.75,76.25,1960,1665.3980318009853
10.75,76.25,1961,3063.863090366125
10.75,76.25,1962,1669.6559817045927
10.75,76.25,1963,1849.4149648100138
10.75,76.25,1964,2070.3906141221523
10.75,76.25,1965,1192.1030464023352
10.75,76.25,1966,1184.5335040688515
10.75,76.25,1967,1769.7712160497904
10.75,76.25,1968,2107.868837967515
10.75,76.25,1969,2152.917146757245
10.75,76.25,1970,1671.676726564765
10.75,76.25,1971,2339.250763475895
10.75,76.25,1972,1620.7365631982684
10.75,76.25,1973,1502.4658972397447
10.75,76.25,1974,1965.9154440909624
10.75,76.25,1975,2188.524587109685
10.75,76.25,1976,864.3421814963222
10.75,76.25,1977,1193.0402205735445
10.75,76.25,1978,1695.4810685962439
10.75,76.25,1979,1923.047957777977
10.75,76.25,1980,2164.463877558708
10.75,76.25,1981,2727.6893359720707
10.75,76.25,1982,1581.6361938267946
10.75,76.25,1983,1803.391576193273
10.75,76.25,1984,1703.8385625332594
10.75,76.25,1985,1387.5033322796226
10.75,76.25,1986,1299.525435745716
10.75,76.25,1987,1044.531199157238
10.75,76.25,1988,1340.8141371160746
10.75,76.25,1989,1275.035907909274
10.75,76.25,1990,1267.7720855548978
10.75,76.25,1991,2093.510719679296
10.75,76.25,1992,2142.323029898107
10.75,76.25,1993,1369.670427531004
10.75,76.25,1994,2157.0171766877174
10.75,76.25,1995,1532.3022607639432
10.75,76.25,1996,1381.4048135727644
10.75,76.25,1997,1866.161845907569
10.75,76.25,1998,1926.031063310802
10.75,76.25,1999,1539.27446334064
10.75,76.25,2000,1507.9206404089928
10.75,76.25,2001,1437.1779262796044
10.75,76.25,2002,1238.2782912999392
10.75,76.25,2003,1040.8003098219633
10.75,76.25,2004,1337.92907358706
10.75,76.25,2005,1557.963439181447
10.75,76.25,2006,1966.3347154557705
10.75,76.25,2007,2713.776599496603
10.75,76.25,2008,1229.359418399632
10.75,76.25,2009,1769.7626576721668
10.75,76.25,2010,1849.8841513693333
10.75,76.25,2011,1501.6910834759474
10.75,76.25,2012,1154.5378885269165
10.75,76.25,2013,2648.5832956284285
10.75,76.25,2014,2262.9791941940784
10.75,76.25,2015,1635.2985576987267
10.75,76.25,2016,1460.1216717362404
10.75,76.25,2017,1914.4944110065699
10.75,76.25,2018,2997.0325991362333
10.75,76.25,2019,3326.079076744616
10.75,76.25,2020,2663.0576298758388
10.75,76.25,2021,1595.038450524211
10.75,76.25,2022,1538.521778702736
10.75,76.25,2023,1294.7578688525828
10.75,76.5,1901,1572.6331970095634
10.75,76.5,1902,1363.670729227364
10.75,76.5,1903,1535.8691977262497
10.75,76.5,1904,1360.4318263083696
10.75,76.5,1905,1460.5944238305092
10.75,76.5,1906,1212.1582144349813
10.75,76.5,1907,1839.791994869709
10.75,76.5,1908,1275.2743989378214
10.75,76.5,1909,1585.310278877616
10.75,76.5,1910,1269.0679018497467
10.75,76.5,1911,1468.3679951131344
10.75,76.5,1912,1537.153859615326
10.75,76.5,1913,1092.9875627756119
10.75,76.5,1914,1586.705875068903
10.75,76.5,1915,1655.14047241956
10.75,76.5,1916,1594.1129369288683
10.75,76.5,1917,1421.8490925133228
10.75,76.5,1918,833.3295644298196
10.75,76.5,1919,1277.3831377327442
10.75,76.5,1920,1722.797826886177
10.75,76.5,1921,1435.8924508690834
10.75,76.5,1922,2155.7013926953077
10.75,76.5,1923,2072.876221820712
10.75,76.5,1924,2529.108164012432
10.75,76.5,1925,1280.194713063538
10.75,76.5,1926,1625.5437588095665
10.75,76.5,1927,1792.025944530964
10.75,76.5,1928,1125.9067806005478
10.75,76.5,1929,1925.5587074831128
10.75,76.5,1930,1156.1856970861554
10.75,76.5,1931,1628.1810854524374
10.75,76.5,1932,1585.752326220274
10.75,76.5,1933,2000.90451040864
10.75,76.5,1934,1342.779345959425
10.75,76.5,1935,1113.1666373163462
10.75,76.5,1936,1545.1887315958738
10.75,76.5,1937,1134.9417953193188
10.75,76.5,1938,1370.3232994675636
10.75,76.5,1939,1368.5933958292007
10.75,76.5,1940,1551.9481484889984
10.75,76.5,1941,1807.0046351104975
10.75,76.5,1942,1663.4162804931402
10.75,76.5,1943,1244.761456862092
10.75,76.5,1944,1146.7082943469286
10.75,76.5,1945,1183.0881294980645
10.75,76.5,1946,1998.3531827032566
10.75,76.5,1947,1564.1296803355217
10.75,76.5,1948,1518.367148220539
10.75,76.5,1949,1250.5047853887081
10.75,76.5,1950,1506.9869119226933
10.75,76.5,1951,1252.2120624184608
10.75,76.5,1952,1164.5451228022575
10.75,76.5,1953,1179.2799305394292
10.75,76.5,1954,1444.5987902581692
10.75,76.5,1955,1183.2755440622568
10.75,76.5,1956,1304.945242613554
10.75,76.5,1957,1161.3779193535447
10.75,76.5,1958,1432.1341335475445
10.75,76.5,1959,2122.3830450177193
10.75,76.5,1960,1326.7833954244852
10.75,76.5,1961,2512.5573069006205
10.75,76.5,1962,1489.6852782964706
10.75,76.5,1963,1156.5784359052777
10.75,76.5,1964,1622.5187997445464
10.75,76.5,1965,1176.173672735691
10.75,76.5,1966,930.6444260030985
10.75,76.5,1967,1366.4351099953055
10.75,76.5,1968,1693.0523524731398
10.75,76.5,1969,1289.1560702770948
10.75,76.5,1970,1359.536607325077
10.75,76.5,1971,1923.382162064314
10.75,76.5,1972,1591.7245341539383
10.75,76.5,1973,1748.6742961853743
10.75,76.5,1974,1667.8298234641552
10.75,76.5,1975,1864.515542499721
10.75,76.5,1976,777.442853525281
10.75,76.5,1977,1427.7953816354275
10.75,76.5,1978,1307.3781675845385
10.75,76.5,1979,1341.5892087817192
10.75,76.5,1980,1651.4338927865028
10.75,76.5,1981,1861.5541520416737
10.75,76.5,1982,1297.3538690432906
10.75,76.5,1983,1226.9074387997389
10.75,76.5,1984,1263.778448536992
10.75,76.5,1985,1417.6353227943182
10.75,76.5,1986,1150.0112248659134
10.75,76.5,1987,819.784134209156
10.75,76.5,1988,1160.465190216899
10.75,76.5,1989,1383.9617873579264
10.75,76.5,1990,1067.0997341871262
10.75,76.5,1991,1626.204495050013
10.75,76.5,1992,1600.0170651376247
10.75,76.5,1993,942.8061531409621
10.75,76.5,1994,1482.421903938055
10.75,76.5,1995,1245.0313817858696
10.75,76.5,1996,1219.5545854866505
10.75,76.5,1997,1400.338964767754
10.75,76.5,1998,1530.0271978005767
10.75,76.5,1999,1057.4489043802023
10.75,76.5,2000,980.6190777942538
10.75,76.5,2001,676.4901406690478
10.75,76.5,2002,766.7402481287718
10.75,76.5,2003,723.666977122426
10.75,76.5,2004,1146.2610341608524
10.75,76.5,2005,1566.386571481824
10.75,76.5,2006,1536.6844643503428
10.75,76.5,2007,1749.4744945168495
10.75,76.5,2008,1113.6240585073829
10.75,76.5,2009,1341.5811454206705
10.75,76.5,2010,1053.2991892546415
10.75,76.5,2011,1461.8695647716522
10.75,76.5,2012,1189.7508826851845
10.75,76.5,2013,2048.8436068817973
10.75,76.5,2014,1802.842613875866
10.75,76.5,2015,889.5080506056547
10.75,76.5,2016,1134.8153529763222
10.75,76.5,2017,1370.4665756821632
10.75,76.5,2018,2686.7624130547047
10.75,76.5,2019,2180.7310238033533
10.75,76.5,2020,1803.3755891770124
10.75,76.5,2021,1418.5315841585398
10.75,76.5,2022,1823.1613207310438
10.75,76.5,2023,1029.885521023185
10.75,76.75,1901,764.9765232056379
10.75,76.75,1902,628.3798834234476
10.75,76.75,1903,772.1498727351427
10.75,76.75,1904,707.2637210562825
10.75,76.75,1905,697.7556414604187
10.75,76.75,1906,664.5666552037001
10.75,76.75,1907,943.3230830878019
10.75,76.75,1908,543.4069986566901
10.75,76.75,1909,747.1821652129292
10.75,76.75,1910,663.1819338053465
10.75,76.75,1911,833.4959873184562
10.75,76.75,1912,757.7162719368935
10.75,76.75,1913,537.5644192993641
10.75,76.75,1914,885.9816288650036
10.75,76.75,1915,757.9784104824066
10.75,76.75,1916,811.6203565299511
10.75,76.75,1917,657.1775514557958
10.75,76.75,1918,352.4249124825001
10.75,76.75,1919,761.1543095856905
10.75,76.75,1920,676.8127070218325
10.75,76.75,1921,752.4958216547966
10.75,76.75,1922,847.7250862419605
10.75,76.75,1923,1021.790294110775
10.75,76.75,1924,1438.874322682619
10.75,76.75,1925,832.8775545954704
10.75,76.75,1926,1510.3850882649422
10.75,76.75,1927,1612.2420875132084
10.75,76.75,1928,1159.074386626482
10.75,76.75,1929,1569.3933533877134
10.75,76.75,1930,1178.500613823533
10.75,76.75,1931,1637.042659536004
10.75,76.75,1932,1560.7090335339308
10.75,76.75,1933,1918.5073709189892
10.75,76.75,1934,1136.2854266911745
10.75,76.75,1935,1152.6228380352259
10.75,76.75,1936,1459.9026620090008
10.75,76.75,1937,1102.5933449864388
10.75,76.75,1938,1315.4306105822325
10.75,76.75,1939,1348.580918714404
10.75,76.75,1940,1596.7191051095724
10.75,76.75,1941,1617.9839698970318
10.75,76.75,1942,1423.54636323452
10.75,76.75,1943,1334.1708234548569
10.75,76.75,1944,888.5046425312757
10.75,76.75,1945,485.9549466148019
10.75,76.75,1946,1813.1716863512993
10.75,76.75,1947,2915.3153052926064
10.75,76.75,1948,2019.825729995966
10.75,76.75,1949,1299.4168574362993
10.75,76.75,1950,1590.880696296692
10.75,76.75,1951,1268.5202232897282
10.75,76.75,1952,1030.9539949595928
10.75,76.75,1953,1306.1283231824636
10.75,76.75,1954,1378.7622129023075
10.75,76.75,1955,1175.4087007790804
10.75,76.75,1956,1494.2806000709534
10.75,76.75,1957,1374.3137900829315
10.75,76.75,1958,1471.565876558423
10.75,76.75,1959,2212.1418048143387
10.75,76.75,1960,1341.9298283010721
10.75,76.75,1961,2005.6470355987549
10.75,76.75,1962,882.1532009169459
10.75,76.75,1963,1079.2923669219017
10.75,76.75,1964,1650.2611206695437
10.75,76.75,1965,928.9544635042548
10.75,76.75,1966,959.7390970885754
10.75,76.75,1967,1117.8658102750778
10.75,76.75,1968,1661.0263441801071
10.75,76.75,1969,1232.0653866827488
10.75,76.75,1970,1247.7062346935272
10.75,76.75,1971,792.6246778964996
10.75,76.75,1972,798.7166301310062
10.75,76.75,1973,1338.7382753491402
10.75,76.75,1974,1401.7944910526276
10.75,76.75,1975,1413.0087585002184
10.75,76.75,1976,509.5135678201914
10.75,76.75,1977,823.911265462637
10.75,76.75,1978,1214.3858197331429
10.75,76.75,1979,1138.374016046524
10.75,76.75,1980,1155.2434207350016
10.75,76.75,1981,1401.4427164196968
10.75,76.75,1982,960.6252757310867
10.75,76.75,1983,957.4671360254288
10.75,76.75,1984,801.2751007080078
10.75,76.75,1985,1101.7740798294544
10.75,76.75,1986,857.4372622072697
10.75,76.75,1987,744.2683027684689
10.75,76.75,1988,1183.2743120789528
10.75,76.75,1989,1209.3894383907318
10.75,76.75,1990,832.1883874833584
10.75,76.75,1991,1182.1978415846825
10.75,76.75,1992,1303.9341043233871
10.75,76.75,1993,871.6826981157064
10.75,76.75,1994,1291.847554475069
10.75,76.75,1995,936.1359801590443
10.75,76.75,1996,859.8746151179075
10.75,76.75,1997,948.3770411908627
10.75,76.75,1998,1166.65544898808
10.75,76.75,1999,758.5190130323172
10.75,76.75,2000,1079.2976643443108
10.75,76.75,2001,370.4241192936897
10.75,76.75,2002,184.40899918973446
10.75,76.75,2003,135.45384830236435
10.75,76.75,2004,678.1390892267227
10.75,76.75,2005,741.0869389772415
10.75,76.75,2006,663.7385243028402
10.75,76.75,2007,1614.7129963114858
10.75,76.75,2008,643.9393843859434
10.75,76.75,2009,809.7958833277225
10.75,76.75,2010,551.5432297736406
10.75,76.75,2011,1447.8818869292736
10.75,76.75,2012,1137.661532625556
10.75,76.75,2013,875.4183121845126
10.75,76.75,2014,954.6419081389904
10.75,76.75,2015,520.1717491671443
10.75,76.75,2016,496.72451715916395
10.75,76.75,2017,699.3665971085429
10.75,76.75,2018,1503.34246186167
10.75,76.75,2019,926.9238535165787
10.75,76.75,2020,779.995096668601
10.75,76.75,2021,682.2286157011986
10.75,76.75,2022,955.7346682995558
10.75,76.75,2023,419.9558387994766
11.0,76.0,1901,2245.4660450443625
11.0,76.0,1902,2222.536586984992
11.0,76.0,1903,2023.145515911281
11.0,76.0,1904,1946.3562671914697
11.0,76.0,1905,1712.8716001361609
11.0,76.0,1906,1605.732283718884
11.0,76.0,1907,2917.94619140774
11.0,76.0,1908,1894.2033068090677
11.0,76.0,1909,1896.434170678258
11.0,76.0,1910,1637.7381973862648
11.0,76.0,1911,2026.9299641177058
11.0,76.0,1912,2534.763281106949
11.0,76.0,1913,1850.845898091793
11.0,76.0,1914,1929.2709784135222
11.0,76.0,1915,2060.8613174557686
11.0,76.0,1916,2140.1929372251034
11.0,76.0,1917,1641.969286546111
11.0,76.0,1918,929.590147472918
11.0,76.0,1919,1800.6166426241398
11.0,76.0,1920,2142.801577106118
11.0,76.0,1921,1749.8245296403766
11.0,76.0,1922,2193.092373237014
11.0,76.0,1923,2881.1910831853747
11.0,76.0,1924,3830.3320033848286
11.0,76.0,1925,1932.570975124836
11.0,76.0,1926,2807.386828005314
11.0,76.0,1927,2375.546319872141
11.0,76.0,1928,1712.8301176652312
11.0,76.0,1929,2393.4709085971117
11.0,76.0,1930,1641.3325897753239
11.0,76.0,1931,2774.3692780584097
11.0,76.0,1932,1938.184003971517
11.0,76.0,1933,2451.519332051277
11.0,76.0,1934,1566.370623394847
11.0,76.0,1935,1796.3287155255675
11.0,76.0,1936,2245.302204683423
11.0,76.0,1937,1981.9193116277456
11.0,76.0,1938,1912.32143548131
11.0,76.0,1939,2106.101019911468
11.0,76.0,1940,2007.3028665184975
11.0,76.0,1941,2198.253441862762
11.0,76.0,1942,2010.647748194635
11.0,76.0,1943,1739.945035636425
11.0,76.0,1944,1495.3815265595913
11.0,76.0,1945,1771.4184008091688
11.0,76.0,1946,2444.5518026277423
11.0,76.0,1947,2046.4331879094243
11.0,76.0,1948,1866.2531185522676
11.0,76.0,1949,1699.1975142136216
11.0,76.0,1950,2141.558656349778
11.0,76.0,1951,1837.2788059711456
11.0,76.0,1952,1382.7184619009495
11.0,76.0,1953,1703.7352753654122
11.0,76.0,1954,2002.104053169489
11.0,76.0,1955,1548.5913155376911
11.0,76.0,1956,1659.1832288354635
11.0,76.0,1957,1950.9138336479664
11.0,76.0,1958,1634.0938312709332
11.0,76.0,1959,2995.04348898679
11.0,76.0,1960,1833.941136971116
11.0,76.0,1961,3691.5108250528574
11.0,76.0,1962,1571.5973237454891
11.0,76.0,1963,1525.8208841234446
11.0,76.0,1964,2291.6860410124063
11.0,76.0,1965,1500.24413895607
11.0,76.0,1966,1296.1613152474165
11.0,76.0,1967,1875.4557748138905
11.0,76.0,1968,2773.337932139635
11.0,76.0,1969,1843.5323044210672
11.0,76.0,1970,1863.537079140544
11.0,76.0,1971,2461.2160574793816
11.0,76.0,1972,1698.116449251771
11.0,76.0,1973,1717.1589497625828
11.0,76.0,1974,2594.091669127345
11.0,76.0,1975,2827.2366323396564
11.0,76.0,1976,1104.5686490237713
11.0,76.0,1977,1768.5938688665628
11.0,76.0,1978,1978.5036897957325
11.0,76.0,1979,2123.9404865652323
11.0,76.0,1980,2207.665952473879
11.0,76.0,1981,3045.5453448221087
11.0,76.0,1982,2018.809306114912
11.0,76.0,1983,2385.6724908202887
11.0,76.0,1984,1817.1982688456774
11.0,76.0,1985,1864.6592105552554
11.0,76.0,1986,2015.7582908272743
11.0,76.0,1987,1679.8546174913645
11.0,76.0,1988,2192.243352085352
11.0,76.0,1989,1786.7476119101048
11.0,76.0,1990,1410.4126531034708
11.0,76.0,1991,2318.421113997698
11.0,76.0,1992,2361.701445311308
11.0,76.0,1993,1517.7232698947191
11.0,76.0,1994,2487.8490192741156
11.0,76.0,1995,1923.7551744133234
11.0,76.0,1996,1633.366689428687
11.0,76.0,1997,2440.5782680511475
11.0,76.0,1998,2070.833201095462
11.0,76.0,1999,1704.1846578717232
11.0,76.0,2000,1579.1543559730053
11.0,76.0,2001,1740.8005821406841
11.0,76.0,2002,1221.8291109874845
11.0,76.0,2003,1364.6486409083009
11.0,76.0,2004,1448.9766667187214
11.0,76.0,2005,1534.391223281622
11.0,76.0,2006,2199.110517986119
11.0,76.0,2007,2738.5039876550436
11.0,76.0,2008,1433.2287302613258
11.0,76.0,2009,1951.7983960956335
11.0,76.0,2010,1798.4997041374445
11.0,76.0,2011,2234.6784391254187
11.0,76.0,2012,1482.21476059407
11.0,76.0,2013,2582.2004376500845
11.0,76.0,2014,2223.2724973484874
11.0,76.0,2015,1420.2510326132178
11.0,76.0,2016,1197.6000927090645
11.0,76.0,2017,1895.460915222764
11.0,76.0,2018,2593.840823635459
11.0,76.0,2019,2305.6740229576826
11.0,76.0,2020,1930.445355117321
11.0,76.0,2021,1533.0497872829437
11.0,76.0,2022,1537.285104483366
11.0,76.0,2023,1430.8526891805232
11.0,76.25,1901,2192.217499949038
11.0,76.25,1902,2264.92393296957
11.0,76.25,1903,2097.320291876793
11.0,76.25,1904,2186.3253597915173
11.0,76.25,1905,1839.6792994216084
11.0,76.25,1906,1486.1909482330084
11.0,76.25,1907,2794.6884354501963
11.0,76.25,1908,1593.9363631606102
11.0,76.25,1909,1911.4866422191262
11.0,76.25,1910,1735.899262458086
11.0,76.25,1911,2248.211287483573
11.0,76.25,1912,2419.9076238051057
11.0,76.25,1913,1673.0213358700275
11.0,76.25,1914,1775.87621691823
11.0,76.25,1915,2204.586186543107
11.0,76.25,1916,2204.676782131195
11.0,76.25,1917,1766.6904297992587
11.0,76.25,1918,1048.658308006823
11.0,76.25,1919,1923.8253182917833
11.0,76.25,1920,2087.942674651742
11.0,76.25,1921,1724.2147441208363
11.0,76.25,1922,1834.8849348127842
11.0,76.25,1923,2904.0016755610704
11.0,76.25,1924,4048.0622834190726
11.0,76.25,1925,1898.8491124510765
11.0,76.25,1926,2582.698917120695
11.0,76.25,1927,2148.8213319033384
11.0,76.25,1928,1467.0274527221918
11.0,76.25,1929,2182.332681104541
11.0,76.25,1930,1314.3317371159792
11.0,76.25,1931,2601.7223495692015
11.0,76.25,1932,1864.0566772669554
11.0,76.25,1933,2482.0453061908484
11.0,76.25,1934,1522.3578692376614
11.0,76.25,1935,1386.2868102639914
11.0,76.25,1936,1983.861893326044
11.0,76.25,1937,1501.373249411583
11.0,76.25,1938,1635.200936600566
11.0,76.25,1939,1742.9845534712076
11.0,76.25,1940,1904.344201222062
11.0,76.25,1941,2204.056590601802
11.0,76.25,1942,1787.6880743801594
11.0,76.25,1943,1614.8248548358679
11.0,76.25,1944,1921.7241741120815
11.0,76.25,1945,1539.561009451747
11.0,76.25,1946,2167.2810388207436
11.0,76.25,1947,1992.1900040656328
11.0,76.25,1948,1958.2883501201868
11.0,76.25,1949,1727.816853761673
11.0,76.25,1950,2171.636037439108
11.0,76.25,1951,1626.8330409824848
11.0,76.25,1952,1260.337448693812
11.0,76.25,1953,1650.0468206852674
11.0,76.25,1954,1845.612972714007
11.0,76.25,1955,1455.9906667917967
11.0,76.25,1956,1489.4595609605312
11.0,76.25,1957,1891.8883119523525
11.0,76.25,1958,1824.4057328402996
11.0,76.25,1959,2818.598465591669
11.0,76.25,1960,1693.9145639836788
11.0,76.25,1961,3508.705377936363
11.0,76.25,1962,1648.364659577608
11.0,76.25,1963,1334.5433234274387
11.0,76.25,1964,1925.0408039689064
11.0,76.25,1965,1324.577530786395
11.0,76.25,1966,1224.8829713314772
11.0,76.25,1967,1816.3275414556265
11.0,76.25,1968,1950.5192984491587
11.0,76.25,1969,1715.2136302813888
11.0,76.25,1970,1586.752931267023
11.0,76.25,1971,2127.3964190632105
11.0,76.25,1972,1500.5038127601147
11.0,76.25,1973,1533.5330062657595
11.0,76.25,1974,2128.146618872881
11.0,76.25,1975,2526.122663140297
11.0,76.25,1976,1089.1828526556492
11.0,76.25,1977,1559.173774421215
11.0,76.25,1978,1605.9332909807563
11.0,76.25,1979,2099.1783622801304
11.0,76.25,1980,2197.804277509451
11.0,76.25,1981,2665.8097278624773
11.0,76.25,1982,1183.6050943136215
11.0,76.25,1983,1550.4855433106422
11.0,76.25,1984,1717.242367953062
11.0,76.25,1985,798.2597783431411
11.0,76.25,1986,801.6766111403704
11.0,76.25,1987,547.1594705060124
11.0,76.25,1988,818.6631307825446
11.0,76.25,1989,909.1254287809134
11.0,76.25,1990,1180.9407749474049
11.0,76.25,1991,1836.7293061614037
11.0,76.25,1992,1514.1713570654392
11.0,76.25,1993,958.607909925282
11.0,76.25,1994,1379.9729911088943
11.0,76.25,1995,1898.7523495852947
11.0,76.25,1996,1599.945867523551
11.0,76.25,1997,2053.800384104252
11.0,76.25,1998,2081.201040312648
11.0,76.25,1999,1249.7163735479116
11.0,76.25,2000,1514.5550238788128
11.0,76.25,2001,1437.4533418416977
11.0,76.25,2002,1103.8717051446438
11.0,76.25,2003,1104.7575201392174
11.0,76.25,2004,1431.1206317991018
11.0,76.25,2005,1125.0548797249794
11.0,76.25,2006,2155.5975264310837
11.0,76.25,2007,2967.4637696146965
11.0,76.25,2008,1411.6823850423098
11.0,76.25,2009,1780.6456987187266
11.0,76.25,2010,1671.6133385449648
11.0,76.25,2011,1688.6910188943148
11.0,76.25,2012,1182.976733610034
11.0,76.25,2013,2218.548110693693
11.0,76.25,2014,2116.646215736866
11.0,76.25,2015,1249.918688237667
11.0,76.25,2016,1219.8168783262372
11.0,76.25,2017,2010.7222233116627
11.0,76.25,2018,2705.176174774766
11.0,76.25,2019,2394.760165631771
11.0,76.25,2020,2044.3795153945684
11.0,76.25,2021,1646.220394551754
11.0,76.25,2022,2114.294944167137
11.0,76.25,2023,1560.480895511806
11.0,76.5,1901,1754.0006326511502
11.0,76.5,1902,1631.3355012387037
11.0,76.5,1903,1722.0448974370956
11.0,76.5,1904,1644.8848150894046
11.0,76.5,1905,1537.3759280443192
11.0,76.5,1906,1354.9544424787164
11.0,76.5,1907,2191.4053004309535
11.0,76.5,1908,1493.7287856936455
11.0,76.5,1909,1707.9556115940213
11.0,76.5,1910,1388.5821113958955
11.0,76.5,1911,1793.8971556946635
11.0,76.5,1912,1870.7175187096
11.0,76.5,1913,1298.980917930603
11.0,76.5,1914,1561.6003024354577
11.0,76.5,1915,1866.396582312882
11.0,76.5,1916,1815.648950703442
11.0,76.5,1917,1520.2759919911623
11.0,76.5,1918,898.0413296148181
11.0,76.5,1919,1564.666735112667
11.0,76.5,1920,1698.7345153540373
11.0,76.5,1921,1411.6761458069086
11.0,76.5,1922,1729.36013764143
11.0,76.5,1923,2361.2531746551394
11.0,76.5,1924,3025.097388140857
11.0,76.5,1925,1503.7802249193192
11.0,76.5,1926,1965.954454138875
11.0,76.5,1927,1851.4018441811204
11.0,76.5,1928,1164.72754368186
11.0,76.5,1929,1882.75147049129
11.0,76.5,1930,1118.0099581331015
11.0,76.5,1931,1985.9883993193507
11.0,76.5,1932,1565.7840633690357
11.0,76.5,1933,2050.426858842373
11.0,76.5,1934,1287.0711101815104
11.0,76.5,1935,1170.0760575681925
11.0,76.5,1936,1658.1616084948182
11.0,76.5,1937,1228.9441388100386
11.0,76.5,1938,1425.6289226859808
11.0,76.5,1939,1475.4936224073172
11.0,76.5,1940,1624.624009296298
11.0,76.5,1941,1863.073970913887
11.0,76.5,1942,1620.8852892369032
11.0,76.5,1943,1444.9167248904705
11.0,76.5,1944,1586.298696771264
11.0,76.5,1945,1383.528062030673
11.0,76.5,1946,2154.9164692014456
11.0,76.5,1947,1810.1326927542686
11.0,76.5,1948,1771.04900996387
11.0,76.5,1949,1515.2980991750956
11.0,76.5,1950,1841.4673957377672
11.0,76.5,1951,857.5841706693172
11.0,76.5,1952,678.6421922445297
11.0,76.5,1953,903.0436636507511
11.0,76.5,1954,933.5561724901199
11.0,76.5,1955,843.8919588923454
11.0,76.5,1956,860.3052392154932
11.0,76.5,1957,970.4236921519041
11.0,76.5,1958,1019.6990407705307
11.0,76.5,1959,1580.7216861397028
11.0,76.5,1960,821.298402428627
11.0,76.5,1961,1849.4205898940563
11.0,76.5,1962,938.5820269882679
11.0,76.5,1963,730.3060043826699
11.0,76.5,1964,1114.6866968274117
11.0,76.5,1965,1336.9260382801294
11.0,76.5,1966,767.5258407592773
11.0,76.5,1967,864.7591152489185
11.0,76.5,1968,960.3290850073099
11.0,76.5,1969,904.3965640962124
11.0,76.5,1970,875.6065001785755
11.0,76.5,1971,1276.4108623713255
11.0,76.5,1972,875.2035721540451
11.0,76.5,1973,939.04290445894
11.0,76.5,1974,1105.3275936469436
11.0,76.5,1975,1197.9170647114515
11.0,76.5,1976,686.0624251812696
11.0,76.5,1977,871.8267932236195
11.0,76.5,1978,856.5249204337597
11.0,76.5,1979,891.3761431351304
11.0,76.5,1980,796.3108255565166
11.0,76.5,1981,883.0005087405443
11.0,76.5,1982,561.3296553641558
11.0,76.5,1983,952.895838059485
11.0,76.5,1984,807.4292417764664
11.0,76.5,1985,558.365424990654
11.0,76.5,1986,509.1578322201967
11.0,76.5,1987,346.3807640224695
11.0,76.5,1988,531.1621391922235
11.0,76.5,1989,648.0883130729198
11.0,76.5,1990,647.8554015755653
11.0,76.5,1991,1147.7585270106792
11.0,76.5,1992,951.7187993079424
11.0,76.5,1993,656.7653536200523
11.0,76.5,1994,976.0832580029964
11.0,76.5,1995,916.2004391849041
11.0,76.5,1996,871.5548155605793
11.0,76.5,1997,1026.8657336831093
11.0,76.5,1998,1168.3734195679426
11.0,76.5,1999,639.037518799305
11.0,76.5,2000,833.4667045176029
11.0,76.5,2001,498.3520713970065
11.0,76.5,2002,424.3984843865037
11.0,76.5,2003,380.6861975044012
11.0,76.5,2004,1011.2578475177288
11.0,76.5,2005,834.1636404544115
11.0,76.5,2006,1372.7562633156776
11.0,76.5,2007,1412.7679190039635
11.0,76.5,2008,1310.3872381597757
11.0,76.5,2009,1279.8840723782778
11.0,76.5,2010,1117.0125038921833
11.0,76.5,2011,1497.6765146702528
11.0,76.5,2012,1158.5297040343285
11.0,76.5,2013,1821.0982224792242
11.0,76.5,2014,1752.7858100831509
11.0,76.5,2015,963.7459082901478
11.0,76.5,2016,1020.0553449392319
11.0,76.5,2017,1545.700630903244
11.0,76.5,2018,2436.114310786128
11.0,76.5,2019,1992.126313880086
11.0,76.5,2020,1682.79419156909
11.0,76.5,2021,1380.4305256009102
11.0,76.5,2022,1840.9048533439636
11.0,76.5,2023,1072.6710599455982
11.25,76.0,1901,2465.5180256664753
11.25,76.0,1902,2153.80807864666
11.25,76.0,1903,2118.29376681149
11.25,76.0,1904,2641.423052430153
11.25,76.0,1905,1964.2623899281025
11.25,76.0,1906,1514.1994875073433
11.25,76.0,1907,2987.458115696907
11.25,76.0,1908,1682.649208664894
11.25,76.0,1909,1975.1722776815295
11.25,76.0,1910,1754.93790730834
11.25,76.0,1911,2411.945110708475
11.25,76.0,1912,2606.415569856763
11.25,76.0,1913,1983.7546527981758
11.25,76.0,1914,2123.697049319744
11.25,76.0,1915,1998.4784534871578
11.25,76.0,1916,2274.4422163292766
11.25,76.0,1917,1695.0255323648453
11.25,76.0,1918,981.728689968586
11.25,76.0,1919,2310.3725854083896
11.25,76.0,1920,2139.9795524701476
11.25,76.0,1921,2414.9425974190235
11.25,76.0,1922,2143.1079527139664
11.25,76.0,1923,3370.1547552645206
11.25,76.0,1924,3764.4749900326133
11.25,76.0,1925,2056.740932367742
11.25,76.0,1926,2809.286962687969
11.25,76.0,1927,2269.5008036643267
11.25,76.0,1928,1553.8042506352067
11.25,76.0,1929,2416.418933004141
11.25,76.0,1930,1606.2128411084414
11.25,76.0,1931,2760.8323687016964
11.25,76.0,1932,2060.894066274166
11.25,76.0,1933,2521.2938307225704
11.25,76.0,1934,1596.8946990072727
11.25,76.0,1935,1660.6518768668175
11.25,76.0,1936,2091.655235081911
11.25,76.0,1937,1713.280017286539
11.25,76.0,1938,1702.393925845623
11.25,76.0,1939,1834.6180302128196
11.25,76.0,1940,2139.5575499385595
11.25,76.0,1941,2643.2311249375343
11.25,76.0,1942,2001.7240303605795
11.25,76.0,1943,2059.0687509030104
11.25,76.0,1944,1782.8222471475601
11.25,76.0,1945,1753.8661729544401
11.25,76.0,1946,2476.133032619953
11.25,76.0,1947,1723.1695376858115
11.25,76.0,1948,2248.907737195492
11.25,76.0,1949,1924.1148038581014
11.25,76.0,1950,2174.8751195967197
11.25,76.0,1951,1620.9304161593318
11.25,76.0,1952,1412.1740300655365
11.25,76.0,1953,2108.521445222199
11.25,76.0,1954,1972.2747660428286
11.25,76.0,1955,1937.4308008104563
11.25,76.0,1956,1753.91208422184
11.25,76.0,1957,2533.890585824847
11.25,76.0,1958,2006.766287818551
11.25,76.0,1959,3222.3227706849575
11.25,76.0,1960,1622.6215357854962
11.25,76.0,1961,3515.752717643976
11.25,76.0,1962,1558.0781099200249
11.25,76.0,1963,1702.8140749633312
11.25,76.0,1964,2617.169093042612
11.25,76.0,1965,1681.4023462086916
11.25,76.0,1966,1576.5289202928543
11.25,76.0,1967,2031.4441424757242
11.25,76.0,1968,2676.573745727539
11.25,76.0,1969,2156.806333631277
11.25,76.0,1970,2067.774078845978
11.25,76.0,1971,2385.6204922050238
11.25,76.0,1972,1685.267036691308
11.25,76.0,1973,1864.4570575132966
11.25,76.0,1974,2445.003787703812
11.25,76.0,1975,2777.855268597603
11.25,76.0,1976,1517.0932735577226
11.25,76.0,1977,1739.9142111241817
11.25,76.0,1978,2342.0904874131083
11.25,76.0,1979,2294.5052731335163
11.25,76.0,1980,2881.146604374051
11.25,76.0,1981,3158.2821385860443
11.25,76.0,1982,1967.8215159475803
11.25,76.0,1983,2566.195189639926
11.25,76.0,1984,2124.37460231781
11.25,76.0,1985,1884.5567540824413
11.25,76.0,1986,2043.6411362290382
11.25,76.0,1987,1553.9496764913201
11.25,76.0,1988,1895.0780837908387
11.25,76.0,1989,1633.6986682415009
11.25,76.0,1990,1537.7670035213232
11.25,76.0,1991,2189.905780635774
11.25,76.0,1992,2283.0665867477655
11.25,76.0,1993,1550.9554054141045
11.25,76.0,1994,2459.346702992916
11.25,76.0,1995,1701.3126460164785
11.25,76.0,1996,1595.1282631605864
11.25,76.0,1997,2388.231627598405
11.25,76.0,1998,2224.4378684684634
11.25,76.0,1999,1582.974523678422
11.25,76.0,2000,1591.7803212031722
11.25,76.0,2001,1437.1335414648056
11.25,76.0,2002,1086.603526800871
11.25,76.0,2003,1283.342209354043
11.25,76.0,2004,1553.9300634041429
11.25,76.0,2005,1255.5605306252837
11.25,76.0,2006,2082.52886480093
11.25,76.0,2007,3177.6206137388945
11.25,76.0,2008,1498.1752132251859
11.25,76.0,2009,1811.2039676308632
11.25,76.0,2010,1635.4584584534168
11.25,76.0,2011,2488.275696411729
11.25,76.0,2012,1608.3676424697042
11.25,76.0,2013,2718.2234231084585
11.25,76.0,2014,2338.100307673216
11.25,76.0,2015,1470.215609997511
11.25,76.0,2016,1252.0548300743103
11.25,76.0,2017,1835.214335270226
11.25,76.0,2018,3367.709763929248
11.25,76.0,2019,2442.1562715172768
11.25,76.0,2020,1809.6554462015629
11.25,76.0,2021,1518.623047709465
11.25,76.0,2022,1723.941377595067
11.25,76.0,2023,1322.1126154568046
11.25,76.25,1901,2488.659896865487
11.25,76.25,1902,2161.0755410790443
11.25,76.25,1903,2364.777482867241
11.25,76.25,1904,2650.8348718732595
11.25,76.25,1905,2050.9619032144547
11.25,76.25,1906,1744.9692948311567
11.25,76.25,1907,2726.292452543974
11.25,76.25,1908,1695.6277493983507
11.25,76.25,1909,1921.068289026618
11.25,76.25,1910,1942.5188926905394
11.25,76.25,1911,2345.805274426937
11.25,76.25,1912,2354.5689894109964
11.25,76.25,1913,2060.2059231996536
11.25,76.25,1914,2146.3674376159906
11.25,76.25,1915,2081.1458767056465
11.25,76.25,1916,2376.7699204087257
11.25,76.25,1917,1909.8949255943298
11.25,76.25,1918,977.7716470062733
11.25,76.25,1919,2210.5109071284533
11.25,76.25,1920,2076.638851389289
11.25,76.25,1921,2317.6359458118677
11.25,76.25,1922,1969.571215391159
11.25,76.25,1923,3257.873967498541
11.25,76.25,1924,3600.909471705556
11.25,76.25,1925,1902.9301221072674
11.25,76.25,1926,2502.7910761237144
11.25,76.25,1927,2264.234972372651
11.25,76.25,1928,1763.3040838316083
11.25,76.25,1929,2326.012990862131
11.25,76.25,1930,1695.0503410696983
11.25,76.25,1931,2578.698456533253
11.25,76.25,1932,1995.608511954546
11.25,76.25,1933,2501.994889497757
11.25,76.25,1934,1593.82116214931
11.25,76.25,1935,1787.0387964844704
11.25,76.25,1936,2056.3909093141556
11.25,76.25,1937,1573.4043555110693
11.25,76.25,1938,1644.5228106677532
11.25,76.25,1939,1955.3265165239573
11.25,76.25,1940,2268.4657305777073
11.25,76.25,1941,2557.3772003799677
11.25,76.25,1942,2139.399617560208
11.25,76.25,1943,2039.3821413218975
11.25,76.25,1944,1775.354019716382
11.25,76.25,1945,1748.0011045336723
11.25,76.25,1946,2424.6783609986305
11.25,76.25,1947,1940.8538848757744
11.25,76.25,1948,2439.958637058735
11.25,76.25,1949,1934.178682088852
11.25,76.25,1950,2190.7687069773674
11.25,76.25,1951,1647.170247644186
11.25,76.25,1952,1310.4275098592043
11.25,76.25,1953,2117.7368340194225
11.25,76.25,1954,1918.0619413554668
11.25,76.25,1955,1877.7277881354094
11.25,76.25,1956,1783.0913280844688
11.25,76.25,1957,2896.7277661263943
11.25,76.25,1958,2744.533525824547
11.25,76.25,1959,2937.61140691489
11.25,76.25,1960,1089.2881377860904
11.25,76.25,1961,3068.926494717598
11.25,76.25,1962,649.350443571806
11.25,76.25,1963,1581.1726536154747
11.25,76.25,1964,2096.5702641010284
11.25,76.25,1965,1605.942380413413
11.25,76.25,1966,1500.6838771924376
11.25,76.25,1967,1940.5516611784697
11.25,76.25,1968,2265.872786819935
11.25,76.25,1969,1896.8156083226204
11.25,76.25,1970,1884.7149986326694
11.25,76.25,1971,1398.0378953814507
11.25,76.25,1972,1426.5613658726215
11.25,76.25,1973,1852.779810577631
11.25,76.25,1974,2237.5525275841355
11.25,76.25,1975,2503.7299408614635
11.25,76.25,1976,1772.5405904129148
11.25,76.25,1977,1986.039071187377
11.25,76.25,1978,2055.051017731428
11.25,76.25,1979,1846.6055805236101
11.25,76.25,1980,2419.5104724764824
11.25,76.25,1981,2380.3948571383953
11.25,76.25,1982,1300.0347930192947
11.25,76.25,1983,1757.2672236412764
11.25,76.25,1984,1604.795000448823
11.25,76.25,1985,1157.8465756773949
11.25,76.25,1986,1451.2634503021836
11.25,76.25,1987,977.2977018207312
11.25,76.25,1988,1457.0493026077747
11.25,76.25,1989,1384.9087646454573
11.25,76.25,1990,1433.6493930965662
11.25,76.25,1991,2062.25342464447
11.25,76.25,1992,2521.0861362814903
11.25,76.25,1993,1767.6179311871529
11.25,76.25,1994,2764.13016153872
11.25,76.25,1995,2038.9300674498081
11.25,76.25,1996,1911.445120126009
11.25,76.25,1997,2136.234959587455
11.25,76.25,1998,2368.0879230201244
11.25,76.25,1999,1711.7909372001886
11.25,76.25,2000,1828.8854714930058
11.25,76.25,2001,1366.6606362909079
11.25,76.25,2002,1149.310642145574
11.25,76.25,2003,1247.3475376665592
11.25,76.25,2004,1412.2360252141953
11.25,76.25,2005,533.3121053576469
11.25,76.25,2006,1547.279751688242
11.25,76.25,2007,3505.8146838992834
11.25,76.25,2008,1482.167929455638
11.25,76.25,2009,1806.2036221325397
11.25,76.25,2010,1749.6664066910744
11.25,76.25,2011,1946.1352360770106
11.25,76.25,2012,1309.517618715763
11.25,76.25,2013,2281.1134019345045
11.25,76.25,2014,2180.8823096752167
11.25,76.25,2015,1147.9624114781618
11.25,76.25,2016,933.3528028875589
11.25,76.25,2017,1301.850100517273
11.25,76.25,2018,2474.699288636446
11.25,76.25,2019,2249.938341192901
11.25,76.25,2020,2372.585945442319
11.25,76.25,2021,1557.8674442321062
11.25,76.25,2022,2160.4621601998806
11.25,76.25,2023,832.477047784254
11.5,75.75,1901,3590.897878110409
11.5,75.75,1902,3350.6944419145584
11.5,75.75,1903,3456.375439286232
11.5,75.75,1904,3667.6419727876782
11.5,75.75,1905,2852.474393285811
11.5,75.75,1906,2718.638687811792
11.5,75.75,1907,4511.457067281008
11.5,75.75,1908,3039.7884936332703
11.5,75.75,1909,3235.0314465761185
11.5,75.75,1910,3135.5544409155846
11.5,75.75,1911,3174.5922671705484
11.5,75.75,1912,4025.004567682743
11.5,75.75,1913,2832.900607302785
11.5,75.75,1914,3031.217174783349
11.5,75.75,1915,3301.1677516549826
11.5,75.75,1916,3362.219299212098
11.5,75.75,1917,2524.771297752857
11.5,75.75,1918,1533.2614332586527
11.5,75.75,1919,2933.665385186672
11.5,75.75,1920,3542.1085067391396
11.5,75.75,1921,3254.3659006357193
11.5,75.75,1922,3371.9914609342813
11.5,75.75,1923,4866.263436362147
11.5,75.75,1924,5253.441669791937
11.5,75.75,1925,3192.642594590783
11.5,75.75,1926,3732.377745807171
11.5,75.75,1927,3599.976836755872
11.5,75.75,1928,2585.3946722894907
11.5,75.75,1929,3673.534090399742
11.5,75.75,1930,2547.172356903553
11.5,75.75,1931,3971.1231886595488
11.5,75.75,1932,3279.244086638093
11.5,75.75,1933,4038.5753683298826
11.5,75.75,1934,2637.702502898872
11.5,75.75,1935,2728.5169753059745
11.5,75.75,1936,3066.9817946255207
11.5,75.75,1937,2652.1076334118843
11.5,75.75,1938,3020.773190200329
11.5,75.75,1939,2947.4670075774193
11.5,75.75,1940,3407.3989629149437
11.5,75.75,1941,3170.5763284415007
11.5,75.75,1942,3429.6265098154545
11.5,75.75,1943,3080.7820516452193
11.5,75.75,1944,2515.55530038476
11.5,75.75,1945,3074.101472198963
11.5,75.75,1946,4131.134780436754
11.5,75.75,1947,3597.040855526924
11.5,75.75,1948,3340.1556730121374
11.5,75.75,1949,3668.1373829245567
11.5,75.75,1950,3598.0636021643877
11.5,75.75,1951,2757.797560840845
11.5,75.75,1952,2537.6007491350174
11.5,75.75,1953,3255.9031518250704
11.5,75.75,1954,3721.3749520778656
11.5,75.75,1955,2673.832660034299
11.5,75.75,1956,2814.1079638004303
11.5,75.75,1957,3351.311135560274
11.5,75.75,1958,3199.273315370083
11.5,75.75,1959,4493.753320217133
11.5,75.75,1960,2576.276546880603
11.5,75.75,1961,6434.154812216759
11.5,75.75,1962,1463.4439209848642
11.5,75.75,1963,2643.8589282631874
11.5,75.75,1964,3501.7618484050035
11.5,75.75,1965,2445.4226838946342
11.5,75.75,1966,2350.5334753394127
11.5,75.75,1967,2722.5204237774014
11.5,75.75,1968,3705.992141202092
11.5,75.75,1969,2676.096622735262
11.5,75.75,1970,2887.8945642858744
11.5,75.75,1971,3166.2654614299536
11.5,75.75,1972,2130.723490193486
11.5,75.75,1973,2668.8660849556327
11.5,75.75,1974,3347.515096977353
11.5,75.75,1975,3584.5748282521963
11.5,75.75,1976,1926.0052191615105
11.5,75.75,1977,3587.2247255071998
11.5,75.75,1978,3858.6755452901125
11.5,75.75,1979,2700.533677265048
11.5,75.75,1980,2437.948631361127
11.5,75.75,1981,2723.291261896491
11.5,75.75,1982,2528.2972686737776
11.5,75.75,1983,2947.780973672867
11.5,75.75,1984,2188.9905145913363
11.5,75.75,1985,2266.700121343136
11.5,75.75,1986,2162.085104048252
11.5,75.75,1987,1602.4100255817175
11.5,75.75,1988,1258.2641377002
11.5,75.75,1989,1444.0945779532194
11.5,75.75,1990,1439.903249412775
11.5,75.75,1991,2057.029594220221
11.5,75.75,1992,2405.7988578677177
11.5,75.75,1993,1479.67034304142
11.5,75.75,1994,2369.7495307326317
11.5,75.75,1995,2034.8262862116098
11.5,75.75,1996,1825.911936312914
11.5,75.75,1997,3325.7815457209945
11.5,75.75,1998,1965.8021829128265
11.5,75.75,1999,1713.7488853931427
11.5,75.75,2000,2343.4858936294913
11.5,75.75,2001,2003.1342239677906
11.5,75.75,2002,1818.4270757734776
11.5,75.75,2003,1922.665187202394
11.5,75.75,2004,2609.6988200694323
11.5,75.75,2005,1050.5422579199076
11.5,75.75,2006,1752.7134173959494
11.5,75.75,2007,2201.8899553120136
11.5,75.75,2008,1329.156968459487
11.5,75.75,2009,1951.4343820214272
11.5,75.75,2010,1818.3742875158787
11.5,75.75,2011,2736.2954760044813
11.5,75.75,2012,1848.658189728856
11.5,75.75,2013,3344.3350453078747
11.5,75.75,2014,3044.8077972084284
11.5,75.75,2015,2181.1308395415545
11.5,75.75,2016,1216.0619345903397
11.5,75.75,2017,2217.6525451242924
11.5,75.75,2018,3403.2286447137594
11.5,75.75,2019,3119.781380407512
11.5,75.75,2020,3018.699629880488
11.5,75.75,2021,2189.3962844461203
11.5,75.75,2022,2596.9591002762318
11.5,75.75,2023,1959.8048824556172
11.5,76.0,1901,3650.93282020092
11.5,76.0,1902,3210.715175449848
11.5,76.0,1903,3538.8156192302704
11.5,76.0,1904,3916.876711666584
11.5,76.0,1905,2936.915852636099
11.5,76.0,1906,2786.289280831814
11.5,76.0,1907,4317.792314991355
11.5,76.0,1908,2678.431136727333
11.5,76.0,1909,3094.598619699478
11.5,76.0,1910,3049.430028140545
11.5,76.0,1911,3439.5337342843413
11.5,76.0,1912,3824.752724468708
11.5,76.0,1913,2936.179433479905
11.5,76.0,1914,2985.0633755475283
11.5,76.0,1915,3388.61999155581
11.5,76.0,1916,3396.9464570879936
11.5,76.0,1917,2621.470426350832
11.5,76.0,1918,1501.6256212815642
11.5,76.0,1919,3093.8508696854115
11.5,76.0,1920,3387.3570915460587
11.5,76.0,1921,3617.856109082699
11.5,76.0,1922,3082.4021194577217
11.5,76.0,1923,5130.133077606559
11.5,76.0,1924,5338.8835249096155
11.5,76.0,1925,3031.9604974985123
11.5,76.0,1926,3893.4840069413185
11.5,76.0,1927,3575.4213141202927
11.5,76.0,1928,2703.621764779091
11.5,76.0,1929,3551.229819625616
11.5,76.0,1930,2556.8455503582954
11.5,76.0,1931,3896.041223526001
11.5,76.0,1932,3371.3041535019875
11.5,76.0,1933,3960.8377205729485
11.5,76.0,1934,2598.1240879297256
11.5,76.0,1935,2689.7146116495132
11.5,76.0,1936,2966.129558444023
11.5,76.0,1937,2328.653534889221
11.5,76.0,1938,2682.750088483095
11.5,76.0,1939,2915.103653073311
11.5,76.0,1940,3321.5043988972902
11.5,76.0,1941,3481.83759573102
11.5,76.0,1942,3431.9625993222
11.5,76.0,1943,3072.8027171343565
11.5,76.0,1944,2615.752772629261
11.5,76.0,1945,2987.699095785618
11.5,76.0,1946,3781.5559070706367
11.5,76.0,1947,3513.907778978348
11.5,76.0,1948,3602.068160176277
11.5,76.0,1949,3603.3181653022766
11.5,76.0,1950,3357.1149751767516
11.5,76.0,1951,2615.114068135619
11.5,76.0,1952,2299.2243124246597
11.5,76.0,1953,3339.1841761767864
11.5,76.0,1954,3353.912358045578
11.5,76.0,1955,2466.7636203616858
11.5,76.0,1956,2813.572596371174
11.5,76.0,1957,3370.214348822832
11.5,76.0,1958,3738.399315148592
11.5,76.0,1959,4562.570721566677
11.5,76.0,1960,2278.4726380705833
11.5,76.0,1961,5895.336233884096
11.5,76.0,1962,1067.1824187487364
11.5,76.0,1963,2674.0808742642403
11.5,76.0,1964,3793.752160780132
11.5,76.0,1965,2522.3872532844543
11.5,76.0,1966,2580.141298942268
11.5,76.0,1967,2859.1669313013554
11.5,76.0,1968,3305.6625902056694
11.5,76.0,1969,2940.4473010003567
11.5,76.0,1970,2687.589634001255
11.5,76.0,1971,2696.112865999341
11.5,76.0,1972,2007.63423666358
11.5,76.0,1973,1847.9198705852032
11.5,76.0,1974,2405.683858729899
11.5,76.0,1975,2779.4808020442724
11.5,76.0,1976,2128.491677083075
11.5,76.0,1977,2876.7898732423782
11.5,76.0,1978,2553.1155598163605
11.5,76.0,1979,2172.1161841750145
11.5,76.0,1980,2775.3882516771555
11.5,76.0,1981,2863.33758251369
11.5,76.0,1982,1795.209656842053
11.5,76.0,1983,2466.350187435746
11.5,76.0,1984,2128.1325473338366
11.5,76.0,1985,1655.205902069807
11.5,76.0,1986,1703.8733088970184
11.5,76.0,1987,1225.2361972332
11.5,76.0,1988,1178.5436817333102
11.5,76.0,1989,1377.8137075453997
11.5,76.0,1990,1393.4796581789851
11.5,76.0,1991,1991.4101663827896
11.5,76.0,1992,2406.895546093583
11.5,76.0,1993,1392.4000422805548
11.5,76.0,1994,2201.3760205060244
11.5,76.0,1995,1790.2420038431883
11.5,76.0,1996,1745.1895801723003
11.5,76.0,1997,2854.3218141645193
11.5,76.0,1998,1919.2647697031498
11.5,76.0,1999,1461.672617584467
11.5,76.0,2000,2337.0612527132034
11.5,76.0,2001,1733.4599795937538
11.5,76.0,2002,1490.8913848251104
11.5,76.0,2003,1363.240659341216
11.5,76.0,2004,2505.282321676612
11.5,76.0,2005,852.4744557589293
11.5,76.0,2006,1746.6809246987104
11.5,76.0,2007,2008.9213896095753
11.5,76.0,2008,1316.259066812694
11.5,76.0,2009,1885.1765719130635
11.5,76.0,2010,1675.3916381299496
11.5,76.0,2011,2500.5563667416573
11.5,76.0,2012,1729.3761837631464
11.5,76.0,2013,3268.063435472548
11.5,76.0,2014,3211.670368760824
11.5,76.0,2015,2100.5901993364096
11.5,76.0,2016,916.8508525192738
11.5,76.0,2017,1841.2507202923298
11.5,76.0,2018,3288.816025495529
11.5,76.0,2019,2528.0009194239974
11.5,76.0,2020,2386.359190799296
11.5,76.0,2021,1811.9434916079044
11.5,76.0,2022,2382.667712301016
11.5,76.0,2023,1498.8420798350126
11.75,75.5,1901,3041.192476645112
11.75,75.5,1902,3078.922948732972
11.75,75.5,1903,2965.630936920643
11.75,75.5,1904,3014.4960315674543
11.75,75.5,1905,2492.620497867465
11.75,75.5,1906,2294.6940345689654
11.75,75.5,1907,3993.963733546436
11.75,75.5,1908,3298.035608127713
11.75,75.5,1909,2895.642990231514
11.75,75.5,1910,2689.9109161794186
11.75,75.5,1911,2497.1621350049973
11.75,75.5,1912,3773.4827048778534
11.75,75.5,1913,2408.0610591620207
11.75,75.5,1914,3000.990095168352
11.75,75.5,1915,2618.1389059722424
11.75,75.5,1916,2949.390976756811
11.75,75.5,1917,2340.6313737779856
11.75,75.5,1918,1497.9230724573135
11.75,75.5,1919,2420.615565061569
11.75,75.5,1920,3245.2699525356293
11.75,75.5,1921,2633.883728399873
11.75,75.5,1922,3302.74336899817
11.75,75.5,1923,3966.9327431172132
11.75,75.5,1924,4442.666461884975
11.75,75.5,1925,3087.425846785307
11.75,75.5,1926,2991.0374331623316
11.75,75.5,1927,2991.21372012794
11.75,75.5,1928,2141.076823979616
11.75,75.5,1929,3342.3552939221263
11.75,75.5,1930,2361.0477283149958
11.75,75.5,1931,3694.9077630490065
11.75,75.5,1932,2388.457220390439
11.75,75.5,1933,3514.0144484490156
11.75,75.5,1934,2476.481037348509
11.75,75.5,1935,2386.1102832704782
11.75,75.5,1936,2897.804250791669
11.75,75.5,1937,2857.3696898967028
11.75,75.5,1938,2954.0156152695417
11.75,75.5,1939,2484.961503982544
11.75,75.5,1940,3131.4147707372904
11.75,75.5,1941,2460.5170914828777
11.75,75.5,1942,3017.382474526763
11.75,75.5,1943,2549.559114485979
11.75,75.5,1944,2418.9917005077004
11.75,75.5,1945,2496.7260424420238
11.75,75.5,1946,3723.331327110529
11.75,75.5,1947,3019.0796736180782
11.75,75.5,1948,2755.5776471942663
11.75,75.5,1949,3190.191903308034
11.75,75.5,1950,3127.116364687681
11.75,75.5,1951,2607.682403445244
11.75,75.5,1952,1986.2785890251398
11.75,75.5,1953,2546.5552874952555
11.75,75.5,1954,3535.188547372818
11.75,75.5,1955,2593.4961198568344
11.75,75.5,1956,2491.169194743037
11.75,75.5,1957,3562.79644882679
11.75,75.5,1958,3064.8046745359898
11.75,75.5,1959,3746.3784010112286
11.75,75.5,1960,1999.7642641663551
11.75,75.5,1961,4310.735090062022
11.75,75.5,1962,1934.2671087384224
11.75,75.5,1963,2426.877326235175
11.75,75.5,1964,2371.18916567415
11.75,75.5,1965,2210.2204591333866
11.75,75.5,1966,1901.0761004388332
11.75,75.5,1967,2365.398776113987
11.75,75.5,1968,3760.8251326978207
11.75,75.5,1969,2297.2633995860815
11.75,75.5,1970,2569.359680905938
11.75,75.5,1971,2784.9030924737453
11.75,75.5,1972,2221.255547180772
11.75,75.5,1973,2888.5370076298714
11.75,75.5,1974,3274.6406868994236
11.75,75.5,1975,3521.0625815689564
11.75,75.5,1976,2277.0248208343983
11.75,75.5,1977,3077.208128646016
11.75,75.5,1978,3713.3282005786896
11.75,75.5,1979,2784.7980881482363
11.75,75.5,1980,2336.2054656744003
11.75,75.5,1981,3684.7459477707744
11.75,75.5,1982,2974.430096387863
11.75,75.5,1983,3785.1533462405205
11.75,75.5,1984,2631.135875687003
11.75,75.5,1985,2700.6139763742685
11.75,75.5,1986,2574.1236412525177
11.75,75.5,1987,1542.7482343167067
11.75,75.5,1988,2889.709797427058
11.75,75.5,1989,2657.7544097304344
11.75,75.5,1990,2055.9071026667953
11.75,75.5,1991,2883.9092991650105
11.75,75.5,1992,2935.9339701905847
11.75,75.5,1993,2186.132216207683
11.75,75.5,1994,3350.166326984763
11.75,75.5,1995,2125.217577904463
11.75,75.5,1996,2447.9280470088124
11.75,75.5,1997,3467.612978234887
11.75,75.5,1998,2583.0149523317814
11.75,75.5,1999,2182.4766241014004
11.75,75.5,2000,1994.959448248148
11.75,75.5,2001,1994.6540431976318
11.75,75.5,2002,1696.0784956738353
11.75,75.5,2003,2025.4450027495623
11.75,75.5,2004,2146.576723009348
11.75,75.5,2005,2708.6332434415817
11.75,75.5,2006,2394.9906990379095
11.75,75.5,2007,3353.677068412304
11.75,75.5,2008,2231.6346425414085
11.75,75.5,2009,3066.1789096444845
11.75,75.5,2010,2631.578966706991
11.75,75.5,2011,2889.878650903702
11.75,75.5,2012,2151.7419058680534
11.75,75.5,2013,3529.195370748639
11.75,75.5,2014,3006.204043596983
11.75,75.5,2015,2221.07020765543
11.75,75.5,2016,2155.500138193369
11.75,75.5,2017,2599.672187745571
11.75,75.5,2018,3060.2592605799437
11.75,75.5,2019,3658.2745608389378
11.75,75.5,2020,3621.947705641389
11.75,75.5,2021,1962.6214938759804
11.75,75.5,2022,2305.7130065262318
11.75,75.5,2023,2070.235653925687
11.75,75.75,1901,3033.632445551455
11.75,75.75,1902,2951.7134912014008
11.75,75.75,1903,2972.524350851774
11.75,75.75,1904,3093.129300162196
11.75,75.75,1905,2344.204751700163
11.75,75.75,1906,2398.6500056535006
11.75,75.75,1907,3668.3462094143033
11.75,75.75,1908,2656.019690565765
11.75,75.75,1909,2536.754547342658
11.75,75.75,1910,2629.4883258640766
11.75,75.75,1911,2753.613930284977
11.75,75.75,1912,3403.104196280241
11.75,75.75,1913,2419.659296989441
11.75,75.75,1914,2641.6138042211533
11.75,75.75,1915,2613.151503637433
11.75,75.75,1916,2785.7994145154953
11.75,75.75,1917,2031.4645368903875
11.75,75.75,1918,1297.563949778676
11.75,75.75,1919,2419.1899602115154
11.75,75.75,1920,3031.1554381102324
11.75,75.75,1921,2808.449133813381
11.75,75.75,1922,2926.64820856601
11.75,75.75,1923,4199.255979195237
11.75,75.75,1924,4719.503649458289
11.75,75.75,1925,2986.2097726538777
11.75,75.75,1926,2927.8622899279
11.75,75.75,1927,3104.1657302975655
11.75,75.75,1928,2087.862781152129
11.75,75.75,1929,3209.677072942257
11.75,75.75,1930,2205.1984252408147
11.75,75.75,1931,3257.294181972742
11.75,75.75,1932,2551.6706218868494
11.75,75.75,1933,3407.2087632864714
11.75,75.75,1934,2303.8319484591484
11.75,75.75,1935,2260.090335652232
11.75,75.75,1936,2657.420839548111
11.75,75.75,1937,2061.8054204806685
11.75,75.75,1938,2520.5080964416265
11.75,75.75,1939,2363.858474701643
11.75,75.75,1940,2755.5043015629053
11.75,75.75,1941,2566.480951681733
11.75,75.75,1942,2828.493845447898
11.75,75.75,1943,2431.349100843072
11.75,75.75,1944,2113.4848959222436
11.75,75.75,1945,2534.9531549960375
11.75,75.75,1946,3595.9658937603235
11.75,75.75,1947,2794.940684556961
11.75,75.75,1948,2631.093581944704
11.75,75.75,1949,2789.7664631456137
11.75,75.75,1950,2901.1081085056067
11.75,75.75,1951,2346.0071171820164
11.75,75.75,1952,1964.9407415166497
11.75,75.75,1953,2770.9143818616867
11.75,75.75,1954,3237.1760309636593
11.75,75.75,1955,2013.4909133911133
11.75,75.75,1956,2572.7490673065186
11.75,75.75,1957,2960.782980173826
11.75,75.75,1958,2632.4062491878867
11.75,75.75,1959,3589.412949025631
11.75,75.75,1960,1922.2428325265646
11.75,75.75,1961,3972.859591603279
11.75,75.75,1962,775.5528070032597
11.75,75.75,1963,2148.6050199866295
11.75,75.75,1964,2807.7525992691517
11.75,75.75,1965,1916.9924844652414
11.75,75.75,1966,1701.4667879194021
11.75,75.75,1967,2017.725566983223
11.75,75.75,1968,2919.268570691347
11.75,75.75,1969,2233.170664101839
11.75,75.75,1970,2127.028229922056
11.75,75.75,1971,2468.0712593495846
11.75,75.75,1972,1788.378752619028
11.75,75.75,1973,2614.258720546961
11.75,75.75,1974,2961.428615242243
11.75,75.75,1975,3099.9789977371693
11.75,75.75,1976,1771.9709108918905
11.75,75.75,1977,2960.73070114851
11.75,75.75,1978,3165.5609309077263
11.75,75.75,1979,2096.7517895027995
11.75,75.75,1980,2240.521306335926
11.75,75.75,1981,2052.942929558456
11.75,75.75,1982,1881.2015791535378
11.75,75.75,1983,2601.3651958703995
11.75,75.75,1984,2325.5098862349987
11.75,75.75,1985,1797.9043140411377
11.75,75.75,1986,1724.4327328056097
11.75,75.75,1987,1124.757396697998
11.75,75.75,1988,1187.5192600861192
11.75,75.75,1989,1531.2474678605795
11.75,75.75,1990,1587.5417733043432
11.75,75.75,1991,2179.4392990469933
11.75,75.75,1992,2532.8285406529903
11.75,75.75,1993,1709.9957239031792
11.75,75.75,1994,2547.3360999822617
11.75,75.75,1995,1560.92263533175
11.75,75.75,1996,1733.2263327538967
11.75,75.75,1997,2454.2880213558674
11.75,75.75,1998,1779.7191347330809
11.75,75.75,1999,1973.386082790792
11.75,75.75,2000,2153.4158807992935
11.75,75.75,2001,1681.8145615383983
11.75,75.75,2002,1520.6100499033928
11.75,75.75,2003,1379.1235290020704
11.75,75.75,2004,1761.3628991395235
11.75,75.75,2005,1156.8081063181162
11.75,75.75,2006,2266.926700115204
11.75,75.75,2007,2338.956779897213
11.75,75.75,2008,1771.086073577404
11.75,75.75,2009,2116.7233568131924
11.75,75.75,2010,1411.185032337904
11.75,75.75,2011,2801.2550062537193
11.75,75.75,2012,2025.385113865137
11.75,75.75,2013,2621.917906396091
11.75,75.75,2014,2272.408943839371
11.75,75.75,2015,1602.1546406969428
11.75,75.75,2016,1220.1281476914883
11.75,75.75,2017,1711.8425015211105
11.75,75.75,2018,3186.6957483291626
11.75,75.75,2019,2343.781220778823
11.75,75.75,2020,2134.30786152184
11.75,75.75,2021,1787.3016575872898
11.75,75.75,2022,2238.582031533122
11.75,75.75,2023,1387.8928599376231
11.75,76.0,1901,2605.608881920576
11.75,76.0,1902,2449.4492137134075
11.75,76.0,1903,2677.576737642288
11.75,76.0,1904,2831.2026217877865
11.75,76.0,1905,2035.5904047191143
11.75,76.0,1906,2206.40611153841
11.75,76.0,1907,3205.8608735203743
11.75,76.0,1908,2096.6276344656944
11.75,76.0,1909,2207.2983477711678
11.75,76.0,1910,2314.5705905258656
11.75,76.0,1911,2540.9715535342693
11.75,76.0,1912,2954.9597446620464
11.75,76.0,1913,2091.3527448922396
11.75,76.0,1914,2269.169406592846
11.75,76.0,1915,2424.996037006378
11.75,76.0,1916,2405.098135918379
11.75,76.0,1917,1745.3478935062885
11.75,76.0,1918,1110.4041013866663
11.75,76.0,1919,2234.691837489605
11.75,76.0,1920,2621.5386058688164
11.75,76.0,1921,2658.428458929062
11.75,76.0,1922,2427.019530981779
11.75,76.0,1923,3921.36013764143
11.75,76.0,1924,4255.057409644127
11.75,76.0,1925,2643.3349768072367
11.75,76.0,1926,2743.9387753009796
11.75,76.0,1927,2718.432986050844
11.75,76.0,1928,1848.4860165715218
11.75,76.0,1929,2724.2773504555225
11.75,76.0,1930,1913.2960416078568
11.75,76.0,1931,2814.9548407197
11.75,76.0,1932,2358.7522720992565
11.75,76.0,1933,3143.374831214547
11.75,76.0,1934,2132.450027242303
11.75,76.0,1935,2043.9721819013357
11.75,76.0,1936,2407.1837547421455
11.75,76.0,1937,1763.259282797575
11.75,76.0,1938,2115.0974074602127
11.75,76.0,1939,2113.650991886854
11.75,76.0,1940,2593.4545836150646
11.75,76.0,1941,2528.969010874629
11.75,76.0,1942,2598.336972504854
11.75,76.0,1943,2280.05222299695
11.75,76.0,1944,1903.2337930202484
11.75,76.0,1945,2241.953650996089
11.75,76.0,1946,3231.9458202272654
11.75,76.0,1947,2555.9789420366287
11.75,76.0,1948,2591.4901039749384
11.75,76.0,1949,2569.8566251695156
11.75,76.0,1950,2693.6735627502203
11.75,76.0,1951,2077.2901926487684
11.75,76.0,1952,832.8736821115017
11.75,76.0,1953,1391.8520056158304
11.75,76.0,1954,1284.5744251385331
11.75,76.0,1955,995.2594139277935
11.75,76.0,1956,1145.82056619972
11.75,76.0,1957,1001.8168925717473
11.75,76.0,1958,1153.048337124288
11.75,76.0,1959,2236.9571220874786
11.75,76.0,1960,1260.4315415471792
11.75,76.0,1961,1859.1628975272179
11.75,76.0,1962,2291.224550575018
11.75,76.0,1963,917.294289894402
11.75,76.0,1964,1303.8919832333922
11.75,76.0,1965,1040.028656952083
11.75,76.0,1966,956.584672421217
11.75,76.0,1967,875.5343268290162
11.75,76.0,1968,1258.1893860399723
11.75,76.0,1969,985.053475573659
11.75,76.0,1970,773.6391017884016
11.75,76.0,1971,913.8789045214653
11.75,76.0,1972,855.2316019684076
11.75,76.0,1973,979.6983721852303
11.75,76.0,1974,1120.0830259397626
11.75,76.0,1975,1289.9739291965961
11.75,76.0,1976,914.6729430258274
11.75,76.0,1977,1532.1404412463307
11.75,76.0,1978,1225.6919153779745
11.75,76.0,1979,1298.4971999377012
11.75,76.0,1980,1250.8696247935295
11.75,76.0,1981,1197.8259663060308
11.75,76.0,1982,1420.7011751532555
11.75,76.0,1983,1194.165738850832
11.75,76.0,1984,1206.9007881730795
11.75,76.0,1985,890.5910358130932
11.75,76.0,1986,899.7611392438412
11.75,76.0,1987,551.1383695453405
11.75,76.0,1988,617.79944267869
11.75,76.0,1989,848.9799504131079
11.75,76.0,1990,688.1472198963165
11.75,76.0,1991,1180.6394536942244
11.75,76.0,1992,1277.7337466925383
11.75,76.0,1993,820.233709782362
11.75,76.0,1994,1213.0408824384212
11.75,76.0,1995,914.778638496995
11.75,76.0,1996,987.1999056041241
11.75,76.0,1997,2372.653465643525
11.75,76.0,1998,999.577255949378
11.75,76.0,1999,1216.6312178373337
11.75,76.0,2000,1304.95513831079
11.75,76.0,2001,958.6265395656228
11.75,76.0,2002,855.5715808719397
11.75,76.0,2003,802.6029505729675
11.75,76.0,2004,1781.153561770916
11.75,76.0,2005,750.6312092840672
11.75,76.0,2006,1057.204960078001
11.75,76.0,2007,1223.5398671925068
11.75,76.0,2008,812.9276388138533
11.75,76.0,2009,1195.9887115359306
11.75,76.0,2010,1300.9849695563316
11.75,76.0,2011,2268.146783232689
11.75,76.0,2012,1709.7353707551956
11.75,76.0,2013,1449.5165607482195
11.75,76.0,2014,1361.8536358624697
11.75,76.0,2015,1143.997436389327
11.75,76.0,2016,808.244003161788
11.75,76.0,2017,1281.5499992370605
11.75,76.0,2018,1971.8856608271599
11.75,76.0,2019,1813.9980520308018
11.75,76.0,2020,1433.0208502858877
11.75,76.0,2021,1006.646337211132
11.75,76.0,2022,1792.3535575270653
11.75,76.0,2023,1057.1258772462606
11.75,76.25,1901,1560.700563043356
11.75,76.25,1902,1482.305226571858
11.75,76.25,1903,1881.116313405335
11.75,76.25,1904,1571.4350380152464
11.75,76.25,1905,1344.071419596672
11.75,76.25,1906,1482.9590204805136
11.75,76.25,1907,1642.57035779953
11.75,76.25,1908,1096.379484191537
11.75,76.25,1909,1251.4569472000003
11.75,76.25,1910,1467.55245269835
11.75,76.25,1911,1506.857798755169
11.75,76.25,1912,1375.8489178419113
11.75,76.25,1913,1295.9471832886338
11.75,76.25,1914,1539.5749662071466
11.75,76.25,1915,1438.5525951236486
11.75,76.25,1916,1433.4756030738354
11.75,76.25,1917,1259.9737088680267
11.75,76.25,1918,532.8189649954438
11.75,76.25,1919,1303.6612705886364
11.75,76.25,1920,1566.8345224559307
11.75,76.25,1921,1841.8635448217392
11.75,76.25,1922,1133.2596692740917
11.75,76.25,1923,2010.6212231367826
11.75,76.25,1924,2329.946267515421
11.75,76.25,1925,1133.1505141705275
11.75,76.25,1926,1432.5325649827719
11.75,76.25,1927,1488.0459115207195
11.75,76.25,1928,1133.4173212647438
11.75,76.25,1929,1401.4726751297712
11.75,76.25,1930,1229.803317092359
11.75,76.25,1931,1411.9214918911457
11.75,76.25,1932,1147.654701307416
11.75,76.25,1933,1685.3888065591455
11.75,76.25,1934,1163.6451350674033
11.75,76.25,1935,1206.646242648363
11.75,76.25,1936,1308.6360974311829
11.75,76.25,1937,1055.8602083697915
11.75,76.25,1938,984.5561063587666
11.75,76.25,1939,1318.5215980634093
11.75,76.25,1940,1645.576167114079
11.75,76.25,1941,1615.543826714158
11.75,76.25,1942,1518.1411922723055
11.75,76.25,1943,1326.6774576082826
11.75,76.25,1944,932.5345034003258
11.75,76.25,1945,1127.747598528862
11.75,76.25,1946,1802.99239346385
11.75,76.25,1947,1210.8959510922432
11.75,76.25,1948,1490.8463661968708
11.75,76.25,1949,1143.5986340641975
11.75,76.25,1950,1367.6182818859816
11.75,76.25,1951,1161.3166435956955
11.75,76.25,1952,358.5689067542553
11.75,76.25,1953,756.8559487015009
11.75,76.25,1954,543.1298644393682
11.75,76.25,1955,300.7756574600935
11.75,76.25,1956,477.7822837382555
11.75,76.25,1957,384.1092659085989
11.75,76.25,1958,642.815654873848
11.75,76.25,1959,779.598442286253
11.75,76.25,1960,385.28319688141346
11.75,76.25,1961,782.3028716444969
11.75,76.25,1962,1923.687056005001
11.75,76.25,1963,454.9661595225334
11.75,76.25,1964,682.3576205670834
11.75,76.25,1965,405.69435692578554
11.75,76.25,1966,737.8035005256534
11.75,76.25,1967,717.857221364975
11.75,76.25,1968,666.0509121716022
11.75,76.25,1969,492.1881349161267
11.75,76.25,1970,494.6515831053257
11.75,76.25,1971,867.8277269005775
11.75,76.25,1972,378.25007016956806
11.75,76.25,1973,816.055239289999
11.75,76.25,1974,462.86831348389387
11.75,76.25,1975,1354.9992986619473
11.75,76.25,1976,733.9077931195498
11.75,76.25,1977,688.1733933836222
11.75,76.25,1978,748.6037293821573
11.75,76.25,1979,666.2541316449642
11.75,76.25,1980,769.8106302395463
11.75,76.25,1981,795.2531975060701
11.75,76.25,1982,812.1092672720551
11.75,76.25,1983,863.1369729489088
11.75,76.25,1984,649.0885544270277
11.75,76.25,1985,564.1448895484209
11.75,76.25,1986,675.213792450726
11.75,76.25,1987,383.55754974484444
11.75,76.25,1988,608.32317622751
11.75,76.25,1989,790.3701547384262
11.75,76.25,1990,340.4751641154289
11.75,76.25,1991,716.9269258230925
11.75,76.25,1992,648.5534503012896
11.75,76.25,1993,330.46484772861004
11.75,76.25,1994,555.1063314303756
11.75,76.25,1995,338.59703478962183
11.75,76.25,1996,418.0781414806843
11.75,76.25,1997,1469.0298243910074
11.75,76.25,1998,478.12085139751434
11.75,76.25,1999,288.1017154455185
11.75,76.25,2000,772.971889719367
11.75,76.25,2001,271.2723943516612
11.75,76.25,2002,145.35548532754183
11.75,76.25,2003,142.73987362533808
11.75,76.25,2004,212.85667112469673
11.75,76.25,2005,346.02377785742283
11.75,76.25,2006,274.9082826450467
11.75,76.25,2007,799.27822047472
11.75,76.25,2008,254.18859311938286
11.75,76.25,2009,428.51576679199934
11.75,76.25,2010,910.4229907393456
11.75,76.25,2011,742.4084305167198
11.75,76.25,2012,971.4261227250099
11.75,76.25,2013,476.44881328195333
11.75,76.25,2014,423.3024028390646
11.75,76.25,2015,406.02938671410084
11.75,76.25,2016,675.8534289598465
11.75,76.25,2017,996.2758090496063
11.75,76.25,2018,1659.7186939418316
11.75,76.25,2019,1425.3339354917407
11.75,76.25,2020,1168.0108963400126
11.75,76.25,2021,839.1230250447989
11.75,76.25,2022,1353.4657421708107
11.75,76.25,2023,706.7754306346178
12.0,75.5,1901,2692.737124837935
12.0,75.5,1902,3193.868606120348
12.0,75.5,1903,2940.1096168234944
12.0,75.5,1904,2919.7932406514883
12.0,75.5,1905,2662.1542138159275
12.0,75.5,1906,2629.174796462059
12.0,75.5,1907,3522.8946423381567
12.0,75.5,1908,3143.851237475872
12.0,75.5,1909,3172.039308041334
12.0,75.5,1910,2889.5844096690416
12.0,75.5,1911,3128.977099299431
12.0,75.5,1912,3483.511693954468
12.0,75.5,1913,2321.5634176433086
12.0,75.5,1914,3099.693708717823
12.0,75.5,1915,2615.868284754455
12.0,75.5,1916,3107.602592661977
12.0,75.5,1917,2412.0882864892483
12.0,75.5,1918,1659.765430957079
12.0,75.5,1919,2485.7718284726143
12.0,75.5,1920,3347.620714440942
12.0,75.5,1921,3001.7726650089025
12.0,75.5,1922,3405.5059494823217
12.0,75.5,1923,4438.294286452234
12.0,75.5,1924,4305.553283944726
12.0,75.5,1925,3553.486013457179
12.0,75.5,1926,2996.415442764759
12.0,75.5,1927,2882.908916980028
12.0,75.5,1928,2345.9194924384356
12.0,75.5,1929,3257.703765720129
12.0,75.5,1930,2557.9504836648703
12.0,75.5,1931,3622.680502280593
12.0,75.5,1932,2623.3582858890295
12.0,75.5,1933,4054.785694256425
12.0,75.5,1934,2877.258352071047
12.0,75.5,1935,2843.5184765458107
12.0,75.5,1936,3048.7830388322473
12.0,75.5,1937,2883.045822799206
12.0,75.5,1938,3016.6565313339233
12.0,75.5,1939,2992.0426697283983
12.0,75.5,1940,3677.6423481330276
12.0,75.5,1941,3164.21656242013
12.0,75.5,1942,3711.5851379558444
12.0,75.5,1943,3286.536140471697
12.0,75.5,1944,2607.2740836441517
12.0,75.5,1945,3168.5366927981377
12.0,75.5,1946,3946.5984798669815
12.0,75.5,1947,3305.65641361475
12.0,75.5,1948,3392.8428175076842
12.0,75.5,1949,3503.143685311079
12.0,75.5,1950,4366.6072086542845
12.0,75.5,1951,2550.286220751703
12.0,75.5,1952,2664.9242212474346
12.0,75.5,1953,3081.1982649490237
12.0,75.5,1954,3890.593059055507
12.0,75.5,1955,2521.8469775617123
12.0,75.5,1956,3272.379311427474
12.0,75.5,1957,3215.2079791501164
12.0,75.5,1958,3299.0262758135796
12.0,75.5,1959,4686.159599483013
12.0,75.5,1960,2688.07595166564
12.0,75.5,1961,5152.03034311533
12.0,75.5,1962,2265.883799314499
12.0,75.5,1963,2812.9872558265924
12.0,75.5,1964,3074.290266364813
12.0,75.5,1965,2700.973942756653
12.0,75.5,1966,2149.9106100946665
12.0,75.5,1967,2828.857597619295
12.0,75.5,1968,4875.128309071064
12.0,75.5,1969,1704.680437862873
12.0,75.5,1970,1812.4323673769832
12.0,75.5,1971,3354.9655346870422
12.0,75.5,1972,2609.012328609824
12.0,75.5,1973,3414.254498720169
12.0,75.5,1974,1846.6170038282871
12.0,75.5,1975,3940.801556274295
12.0,75.5,1976,3386.8779526501894
12.0,75.5,1977,3995.3354229927063
12.0,75.5,1978,3712.6072183549404
12.0,75.5,1979,3714.5358316600323
12.0,75.5,1980,4018.958149448037
12.0,75.5,1981,4973.231918305159
12.0,75.5,1982,2782.3351939171553
12.0,75.5,1983,3705.6478289961815
12.0,75.5,1984,3816.280073285103
12.0,75.5,1985,2883.0466727614403
12.0,75.5,1986,2733.196604460478
12.0,75.5,1987,1918.138683795929
12.0,75.5,1988,3335.6244382858276
12.0,75.5,1989,3340.584028482437
12.0,75.5,1990,2713.857925325632
12.0,75.5,1991,3368.209661617875
12.0,75.5,1992,3663.480370849371
12.0,75.5,1993,2396.2734489515424
12.0,75.5,1994,3170.0694876611233
12.0,75.5,1995,2184.9931317567825
12.0,75.5,1996,2419.1156935617328
12.0,75.5,1997,3077.357772476971
12.0,75.5,1998,2777.2257546931505
12.0,75.5,1999,1921.3524659350514
12.0,75.5,2000,2209.7140824198723
12.0,75.5,2001,2409.5931400060654
12.0,75.5,2002,2247.1352989524603
12.0,75.5,2003,2280.744795098901
12.0,75.5,2004,2080.1407001316547
12.0,75.5,2005,4646.358261793852
12.0,75.5,2006,2681.5693567842245
12.0,75.5,2007,3276.8424268364906
12.0,75.5,2008,2173.0716886147857
12.0,75.5,2009,2810.001653239131
12.0,75.5,2010,2288.880966037512
12.0,75.5,2011,2969.3324502706528
12.0,75.5,2012,2290.576324790716
12.0,75.5,2013,3616.8354860395193
12.0,75.5,2014,3149.812520645559
12.0,75.5,2015,2135.5995828062296
12.0,75.5,2016,1870.7285891622305
12.0,75.5,2017,2262.3161505013704
12.0,75.5,2018,3050.9572526216507
12.0,75.5,2019,3254.7989614009857
12.0,75.5,2020,3094.303731843829
12.0,75.5,2021,2161.4320055395365
12.0,75.5,2022,2392.8667694181204
12.0,75.5,2023,2058.0877987518907
12.0,75.75,1901,1140.2774677202106
12.0,75.75,1902,913.8027296364307
12.0,75.75,1903,1012.0950158163905
12.0,75.75,1904,660.4529713988304
12.0,75.75,1905,593.6821996867657
12.0,75.75,1906,793.8989515304565
12.0,75.75,1907,966.0324592739344
12.0,75.75,1908,743.7304268553853
12.0,75.75,1909,942.2648615539074
12.0,75.75,1910,906.9001659750938
12.0,75.75,1911,905.566544726491
12.0,75.75,1912,1068.1832783669233
12.0,75.75,1913,866.628300152719
12.0,75.75,1914,848.685000449419
12.0,75.75,1915,1053.5948014482856
12.0,75.75,1916,1019.2605491280556
12.0,75.75,1917,715.6983807086945
12.0,75.75,1918,478.96155413240194
12.0,75.75,1919,950.0790543407202
12.0,75.75,1920,941.4188979715109
12.0,75.75,1921,1031.4312836453319
12.0,75.75,1922,659.2062201350927
12.0,75.75,1923,1419.5312006175518
12.0,75.75,1924,1632.2883460894227
12.0,75.75,1925,887.4866067767143
12.0,75.75,1926,1130.5188739150763
12.0,75.75,1927,865.3702867329121
12.0,75.75,1928,639.0756411775947
12.0,75.75,1929,803.3997483551502
12.0,75.75,1930,621.4349839836359
12.0,75.75,1931,1132.066660836339
12.0,75.75,1932,905.001953586936
12.0,75.75,1933,2165.8159655332565
12.0,75.75,1934,1460.2808307036757
12.0,75.75,1935,1635.8347158133984
12.0,75.75,1936,1791.401450842619
12.0,75.75,1937,1365.9868370816112
12.0,75.75,1938,1399.1650289148092
12.0,75.75,1939,1704.3254748880863
12.0,75.75,1940,1758.8131689354777
12.0,75.75,1941,1860.5711772441864
12.0,75.75,1942,1669.6852604299784
12.0,75.75,1943,1488.5969191640615
12.0,75.75,1944,1471.5327645540237
12.0,75.75,1945,1388.969580873847
12.0,75.75,1946,2185.2959469407797
12.0,75.75,1947,1480.1331805437803
12.0,75.75,1948,1800.2458498477936
12.0,75.75,1949,1396.4185322076082
12.0,75.75,1950,1840.1981057077646
12.0,75.75,1951,1373.3478226959705
12.0,75.75,1952,1260.3980021476746
12.0,75.75,1953,1993.0052638724446
12.0,75.75,1954,1711.0378737300634
12.0,75.75,1955,1209.7022222727537
12.0,75.75,1956,1876.9554872214794
12.0,75.75,1957,1516.6817695200443
12.0,75.75,1958,1998.3682172298431
12.0,75.75,1959,2533.5690619647503
12.0,75.75,1960,1391.7123915553093
12.0,75.75,1961,2595.0366163402796
12.0,75.75,1962,656.4196956753731
12.0,75.75,1963,1450.4780002385378
12.0,75.75,1964,1972.0193377882242
12.0,75.75,1965,1357.3081208914518
12.0,75.75,1966,1376.6152496039867
12.0,75.75,1967,1605.5450950562954
12.0,75.75,1968,1073.0333284586668
12.0,75.75,1969,1658.9749648869038
12.0,75.75,1970,1347.882367298007
12.0,75.75,1971,1430.0218324363232
12.0,75.75,1972,2209.6610783413053
12.0,75.75,1973,1886.4469705820084
12.0,75.75,1974,1923.9641794860363
12.0,75.75,1975,2216.5227795541286
12.0,75.75,1976,1296.7143986672163
12.0,75.75,1977,1673.413995578885
12.0,75.75,1978,2720.665426492691
12.0,75.75,1979,1728.5407244861126
12.0,75.75,1980,1944.071098946035
12.0,75.75,1981,1923.2660265266895
12.0,75.75,1982,685.205187946558
12.0,75.75,1983,2150.3816467523575
12.0,75.75,1984,2518.6617032289505
12.0,75.75,1985,1734.8718418926
12.0,75.75,1986,1838.1697707995772
12.0,75.75,1987,1186.26025724411
12.0,75.75,1988,1809.0288643836975
12.0,75.75,1989,1877.2528427019715
12.0,75.75,1990,1646.9139254316688
12.0,75.75,1991,2250.4188796281815
12.0,75.75,1992,2670.1287667155266
12.0,75.75,1993,1820.7918309420347
12.0,75.75,1994,2492.754583723843
12.0,75.75,1995,1512.2459758967161
12.0,75.75,1996,1511.4190483093262
12.0,75.75,1997,1772.425572834909
12.0,75.75,1998,1618.492550484836
12.0,75.75,1999,1445.6268984749913
12.0,75.75,2000,1421.0907539129257
12.0,75.75,2001,1022.3456629514694
12.0,75.75,2002,916.888649776578
12.0,75.75,2003,891.8891873955727
12.0,75.75,2004,844.5193977802992
12.0,75.75,2005,2028.2059458345175
12.0,75.75,2006,2324.6423058733344
12.0,75.75,2007,1048.2038530260324
12.0,75.75,2008,1985.0177182257175
12.0,75.75,2009,2053.7627626806498
12.0,75.75,2010,1015.7846358418465
12.0,75.75,2011,2886.5712516903877
12.0,75.75,2012,2223.316260188818
12.0,75.75,2013,1294.5293618738651
12.0,75.75,2014,1277.645711183548
12.0,75.75,2015,951.7109223976731
12.0,75.75,2016,740.2414944171906
12.0,75.75,2017,1171.7610220760107
12.0,75.75,2018,1702.3025978207588
12.0,75.75,2019,1821.8599964603782
12.0,75.75,2020,1559.3598697781563
12.0,75.75,2021,1462.9377426356077
12.0,75.75,2022,1731.138196915388
12.0,75.75,2023,1085.5613105595112
12.25,75.25,1901,2606.418881729245
12.25,75.25,1902,3359.950732767582
12.25,75.25,1903,2918.5898629128933
12.25,75.25,1904,2670.9413296431303
12.25,75.25,1905,2581.8394154906273
12.25,75.25,1906,2693.3352753147483
12.25,75.25,1907,4219.739428222179
12.25,75.25,1908,4090.265124708414
12.25,75.25,1909,3938.2800105810165
12.25,75.25,1910,3923.6446201503277
12.25,75.25,1911,3476.556239426136
12.25,75.25,1912,4695.3677579164505
12.25,75.25,1913,3480.187827169895
12.25,75.25,1914,4088.509294062853
12.25,75.25,1915,3332.856199711561
12.25,75.25,1916,3921.0123783946037
12.25,75.25,1917,3379.9881834238768
12.25,75.25,1918,2588.7391731888056
12.25,75.25,1919,3974.1039040088654
12.25,75.25,1920,5905.878834784031
12.25,75.25,1921,4657.040902674198
12.25,75.25,1922,3920.1637553572655
12.25,75.25,1923,4902.775699570775
12.25,75.25,1924,6382.077904671431
12.25,75.25,1925,3943.5663788467646
12.25,75.25,1926,4360.7623966783285
12.25,75.25,1927,4195.777150049806
12.25,75.25,1928,3137.4732961654663
12.25,75.25,1929,4105.052078604698
12.25,75.25,1930,3067.427257731557
12.25,75.25,1931,4763.426541805267
12.25,75.25,1932,3809.8512130975723
12.25,75.25,1933,5323.66304127872
12.25,75.25,1934,4115.646511882544
12.25,75.25,1935,4061.56607234478
12.25,75.25,1936,4222.348518133163
12.25,75.25,1937,4384.650340870023
12.25,75.25,1938,4548.8465175926685
12.25,75.25,1939,3728.5314228236675
12.25,75.25,1940,4717.92524844408
12.25,75.25,1941,4166.533631801605
12.25,75.25,1942,4880.236053019762
12.25,75.25,1943,4610.3146696686745
12.25,75.25,1944,3363.826802417636
12.25,75.25,1945,4098.21808475256
12.25,75.25,1946,5393.342837005854
12.25,75.25,1947,4541.633745312691
12.25,75.25,1948,4307.414637491107
12.25,75.25,1949,4045.3182488679886
12.25,75.25,1950,4958.48126386106
12.25,75.25,1951,3164.9936704933643
12.25,75.25,1952,2999.055184751749
12.25,75.25,1953,3874.063803642988
12.25,75.25,1954,4344.012019902468
12.25,75.25,1955,3319.144634306431
12.25,75.25,1956,4037.424250215292
12.25,75.25,1957,4179.18579402566
12.25,75.25,1958,4183.916357144713
12.25,75.25,1959,5155.778476178646
12.25,75.25,1960,3919.767652243376
12.25,75.25,1961,6164.470471084118
12.25,75.25,1962,1744.456012763083
12.25,75.25,1963,3502.037788450718
12.25,75.25,1964,3792.3040997982025
12.25,75.25,1965,3264.6929178982973
12.25,75.25,1966,2425.097989141941
12.25,75.25,1967,4224.019348978996
12.25,75.25,1968,4706.628591358662
12.25,75.25,1969,4008.004626184702
12.25,75.25,1970,3932.8293693065643
12.25,75.25,1971,4136.749547459185
12.25,75.25,1972,3400.587803065777
12.25,75.25,1973,2932.1149698644876
12.25,75.25,1974,3265.372739315033
12.25,75.25,1975,4363.226708889008
12.25,75.25,1976,2887.396790832281
12.25,75.25,1977,3551.393540263176
12.25,75.25,1978,5098.497013673186
12.25,75.25,1979,4222.905372977257
12.25,75.25,1980,4590.4947990477085
12.25,75.25,1981,5879.942215770483
12.25,75.25,1982,4477.932097434998
12.25,75.25,1983,4855.077731698751
12.25,75.25,1984,5054.348852097988
12.25,75.25,1985,4246.012814462185
12.25,75.25,1986,4349.192073389888
12.25,75.25,1987,2909.1501854732633
12.25,75.25,1988,4354.849397420883
12.25,75.25,1989,4096.949733003974
12.25,75.25,1990,4340.7300516068935
12.25,75.25,1991,5544.081161826849
12.25,75.25,1992,5185.161035835743
12.25,75.25,1993,3821.652937859297
12.25,75.25,1994,5378.30839087069
12.25,75.25,1995,4886.419613003731
12.25,75.25,1996,4280.838913798332
12.25,75.25,1997,5253.009385585785
12.25,75.25,1998,4802.850119709969
12.25,75.25,1999,4492.919296741486
12.25,75.25,2000,3685.867441058159
12.25,75.25,2001,2919.9009959101677
12.25,75.25,2002,2873.06169962883
12.25,75.25,2003,3428.086428821087
12.25,75.25,2004,2869.4383959174156
12.25,75.25,2005,5787.732124209404
12.25,75.25,2006,4653.288918286562
12.25,75.25,2007,4046.6105248332024
12.25,75.25,2008,4522.9010078161955
12.25,75.25,2009,4741.835530117154
12.25,75.25,2010,3324.417193353176
12.25,75.25,2011,3025.7955045700073
12.25,75.25,2012,2360.2043041586876
12.25,75.25,2013,4290.014539688826
12.25,75.25,2014,3672.8148335814476
12.25,75.25,2015,2869.802589982748
12.25,75.25,2016,2589.608246728778
12.25,75.25,2017,2957.4891300052404
12.25,75.25,2018,4211.14610850811
12.25,75.25,2019,3969.561652034521
12.25,75.25,2020,4053.9828011393547
12.25,75.25,2021,2890.1989643126726
12.25,75.25,2022,3850.396052725613
12.25,75.25,2023,2503.539725393057
12.5,75.0,1901,2615.6817427128553
12.5,75.0,1902,3672.8113807439804
12.5,75.0,1903,2966.7303589582443
12.5,75.0,1904,2593.2702443301678
12.5,75.0,1905,2702.830613464117
12.5,75.0,1906,2805.8132240623236
12.5,75.0,1907,3190.4307590946555
12.5,75.0,1908,3483.438705831766
12.5,75.0,1909,2868.329424932599
12.5,75.0,1910,2798.257768690586
12.5,75.0,1911,2299.9951545000076
12.5,75.0,1912,3710.4849457144737
12.5,75.0,1913,2306.104398794472
12.5,75.0,1914,3116.6012882888317
12.5,75.0,1915,2275.166096895933
12.5,75.0,1916,2770.2630861997604
12.5,75.0,1917,3035.792234569788
12.5,75.0,1918,1595.7065105736256
12.5,75.0,1919,2938.7976591438055
12.5,75.0,1920,3357.389676645398
12.5,75.0,1921,3361.5103526562452
12.5,75.0,1922,3176.5669915378094
12.5,75.0,1923,3384.2035318166018
12.5,75.0,1924,3531.22262635082
12.5,75.0,1925,3119.214802235365
12.5,75.0,1926,2745.028613358736
12.5,75.0,1927,3257.278713390231
12.5,75.0,1928,2456.1977345198393
12.5,75.0,1929,3302.579498976469
12.5,75.0,1930,2484.1247810795903
12.5,75.0,1931,3192.301986515522
12.5,75.0,1932,2281.7686140835285
12.5,75.0,1933,3543.3685024380684
12.5,75.0,1934,2802.965597987175
12.5,75.0,1935,3138.8028107583523
12.5,75.0,1936,3151.397671878338
12.5,75.0,1937,3554.18086142838
12.5,75.0,1938,3144.2150681316853
12.5,75.0,1939,2619.4154908955097
12.5,75.0,1940,3404.9861786216497
12.5,75.0,1941,2392.696742102504
12.5,75.0,1942,3147.501687183976
12.5,75.0,1943,2946.564931511879
12.5,75.0,1944,2254.571325317025
12.5,75.0,1945,2732.025936484337
12.5,75.0,1946,3509.7598741054535
12.5,75.0,1947,3213.8053069263697
12.5,75.0,1948,2956.5045716166496
12.5,75.0,1949,3262.7304613292217
12.5,75.0,1950,3402.7920707166195
12.5,75.0,1951,2506.0568152815104
12.5,75.0,1952,2544.9548406153917
12.5,75.0,1953,2457.4863744974136
12.5,75.0,1954,3711.838214710355
12.5,75.0,1955,3090.4408996999264
12.5,75.0,1956,2742.9029934704304
12.5,75.0,1957,3008.242527887225
12.5,75.0,1958,2948.9928867965937
12.5,75.0,1959,4361.0531342327595
12.5,75.0,1960,3073.05836366117
12.5,75.0,1961,5047.468347385526
12.5,75.0,1962,1885.501726604998
12.5,75.0,1963,3020.0379563570023
12.5,75.0,1964,2734.6151460707188
12.5,75.0,1965,3086.9975769221783
12.5,75.0,1966,2816.120333135128
12.5,75.0,1967,3525.241266027093
12.5,75.0,1968,4010.441593363881
12.5,75.0,1969,2680.084743708372
12.5,75.0,1970,3812.525911897421
12.5,75.0,1971,2937.4218283593655
12.5,75.0,1972,2656.315330274403
12.5,75.0,1973,3285.5379332900047
12.5,75.0,1974,3441.6395397409797
12.5,75.0,1975,4032.668310120702
12.5,75.0,1976,2522.5881204605103
12.5,75.0,1977,3120.1633367985487
12.5,75.0,1978,3871.581652611494
12.5,75.0,1979,3121.100868791342
12.5,75.0,1980,3440.8261622190475
12.5,75.0,1981,3469.8147743344307
12.5,75.0,1982,3585.3209313452244
12.5,75.0,1983,3019.420021727681
12.5,75.0,1984,3018.3674844652414
12.5,75.0,1985,2904.119900047779
12.5,75.0,1986,3140.9009896814823
12.5,75.0,1987,2153.0190338417888
12.5,75.0,1988,2892.498018145561
12.5,75.0,1989,2751.759787335992
12.5,75.0,1990,3289.839914098382
12.5,75.0,1991,2842.3007228672504
12.5,75.0,1992,2929.6783432662487
12.5,75.0,1993,2430.6973719745874
12.5,75.0,1994,4248.953071534634
12.5,75.0,1995,3199.9017865508795
12.5,75.0,1996,3204.4892190098763
12.5,75.0,1997,3786.298278838396
12.5,75.0,1998,3511.1142836660147
12.5,75.0,1999,2464.788043141365
12.5,75.0,2000,2298.133458301425
12.5,75.0,2001,2645.9743910878897
12.5,75.0,2002,1831.6435080319643
12.5,75.0,2003,2382.9022631645203
12.5,75.0,2004,1969.5004996806383
12.5,75.0,2005,2882.4029808342457
12.5,75.0,2006,2838.8443164527416
12.5,75.0,2007,2960.3658665418625
12.5,75.0,2008,2752.280923232436
12.5,75.0,2009,2754.9633685946465
12.5,75.0,2010,3420.1682114601135
12.5,75.0,2011,3415.4447090625763
12.5,75.0,2012,2727.090846352279
12.5,75.0,2013,4124.054904669523
12.5,75.0,2014,3210.991895377636
12.5,75.0,2015,2414.805315196514
12.5,75.0,2016,2418.762708425522
12.5,75.0,2017,2597.6727189421654
12.5,75.0,2018,3260.220576748252
12.5,75.0,2019,3751.0066819787025
12.5,75.0,2020,3554.092316120863
12.5,75.0,2021,2810.321882456541
12.5,75.0,2022,3385.192305088043
12.5,75.0,2023,2619.1795280259103
12.5,75.25,1901,2975.2024036720395
12.5,75.25,1902,3108.4712611585855
12.5,75.25,1903,2895.019465982914
12.5,75.25,1904,2784.411915577948
12.5,75.25,1905,2449.920043937862
12.5,75.25,1906,2777.8261769860983
12.5,75.25,1907,4292.315563768148
12.5,75.25,1908,4476.221621096134
12.5,75.25,1909,4282.16426756978
12.5,75.25,1910,4277.510534375906
12.5,75.25,1911,3786.0271095633507
12.5,75.25,1912,4845.814975231886
12.5,75.25,1913,3777.4075307548046
12.5,75.25,1914,4331.8174078166485
12.5,75.25,1915,3501.22134077549
12.5,75.25,1916,4126.775255322456
12.5,75.25,1917,3545.5015030503273
12.5,75.25,1918,2927.8702989667654
12.5,75.25,1919,4246.100852906704
12.5,75.25,1920,6410.566413998604
12.5,75.25,1921,4885.161786660552
12.5,75.25,1922,4029.4844615012407
12.5,75.25,1923,5052.2468848228455
12.5,75.25,1924,6681.1579780727625
12.5,75.25,1925,4243.26586766541
12.5,75.25,1926,4511.671213537455
12.5,75.25,1927,4550.358791649342
12.5,75.25,1928,3309.265803709626
12.5,75.25,1929,4538.941761910915
12.5,75.25,1930,3347.675421535969
12.5,75.25,1931,5155.105429172516
12.5,75.25,1932,4053.2669448554516
12.5,75.25,1933,4895.158994704485
12.5,75.25,1934,3655.3284312337637
12.5,75.25,1935,3585.17055863142
12.5,75.25,1936,3971.016044855118
12.5,75.25,1937,3851.0624177008867
12.5,75.25,1938,4124.619841396809
12.5,75.25,1939,3276.7434054017067
12.5,75.25,1940,4300.265395909548
12.5,75.25,1941,3596.893143892288
12.5,75.25,1942,4624.088365197182
12.5,75.25,1943,4524.400401413441
12.5,75.25,1944,3215.3145805746317
12.5,75.25,1945,3667.590111851692
12.5,75.25,1946,5205.951733484864
12.5,75.25,1947,4381.821474939585
12.5,75.25,1948,4176.510322988033
12.5,75.25,1949,3591.5494740903378
12.5,75.25,1950,4522.292506277561
12.5,75.25,1951,3350.7050235271454
12.5,75.25,1952,3257.7599936425686
12.5,75.25,1953,4024.4373893737793
12.5,75.25,1954,4644.447722196579
12.5,75.25,1955,3394.857058942318
12.5,75.25,1956,4378.081007763743
12.5,75.25,1957,3980.774840205908
12.5,75.25,1958,4269.130894124508
12.5,75.25,1959,5551.142573058605
12.5,75.25,1960,4099.966161176562
12.5,75.25,1961,6105.346407517791
12.5,75.25,1962,1891.452860802412
12.5,75.25,1963,3332.273835003376
12.5,75.25,1964,3459.9407940506935
12.5,75.25,1965,3374.9008028805256
12.5,75.25,1966,2615.2875484079123
12.5,75.25,1967,4021.303062558174
12.5,75.25,1968,4719.96972900629
12.5,75.25,1969,4380.455942675471
12.5,75.25,1970,4269.099601313472
12.5,75.25,1971,4034.83222591877
12.5,75.25,1972,3357.425664871931
12.5,75.25,1973,3677.0877132862806
12.5,75.25,1974,3515.6973171830177
12.5,75.25,1975,5264.145297884941
12.5,75.25,1976,2931.191560536623
12.5,75.25,1977,3461.652013465762
12.5,75.25,1978,5186.6329495459795
12.5,75.25,1979,3703.8186912611127
12.5,75.25,1980,5007.893237799406
12.5,75.25,1981,4163.084377288818
12.5,75.25,1982,4164.002215757966
12.5,75.25,1983,3453.0819921791553
12.5,75.25,1984,4430.913752913475
12.5,75.25,1985,3787.263783633709
12.5,75.25,1986,3145.9056599140167
12.5,75.25,1987,1919.0809110030532
12.5,75.25,1988,2732.5083944797516
12.5,75.25,1989,3105.5094656199217
12.5,75.25,1990,3129.639025449753
12.5,75.25,1991,3636.3948238044977
12.5,75.25,1992,3341.4603592455387
12.5,75.25,1993,2452.8581440001726
12.5,75.25,1994,4127.696624159813
12.5,75.25,1995,3974.141719222069
12.5,75.25,1996,4010.5140538811684
12.5,75.25,1997,4656.8446334302425
12.5,75.25,1998,3693.657852292061
12.5,75.25,1999,3844.864609308541
12.5,75.25,2000,3542.7218766510487
12.5,75.25,2001,3774.61772672832
12.5,75.25,2002,2692.9732301831245
12.5,75.25,2003,3421.5049789845943
12.5,75.25,2004,2373.1071096360683
12.5,75.25,2005,3686.31470502913
12.5,75.25,2006,3106.453120023012
12.5,75.25,2007,3464.311039172113
12.5,75.25,2008,2677.6392131596804
12.5,75.25,2009,2947.497358456254
12.5,75.25,2010,3160.1897274926305
12.5,75.25,2011,3120.933814331889
12.5,75.25,2012,2451.4427025467157
12.5,75.25,2013,3931.7149721980095
12.5,75.25,2014,3434.481065541506
12.5,75.25,2015,2792.4497956186533
12.5,75.25,2016,2571.004175052047
12.5,75.25,2017,3024.0274939239025
12.5,75.25,2018,4406.173264294863
12.5,75.25,2019,3796.9659508764744
12.5,75.25,2020,3727.749827116728
12.5,75.25,2021,2912.9907077103853
12.5,75.25,2022,3893.996934942901
12.5,75.25,2023,2548.43617862463
